hostname,timezone,bank_country,mac_address,country
email-45.stoll.de,America/St_Kitts,DE,b6:e5:40:26:0c:4a,Niederländische Antillen
db-04.ebert.de,Europe/Zaporozhye,DE,21:15:e1:e3:ce:98,Amerikanisch-Samoa
email-10.carsten.net,Asia/Dushanbe,DE,af:c4:06:db:90:da,Österreich
srv-54.ernst.de,Africa/Libreville,DE,49:b9:81:8d:47:36,Isle of Man
db-08.gierschner.de,Africa/Mbabane,DE,4c:3f:3e:80:65:28,Weihnachtsinsel
srv-27.boerner.com,Asia/Bahrain,DE,d9:5f:96:ed:44:f9,Sri Lanka
srv-08.jungfer.org,Asia/Tashkent,DE,15:c3:03:a8:03:37,Bosnien und Herzegowina
db-94.killer.org,Europe/Budapest,DE,04:73:be:f3:e4:2f,Nepal
db-24.linke.com,America/Guayaquil,DE,f4:4b:23:b2:29:b4,St. Vincent und die Grenadinen
email-04.niemeier.de,Atlantic/Canary,DE,1f:f0:32:ac:ef:78,Mayotte
srv-96.geisler.de,Asia/Dhaka,DE,4e:07:c4:d9:42:11,Chile
laptop-10.hecker.com,America/Nassau,DE,3e:77:1d:80:cf:66,Spanien
desktop-67.hendriks.de,Asia/Kashgar,DE,0c:5e:67:df:66:07,Israel
email-78.moechlichen.org,Europe/Rome,DE,79:56:dd:a8:e8:1f,Sambia
web-79.gotthard.com,Africa/Ouagadougou,DE,4c:74:a7:7d:48:8a,Slowakei
email-90.trub.com,Indian/Maldives,DE,cc:8f:56:aa:4e:84,Französisch-Polynesien
desktop-59.adolph.com,Africa/Ndjamena,DE,78:f7:57:52:94:32,Sonderverwaltungszone Hongkong
srv-97.johann.net,Africa/Ouagadougou,DE,88:83:0e:8b:0b:9d,Pitcairn
web-42.ruppert.de,Pacific/Enderbury,DE,f3:08:9c:04:e3:6c,Senegal
email-32.klemt.com,Africa/Ndjamena,DE,ad:95:e3:89:f5:ee,Sonderverwaltungszone Hongkong
srv-20.franke.org,Europe/Monaco,DE,cb:81:e2:8f:54:88,Fidschi
web-52.radisch.de,Europe/Brussels,DE,22:cc:92:b8:27:b6,Niederländische Antillen
email-44.neuschaefer.com,America/Bogota,DE,14:04:44:5a:95:87,Kenia
email-02.dussen.com,Asia/Ulaanbaatar,DE,24:da:5d:bf:42:9c,Ruanda
desktop-76.rose.com,America/Port_of_Spain,DE,af:ea:2e:d4:79:e5,Australien
laptop-10.stolze.org,Europe/Bucharest,DE,ee:d3:34:c8:9d:a9,Israel
laptop-90.lindau.net,Europe/Helsinki,DE,d3:55:43:ea:9d:b3,St. Helena
db-79.meyer.org,Africa/Dar_es_Salaam,DE,e6:a2:86:0a:a2:1e,Irland
lt-68.soelzer.net,America/Antigua,DE,10:07:81:69:27:7f,Svalbard und Jan Mayen
db-55.hoerle.org,America/Costa_Rica,DE,7a:6f:31:29:98:2b,Eritrea
laptop-85.fischer.com,Africa/Cairo,DE,0c:91:32:4a:01:33,Amerikanisch-Samoa
email-55.hethur.org,Indian/Maldives,DE,d2:ff:e2:d5:04:e0,Fidschi
web-30.henk.de,America/Paramaribo,DE,52:5c:48:ad:3d:74,Algerien
laptop-85.zirme.com,Asia/Tehran,DE,e6:40:8e:cd:39:9a,Taiwan
srv-41.knappe.net,Pacific/Ponape,DE,25:ac:14:9e:75:fb,Tadschikistan
lt-34.gunpf.net,Europe/Budapest,DE,55:05:a6:30:04:f2,Vereinigte Staaten
db-24.liebelt.de,Pacific/Tongatapu,DE,65:bd:88:1a:42:b2,Kongo
email-78.klemm.de,Asia/Jakarta,DE,e5:23:fc:b2:02:29,Sambia
desktop-57.kade.net,America/Araguaina,DE,43:57:9d:a0:0a:55,Anguilla
srv-44.klapp.net,Asia/Muscat,DE,a1:0c:3e:37:3c:45,Südgeorgien und die Südlichen Sandwichinseln
lt-31.hoevel.net,Europe/London,DE,60:37:57:77:9f:54,Libanon
srv-55.bohlander.com,America/Bogota,DE,55:3b:a5:e5:75:8e,Indien
desktop-02.noack.com,Indian/Maldives,DE,e3:dc:52:6b:96:c1,Bangladesch
db-58.ritter.de,Africa/Bangui,DE,6d:7c:fd:67:e1:0d,Philippinen
laptop-01.eckbauer.net,Africa/Dar_es_Salaam,DE,e6:f2:af:64:9e:51,Anguilla
desktop-83.bien.com,America/Bogota,DE,63:8a:da:0e:67:43,Barbados
desktop-04.sager.de,America/Port_of_Spain,DE,63:83:84:56:9c:57,Gambia
laptop-79.van.de,America/Paramaribo,DE,3f:f2:9f:96:5d:dd,Kokosinseln
email-02.wiek.net,Africa/Conakry,DE,09:f3:bb:35:b4:8c,Oman
laptop-56.roemer.com,America/Managua,DE,24:3e:a0:13:3b:69,St. Vincent und die Grenadinen
laptop-62.beckmann.com,Atlantic/Canary,DE,72:b0:46:34:1e:32,Bangladesch
srv-78.foerster.de,Europe/Oslo,DE,f1:ed:2a:49:8f:b5,Vietnam
db-82.haase.com,Africa/Ouagadougou,DE,19:32:aa:25:19:ae,Burkina Faso
lt-93.roehricht.com,Asia/Kuwait,DE,db:b3:9a:b4:ac:fd,Brasilien
desktop-90.bauer.org,Asia/Baghdad,DE,c5:45:20:f1:c8:38,Usbekistan
lt-55.wohlgemut.com,Pacific/Efate,DE,24:83:74:be:d5:04,Estland
srv-40.karge.de,Europe/Ljubljana,DE,e6:83:c2:13:d2:65,Bouvetinsel
db-44.ritter.com,Africa/Asmera,DE,5b:09:91:15:8a:b3,Westsahara
email-27.hettner.de,Indian/Maldives,DE,99:3d:4c:1d:4d:c3,Côte d’Ivoire
email-71.ernst.de,Pacific/Kiritimati,DE,0a:34:24:54:19:4c,Haiti
laptop-45.ditschlerin.org,Europe/Andorra,DE,0f:de:8d:6b:c8:47,Kongo
srv-26.pruschke.net,Africa/Dar_es_Salaam,DE,3b:cc:06:39:2b:c8,Tschechische Republik
db-04.suessebier.de,Europe/London,DE,1e:33:93:07:57:67,Sonderverwaltungszone Hongkong
web-52.stey.com,Africa/Conakry,DE,91:40:3a:78:cd:fd,Finnland
desktop-62.mude.com,Europe/Warsaw,DE,a5:2d:bb:68:a3:80,Kroatien
email-32.fliegner.com,Pacific/Chatham,DE,4f:14:ed:9b:6a:04,Fidschi
lt-35.caspar.com,Europe/Berlin,DE,4b:55:b0:cc:43:3d,Irland
lt-07.pechel.net,Europe/Amsterdam,DE,61:a7:70:ac:79:76,Algerien
lt-09.schaefer.com,America/St_Kitts,DE,28:2f:47:78:3f:6d,Japan
email-72.vogt.com,America/Belize,DE,e4:82:e7:e5:ce:dd,Falklandinseln
web-21.herrmann.com,Atlantic/Reykjavik,DE,e6:1e:29:66:8b:f4,Republik Moldau
desktop-11.klotz.com,Africa/Bissau,DE,09:c4:8e:32:db:e1,Tansania
lt-08.dehmel.de,Pacific/Kiritimati,DE,22:58:5a:6a:31:bc,Kambodscha
desktop-69.geissler.net,Asia/Nicosia,DE,e4:8f:f3:7e:d0:a7,Deutschland
lt-39.meister.com,Asia/Tashkent,DE,05:b6:cd:1b:1e:85,Armenien
laptop-88.mans.net,Europe/Athens,DE,09:17:a5:65:ab:18,Litauen
web-09.wulff.com,America/Panama,DE,b5:ce:bf:69:c6:5d,Guadeloupe
desktop-82.fliegner.com,Asia/Katmandu,DE,be:07:77:8e:f1:57,Thailand
laptop-45.bohlander.com,America/Barbados,DE,a5:46:64:70:1f:b0,Lettland
srv-81.schacht.org,Europe/Ljubljana,DE,15:d0:f8:b8:63:80,Grenada
srv-61.siering.org,Europe/Oslo,DE,13:c1:ba:d0:07:74,Norfolkinsel
web-25.werner.org,Asia/Tehran,DE,a9:a5:4d:64:e4:68,Vereinigte Staaten
db-83.wagenknecht.net,Africa/Niamey,DE,70:78:6c:37:41:a2,Komoren
lt-17.biggen.de,Europe/Zaporozhye,DE,ef:a9:9f:7a:78:6c,Seychellen
lt-62.hande.de,Pacific/Guadalcanal,DE,79:e2:9c:63:de:64,Republik Moldau
web-96.jaekel.org,Europe/Helsinki,DE,2a:53:1e:92:e6:a2,Argentinien
laptop-03.mude.de,Asia/Riyadh,DE,04:01:22:e6:91:d5,Deutschland
email-41.holsten.com,America/Asuncion,DE,24:53:09:71:47:cb,Kamerun
web-50.zobel.com,America/Port_of_Spain,DE,0f:c0:8b:77:40:ca,Svalbard und Jan Mayen
web-69.wieloch.com,Africa/Accra,DE,06:22:c5:3e:a9:ab,Liechtenstein
laptop-04.mosemann.org,Europe/Podgorica,DE,3f:30:9c:85:cd:03,Island
email-55.ehlert.de,Africa/Nouakchott,DE,18:e1:9d:78:fd:08,Deutschland
db-25.mude.de,Europe/Stockholm,DE,03:05:cd:48:64:c2,Malta
laptop-58.schulz.de,Europe/Istanbul,DE,e2:37:30:ca:a4:4a,Venezuela
web-11.hande.com,Africa/Harare,DE,89:b3:13:03:10:ce,Aserbaidschan
db-73.stadelmann.com,America/St_Vincent,DE,e8:e2:88:9a:dd:33,Côte d’Ivoire
desktop-84.rogner.com,America/Asuncion,DE,1f:89:ff:d6:fc:47,Tschad
email-97.holzapfel.org,America/Guayaquil,DE,68:ce:c7:92:70:31,Honduras
laptop-73.junitz.de,Asia/Amman,DE,39:ef:f8:7d:e4:bb,Dominica
srv-77.moechlichen.de,Asia/Kuwait,DE,00:4c:be:69:2f:62,Island
email-05.kade.de,Africa/Maseru,DE,d4:06:3f:35:93:2d,Kambodscha
email-91.giess.de,Europe/Skopje,DE,31:0d:4b:61:5a:c6,Irak
srv-60.etzler.com,America/Lima,DE,c0:64:7c:0c:13:11,Äußeres Ozeanien
desktop-24.gehringer.com,Asia/Kuching,DE,d5:f8:2a:65:e5:03,Guam
desktop-98.giess.com,America/Nassau,DE,a7:82:70:27:20:71,Burundi
db-73.ruppert.de,Europe/Stockholm,DE,39:9a:d2:bb:19:be,Kokosinseln
web-08.austermuehle.com,Europe/Dublin,DE,43:48:7e:cf:fc:80,Sudan
desktop-61.hoelzenbecher.com,Europe/Malta,DE,d1:6e:42:08:fb:5b,Albanien
db-21.heinrich.de,Pacific/Guadalcanal,DE,e4:d8:bb:84:8e:c2,El Salvador
email-74.kostolzin.com,Africa/Tunis,DE,be:a3:c9:53:43:61,Guatemala
srv-50.gotthard.org,Africa/Malabo,DE,75:75:3b:62:70:e2,Argentinien
db-32.doehn.de,Africa/Kinshasa,DE,eb:bb:dd:24:d4:2a,Vereinigtes Königreich
laptop-81.doering.com,America/Costa_Rica,DE,c6:cc:85:49:0c:b9,Estland
db-28.noack.com,Africa/Addis_Ababa,DE,02:ed:dd:d9:07:d3,Pakistan
db-11.schaaf.de,America/Dominica,DE,1e:00:49:42:1b:fd,Usbekistan
email-80.carsten.com,America/Havana,DE,66:f4:b0:22:29:60,Sonderverwaltungszone Hongkong
srv-91.rogge.de,Africa/Windhoek,DE,d6:a5:e7:3e:ea:d0,Demokratische Republik Kongo
email-97.saeuberlich.com,Asia/Shanghai,DE,a6:4c:3c:bd:da:0a,Oman
lt-31.wesack.com,Africa/Khartoum,DE,3f:d7:65:f6:83:4c,Zypern
db-67.jaekel.com,Asia/Manila,DE,0f:e3:24:24:a2:a0,Bouvetinsel
laptop-09.hentschel.org,Europe/Zurich,DE,2a:f4:f7:27:bd:33,Gambia
desktop-27.schaaf.net,America/Guatemala,DE,7c:27:d4:f8:32:da,Russische Föderation
db-20.losekann.com,America/Managua,DE,83:d1:4d:f8:98:4e,Vereinigte Arabische Emirate
web-13.schaaf.de,Africa/Bujumbura,DE,3c:28:0d:37:1e:6f,Island
lt-66.carsten.org,Africa/Windhoek,DE,ab:c2:a7:56:40:73,Kamerun
lt-63.oderwald.de,Pacific/Kiritimati,DE,85:c2:6d:10:fe:68,Rumänien
srv-13.bolander.de,America/Edmonton,DE,86:8b:71:ca:aa:cd,Ukraine
desktop-52.christoph.org,America/Tegucigalpa,DE,39:50:55:d3:57:2d,Republik Moldau
desktop-20.gehringer.com,Europe/Tirane,DE,15:6f:e4:36:f7:e8,Argentinien
laptop-45.scholz.de,Africa/Addis_Ababa,DE,05:da:b6:28:51:b6,Chile
db-30.pohl.com,Africa/Bissau,DE,24:c0:b3:82:75:de,Chile
db-31.schmiedt.de,America/Grenada,DE,ca:a2:aa:c0:25:a2,Sri Lanka
email-44.kobelt.com,Europe/Podgorica,DE,0d:aa:fe:06:8f:a1,Türkei
laptop-08.meyer.org,Europe/Bucharest,DE,73:9b:94:d1:3f:29,Bahamas
email-44.schaaf.de,Africa/Johannesburg,DE,7d:8a:c4:9d:6b:5b,Demokratische Republik Kongo
web-55.kobelt.de,Europe/Tirane,DE,2e:ed:18:a5:26:93,Namibia
email-85.boerner.com,Pacific/Kwajalein,DE,48:f9:6b:5e:be:7f,Simbabwe
laptop-94.jaekel.de,Asia/Baghdad,DE,a6:31:1e:85:3a:55,Myanmar
desktop-52.beyer.de,Europe/Budapest,DE,c2:13:9d:1a:17:28,Heard- und McDonald-Inseln
email-21.hamann.com,America/Grenada,DE,dd:33:71:29:d8:ea,Vietnam
desktop-02.wiek.com,America/Belize,DE,2d:12:dc:70:a2:df,Senegal
desktop-55.hornig.com,America/Asuncion,DE,40:49:39:f5:a3:7f,Senegal
srv-03.groettner.de,Asia/Vientiane,DE,68:ec:90:48:7a:45,Ruanda
lt-05.holt.org,Africa/Nouakchott,DE,24:a7:89:6a:77:04,Montenegro
srv-11.junck.de,Europe/Amsterdam,DE,e6:78:2d:f0:9b:cd,Niederländische Antillen
email-95.stiebitz.org,Africa/Nairobi,DE,b0:cd:95:f9:22:06,Ungarn
web-08.johann.de,Asia/Pyongyang,DE,b1:4c:86:d3:4f:3a,Serbien
email-05.mueller.com,Asia/Tbilisi,DE,6f:5c:60:5c:92:82,El Salvador
lt-43.waehner.de,Africa/Mbabane,DE,26:27:05:96:55:29,Turkmenistan
laptop-71.langern.net,America/St_Lucia,DE,36:93:7c:66:56:47,Vietnam
lt-85.kuhl.com,Africa/Lusaka,DE,d9:6a:33:7f:94:8c,Tschechische Republik
db-07.holsten.com,Africa/Bangui,DE,2e:bd:c1:01:78:d3,Neuseeland
email-27.kroker.de,Europe/Vilnius,DE,6d:1c:66:9e:96:e0,Belize
desktop-45.anders.de,Africa/Gaborone,DE,0c:09:8f:4e:37:87,Dschibuti
laptop-18.tintzmann.de,America/Belem,DE,21:fd:c5:32:33:f8,Ungarn
laptop-49.tintzmann.com,Africa/Bissau,DE,e2:57:a1:14:69:ab,Aserbaidschan
email-84.fechner.org,Asia/Phnom_Penh,DE,25:13:e0:a4:7d:9c,Peru
web-37.hoerle.org,America/Costa_Rica,DE,b2:91:d4:07:63:b5,Algerien
desktop-09.christoph.com,Europe/Brussels,DE,0e:e3:80:d1:17:35,Jamaika
lt-74.rohleder.com,Asia/Calcutta,DE,65:7b:df:44:fa:91,Jordanien
desktop-68.haenel.com,Europe/Belgrade,DE,3d:c8:d6:d2:29:0f,Tschechische Republik
laptop-16.gehringer.de,Asia/Amman,DE,40:92:41:d8:4f:ba,Jordanien
laptop-65.roht.net,Asia/Hovd,DE,6a:ff:d0:28:ed:5c,Tschad
email-10.graf.org,Europe/Lisbon,DE,cf:dc:f5:9b:af:c5,Demokratische Republik Kongo
srv-43.soeding.org,Africa/Freetown,DE,1e:8d:1e:56:93:45,Montenegro
laptop-87.wende.com,Asia/Yerevan,DE,b8:5e:4a:ed:20:2f,Mikronesien
db-89.gotthard.de,America/El_Salvador,DE,87:13:1d:32:82:5e,Chile
db-13.reinhardt.de,America/Montevideo,DE,df:9f:57:1f:fa:a7,Ecuador
laptop-46.stahr.com,America/Panama,DE,52:d7:b6:ba:06:87,Bouvetinsel
lt-67.beier.com,Europe/Helsinki,DE,6d:80:70:90:75:ef,Argentinien
desktop-38.loos.de,America/Guatemala,DE,42:fe:d3:b7:02:d8,Seychellen
laptop-67.drubin.com,Pacific/Port_Moresby,DE,35:eb:fd:fc:20:ff,Tokelau
web-24.hermighausen.de,Asia/Dubai,DE,0c:e8:21:32:cf:1b,Kuba
srv-68.baum.de,America/Antigua,DE,16:c7:21:0d:f3:e6,Vereinigtes Königreich
desktop-47.koch.com,America/Asuncion,DE,f7:81:5a:e1:9f:16,Simbabwe
srv-18.jungfer.com,Africa/Casablanca,DE,c2:6d:8f:03:ce:6e,Kamerun
db-51.eckbauer.com,Europe/Ljubljana,DE,dc:5f:20:d1:80:71,Isle of Man
srv-93.hertrampf.com,Asia/Baku,DE,90:b3:dd:25:76:c8,St. Kitts und Nevis
lt-46.bien.net,Asia/Baku,DE,60:30:c0:98:d3:e6,Libanon
web-23.kuhl.de,Africa/Johannesburg,DE,7f:a6:b2:f5:9c:2d,Honduras
web-44.weinhage.de,Europe/Brussels,DE,67:c5:25:15:1e:8a,Komoren
db-78.linke.de,Europe/Amsterdam,DE,32:42:e9:66:cc:1e,Marokko
email-61.hoefig.de,Indian/Mahe,DE,4d:a0:a0:68:5e:d1,Mayotte
web-50.kensy.com,Africa/Bangui,DE,8c:7a:8f:c3:20:4f,Gambia
web-70.hecker.de,Europe/Istanbul,DE,39:0e:5e:a4:15:73,Cookinseln
db-90.hecker.com,Asia/Dhaka,DE,c9:ea:30:e7:19:8f,Kenia
laptop-41.moechlichen.com,Europe/Berlin,DE,83:88:e9:bd:b5:9a,Israel
db-29.bohlander.com,America/Nassau,DE,8f:48:62:c8:e7:aa,Französisch-Polynesien
laptop-06.kade.com,Europe/Bratislava,DE,e2:b9:39:a5:b7:b4,Niederlande
laptop-69.klemt.de,Africa/Luanda,DE,c4:26:81:19:f5:b3,Myanmar
desktop-56.kranz.org,Asia/Thimphu,DE,05:53:82:43:19:31,Komoren
lt-50.hein.de,Europe/Chisinau,DE,8f:fe:00:56:16:05,Bahrain
email-00.buchholz.com,Africa/Monrovia,DE,08:da:57:b1:87:d0,Kanada
srv-05.cichorius.com,Asia/Baku,DE,10:a7:80:b3:40:11,Kaimaninseln
db-78.bolzmann.net,Asia/Singapore,DE,79:db:f7:68:7e:68,Island
email-76.moechlichen.com,Pacific/Fiji,DE,3a:ed:30:33:23:72,Anguilla
srv-81.beyer.com,Asia/Dubai,DE,d9:a9:67:e8:37:c1,Venezuela
srv-93.gotthard.de,Africa/Mogadishu,DE,48:74:fb:66:20:1e,Guyana
web-32.wende.com,Asia/Kuala_Lumpur,DE,75:8d:dc:6f:36:2d,Wallis und Futuna
desktop-69.metz.de,Europe/Ljubljana,DE,79:0a:7a:f5:c9:e3,Belarus
laptop-67.seifert.com,Europe/Minsk,DE,86:f4:0f:6f:66:66,Syrien
email-48.stroh.de,America/Paramaribo,DE,0b:b2:74:94:aa:b3,Nauru
lt-02.koehler.org,Atlantic/Madeira,DE,70:ad:0c:7b:cc:a1,Nördliche Marianen
email-72.finke.de,Europe/Bratislava,DE,11:71:5e:07:01:7d,Sambia
web-21.schleich.com,Europe/Athens,DE,da:67:7e:78:64:57,Kuba
email-53.wagenknecht.de,America/Asuncion,DE,f9:94:db:32:a0:e9,Indien
email-13.wagner.com,Europe/Ljubljana,DE,f3:34:14:7e:42:a6,Neukaledonien
srv-34.trommler.net,Pacific/Tongatapu,DE,ce:ad:c3:4e:43:68,Dänemark
desktop-63.troest.com,Asia/Calcutta,DE,19:da:d8:08:89:6d,Thailand
db-36.hecker.com,Asia/Katmandu,DE,36:0e:d8:58:65:89,Afghanistan
email-79.baerer.org,Pacific/Palau,DE,55:bd:3a:c0:70:f7,Liechtenstein
email-42.kreusel.de,Europe/Paris,DE,3e:8a:96:4a:80:27,Jordanien
web-95.ditschlerin.net,Europe/Sarajevo,DE,9c:45:f1:5f:70:73,Tschechische Republik
web-95.carsten.de,Asia/Damascus,DE,5f:e8:60:a8:c6:70,Indonesien
desktop-03.stoll.de,Africa/Cairo,DE,c0:42:c6:22:0c:1a,Island
db-71.loewer.de,Pacific/Majuro,DE,ae:87:14:75:4d:8f,Kokosinseln
srv-21.metz.com,Africa/Bangui,DE,de:57:a2:c3:e0:f7,Seychellen
web-71.mende.com,Asia/Phnom_Penh,DE,75:24:56:83:23:18,Mayotte
srv-99.karge.com,Asia/Colombo,DE,52:65:eb:45:95:ac,Neukaledonien
lt-66.trueb.de,America/Tegucigalpa,DE,1f:e7:97:bd:b4:5d,Kenia
email-17.meyer.com,Europe/Rome,DE,f3:76:9c:73:a7:5a,Finnland
email-00.freudenberger.com,Africa/Mogadishu,DE,40:02:33:cb:2e:c7,Niederländische Antillen
db-68.binner.net,Asia/Brunei,DE,e7:79:d1:34:3d:06,Lesotho
laptop-84.seip.de,Africa/Conakry,DE,66:c5:47:f9:d7:6d,Sambia
db-57.klemt.com,Africa/Lome,DE,50:91:35:89:e4:e8,Namibia
lt-26.wesack.com,Indian/Mauritius,DE,49:bc:2b:93:83:df,Guyana
laptop-99.zobel.de,Asia/Urumqi,DE,e4:71:24:6b:ca:1c,Costa Rica
email-19.spiess.com,Atlantic/Canary,DE,1e:fe:4a:39:21:7a,St. Kitts und Nevis
srv-60.lange.com,Europe/Zagreb,DE,8e:a9:b4:30:cd:b4,Frankreich
web-88.hermighausen.com,America/Cancun,DE,22:66:64:85:de:e6,Vereinigte Staaten
db-41.spiess.de,Europe/Zurich,DE,22:62:bd:70:d8:7e,Chile
srv-01.seip.net,Africa/Mogadishu,DE,23:a4:48:3f:cb:66,Sudan
web-64.reuter.com,Africa/Douala,DE,0e:c4:5a:e2:c3:c8,Myanmar
desktop-39.schlosser.com,Africa/Windhoek,DE,52:1f:71:69:f6:d2,Isle of Man
laptop-05.froehlich.com,Europe/Athens,DE,73:bb:87:21:64:ba,Ruanda
lt-42.adolph.com,America/Dominica,DE,ae:4f:04:27:fd:71,Luxemburg
web-20.schlosser.de,Europe/Belgrade,DE,ee:e7:22:dc:58:fd,Monaco
web-52.schlosser.de,America/Paramaribo,DE,80:27:0a:54:b5:09,St. Barthélemy
desktop-78.winkler.com,Atlantic/Canary,DE,10:9c:53:98:f6:23,Panama
desktop-75.bolzmann.com,Europe/Chisinau,DE,2d:be:ae:36:99:71,Irland
web-73.koch.org,America/La_Paz,DE,06:3b:89:b3:c8:50,Singapur
desktop-60.becker.de,Africa/Asmera,DE,d5:3e:f7:b9:15:a4,Irak
srv-20.schomber.com,Pacific/Majuro,DE,9c:4e:30:80:9a:6e,Finnland
desktop-09.spiess.net,Indian/Antananarivo,DE,07:3c:d9:aa:18:99,St. Martin
srv-96.noack.net,Pacific/Kwajalein,DE,db:31:41:88:f4:51,Seychellen
srv-18.koehler.de,Asia/Dushanbe,DE,9a:d2:de:99:ac:bf,Kongo
email-56.metz.com,Indian/Mahe,DE,e9:ad:d7:e9:48:b8,Guadeloupe
lt-13.rust.de,America/Yakutat,DE,52:26:24:c8:11:41,Kambodscha
web-04.doering.com,Atlantic/Reykjavik,DE,e9:a7:a4:b3:10:f3,Amerikanische Jungferninseln
email-74.putz.net,Pacific/Tongatapu,DE,6d:bb:55:91:d0:08,Tuvalu
srv-37.hentschel.com,Asia/Ashgabat,DE,47:8b:bc:63:8a:d1,Gambia
lt-68.ackermann.com,Asia/Hebron,DE,79:53:da:c9:0a:7d,Mikronesien
db-37.rosenow.com,America/Lima,DE,f7:7d:c6:f7:a4:71,Neuseeland
desktop-38.hoelzenbecher.de,America/Guayaquil,DE,e2:5f:9b:22:28:69,Wallis und Futuna
laptop-00.meyer.com,Africa/Blantyre,DE,d9:02:4a:92:51:2b,Gambia
web-56.mueller.com,Pacific/Fiji,DE,32:c6:a1:ab:1e:a4,Zypern
srv-63.ullmann.de,Europe/Warsaw,DE,49:cd:fe:a2:16:c9,Albanien
db-17.mueller.de,Africa/Porto-Novo,DE,e4:3d:06:85:79:ee,Mali
laptop-43.dippel.net,America/Argentina/La_Rioja,DE,21:5c:4c:f8:b2:ee,Dominica
lt-05.gierschner.de,Australia/Darwin,DE,28:ca:7c:f5:07:c4,Finnland
srv-43.schoenland.com,America/Guatemala,DE,4a:1e:da:f2:7e:b2,Südgeorgien und die Südlichen Sandwichinseln
email-19.metz.de,Africa/Luanda,DE,d3:8b:d4:c3:b0:60,Dominica
desktop-85.bolzmann.org,Africa/Addis_Ababa,DE,a4:86:a5:2a:a4:eb,Schweden
email-43.schinke.com,Africa/Maputo,DE,2e:97:17:de:9d:5d,Britisches Territorium im Indischen Ozean
srv-89.boucsein.de,Europe/Athens,DE,bc:94:99:fd:f2:f7,Aruba
db-41.birnbaum.de,Asia/Thimphu,DE,93:eb:d0:f9:85:ee,Angola
desktop-33.boucsein.org,Asia/Damascus,DE,26:3b:a5:00:b6:fd,Montenegro
srv-93.trommler.com,America/Santo_Domingo,DE,10:61:8a:4f:da:27,Tadschikistan
desktop-01.freudenberger.de,Asia/Dili,DE,b1:c4:5f:9d:3a:58,Puerto Rico
desktop-32.misicher.com,Europe/Belgrade,DE,34:58:47:05:e2:ba,Georgien
srv-08.jungfer.com,Atlantic/Cape_Verde,DE,32:cc:8a:94:5f:2d,Tansania
laptop-23.kusch.com,Asia/Jerusalem,DE,a5:fa:2c:31:78:64,Simbabwe
db-68.gute.de,Indian/Maldives,DE,27:63:87:d2:6a:73,St. Barthélemy
web-11.kensy.com,Africa/Maputo,DE,0c:7e:dd:fb:ab:56,Tunesien
web-43.spiess.org,Africa/Mbabane,DE,dc:14:b7:77:e3:06,Eritrea
lt-60.haering.com,Asia/Hebron,DE,5d:64:89:cd:fb:75,Salomonen
lt-19.neuschaefer.org,Africa/Djibouti,DE,48:22:83:6d:d6:60,Argentinien
db-81.schmiedecke.org,Africa/Lagos,DE,81:69:36:1e:56:ea,Simbabwe
web-61.haase.de,America/Nassau,DE,b6:de:a9:b0:5d:ee,Rumänien
srv-98.margraf.com,Africa/Mbabane,DE,f6:ef:30:17:7f:6f,Belize
db-93.weiss.de,Europe/Zagreb,DE,6d:29:f2:b2:65:e3,Svalbard und Jan Mayen
laptop-69.weinhold.com,Asia/Kuwait,DE,07:90:93:e6:65:e7,Tonga
web-64.zaenker.de,Indian/Comoro,DE,2f:0f:a9:a5:4b:5d,Nepal
email-81.matthaei.de,Atlantic/Cape_Verde,DE,e1:6a:b0:16:ad:ea,Kenia
desktop-37.hering.de,Africa/Ceuta,DE,65:f0:de:86:2b:88,Barbados
desktop-37.carsten.com,Europe/Minsk,DE,8f:9c:ad:09:8f:4f,Costa Rica
db-55.mohaupt.de,America/Barbados,DE,de:b8:2c:06:a6:cf,Sonderverwaltungszone Macao
laptop-97.etzold.org,Asia/Pontianak,DE,eb:0e:54:56:38:45,Albanien
email-21.juncken.com,Africa/Lome,DE,85:2d:3f:65:fd:f8,Eritrea
web-93.freudenberger.com,Africa/Mbabane,DE,1e:20:2b:d4:58:82,São Tomé und Príncipe
srv-64.kambs.net,Africa/Douala,DE,69:71:e3:4a:ff:84,Australien
db-28.reising.org,America/Grenada,DE,08:23:b5:47:67:0c,Kamerun
lt-65.seidel.de,Africa/Sao_Tome,DE,47:36:db:5c:48:ec,Russische Föderation
srv-40.huhn.de,Africa/Asmera,DE,41:dd:13:ef:29:7e,Somalia
lt-13.dobes.de,Europe/Tallinn,DE,4a:ea:82:bd:db:06,Bosnien und Herzegowina
desktop-57.butte.com,Europe/Vilnius,DE,f6:c4:cb:2b:ee:89,Tokelau
srv-56.nette.de,Asia/Tbilisi,DE,a1:37:2e:0a:0e:ec,Peru
web-89.walter.de,Europe/Budapest,DE,39:b4:74:a8:40:d2,Côte d’Ivoire
srv-79.schaefer.com,Europe/Minsk,DE,69:3c:16:32:0c:54,St. Martin
srv-95.knappe.com,Pacific/Funafuti,DE,75:ed:ec:2b:b4:b7,Irland
srv-45.wulff.com,Asia/Ulaanbaatar,DE,e8:d6:5e:64:1d:55,Niue
laptop-80.loewer.de,America/Montevideo,DE,08:2d:2e:0e:cf:3c,Nicaragua
lt-29.kitzmann.de,Europe/Tallinn,DE,25:e3:c9:70:a5:06,El Salvador
web-18.scholtz.de,Asia/Kuala_Lumpur,DE,84:d7:2d:03:9f:10,Kirgisistan
laptop-85.freudenberger.de,Africa/Ouagadougou,DE,24:80:da:7b:ba:2d,Papua-Neuguinea
lt-87.roht.com,Europe/Tirane,DE,18:48:24:3d:f7:61,Brasilien
email-76.fritsch.net,Europe/Andorra,DE,67:80:ad:44:d6:7d,Burundi
lt-68.kranz.org,Pacific/Enderbury,DE,ac:f0:ae:8f:85:5e,San Marino
laptop-12.schoenland.net,America/Argentina/Buenos_Aires,DE,66:c6:71:b7:c8:ac,Seychellen
email-91.hoffmann.de,Europe/Brussels,DE,7c:d7:6c:b5:e3:d6,Malta
srv-72.tlustek.de,Africa/Lome,DE,8f:b2:da:8d:4f:d3,Kokosinseln
desktop-20.kambs.com,Europe/Istanbul,DE,2f:76:74:2d:c5:f9,Mauritius
desktop-11.stadelmann.de,Asia/Jerusalem,DE,a3:15:fb:d4:b7:6c,Guyana
web-66.wagner.org,Asia/Chongqing,DE,49:ce:d0:06:6b:27,Syrien
db-67.taesche.de,America/Nassau,DE,7d:3d:8a:b3:d8:a5,Tadschikistan
email-44.trapp.net,Europe/Copenhagen,DE,5e:c2:3c:aa:7f:82,Vatikanstadt
lt-49.mosemann.org,Africa/Addis_Ababa,DE,2d:b0:86:1c:ae:6b,Tonga
desktop-43.conradi.com,Europe/Sarajevo,DE,0e:7e:01:9a:37:5f,Wallis und Futuna
db-98.schmidt.org,Europe/Sarajevo,DE,9c:86:e2:74:96:64,Aserbaidschan
lt-99.tintzmann.com,Asia/Kabul,DE,a5:3c:37:a5:55:08,Ungarn
desktop-65.mielcarek.de,Pacific/Kwajalein,DE,45:0a:07:4b:f2:a2,Taiwan
lt-64.heser.de,Europe/Andorra,DE,b0:6b:8f:9b:d2:5a,Antigua und Barbuda
web-50.trueb.de,Atlantic/Madeira,DE,ec:6a:e1:f9:c9:8a,Kongo
srv-83.heidrich.de,Pacific/Kwajalein,DE,76:c2:5c:e3:0a:fe,St. Lucia
lt-92.ernst.de,Asia/Dhaka,DE,6f:9d:51:27:99:2d,São Tomé und Príncipe
email-88.dehmel.net,America/El_Salvador,DE,b6:d7:35:96:c8:a8,Kaimaninseln
desktop-92.kranz.org,Pacific/Kiritimati,DE,d6:cf:ef:63:5d:fd,Kambodscha
web-55.jaentsch.org,Africa/Malabo,DE,e9:58:c0:38:b7:f1,St. Martin
web-46.krein.org,Africa/Ouagadougou,DE,42:f2:4b:ba:cf:58,Nepal
desktop-36.matthaei.de,America/Guyana,DE,0c:52:c1:59:6e:68,Serbien
laptop-13.hofmann.org,Asia/Karachi,DE,03:6b:f9:e0:b7:bf,Finnland
email-39.keudel.net,Europe/Malta,DE,58:4f:67:ba:31:57,Australien
srv-33.albers.de,Africa/Douala,DE,34:dd:e5:04:3f:79,Tonga
desktop-96.krause.de,Asia/Qatar,DE,95:a6:fd:6e:01:ff,Estland
srv-74.eckbauer.de,America/Belize,DE,9e:a7:d4:4e:0d:3e,Sonderverwaltungszone Hongkong
laptop-10.hoevel.net,Africa/Luanda,DE,2d:43:57:4f:73:5b,Kuba
laptop-35.johann.com,Asia/Bahrain,DE,37:d2:54:08:cf:f0,Myanmar
laptop-59.baum.de,Atlantic/Madeira,DE,47:5b:30:f4:78:17,Jordanien
lt-02.bolander.de,Africa/Djibouti,DE,6b:b2:fd:8e:b9:63,Niger
web-30.faust.com,Africa/Tunis,DE,26:23:8a:a9:3a:7b,Türkei
db-56.heidrich.com,Indian/Antananarivo,DE,91:84:2e:4d:84:9e,Marokko
srv-42.flantz.com,Atlantic/Cape_Verde,DE,61:8e:09:23:24:59,Singapur
email-78.walter.de,America/Argentina/Jujuy,DE,64:5b:c0:6f:53:05,Republik Moldau
lt-68.schleich.de,Asia/Kabul,DE,ea:5f:98:f2:66:db,Senegal
laptop-57.van.org,Africa/Abidjan,DE,8c:8a:9d:8f:8f:21,Britisches Territorium im Indischen Ozean
desktop-11.davids.de,Asia/Brunei,DE,c2:e3:63:1a:73:c2,Nordmazedonien
email-77.stiebitz.com,America/Belize,DE,84:cc:f5:a4:a1:9a,Tansania
db-47.hesse.de,Europe/Bratislava,DE,b6:09:02:ca:0b:93,Rumänien
db-12.gutknecht.org,Asia/Bahrain,DE,36:12:0c:09:00:6f,Französisch-Guayana
desktop-60.rogner.com,Europe/Rome,DE,8f:35:13:1d:4b:ae,Usbekistan
db-12.scholl.de,Asia/Bahrain,DE,a4:14:86:2b:84:80,Jemen
laptop-16.nette.de,Pacific/Galapagos,DE,b9:fd:43:61:35:35,Bahamas
lt-76.gnatz.org,America/Guatemala,DE,9f:e6:62:70:15:d7,Salomonen
db-61.zorbach.de,Europe/Vienna,DE,3f:3c:2f:e0:5d:74,Heard- und McDonald-Inseln
srv-81.barth.com,Australia/Brisbane,DE,f3:86:bc:c1:da:fa,Thailand
laptop-58.rose.net,Africa/Djibouti,DE,25:d2:1b:7a:7f:8a,Amerikanisch-Ozeanien
web-13.stey.com,America/Winnipeg,DE,37:56:f6:0a:30:80,Ungarn
lt-60.linke.com,Asia/Hebron,DE,fd:30:ce:47:19:3c,Oman
db-29.thanel.com,Asia/Aden,DE,7f:f7:45:c7:3f:80,Puerto Rico
srv-43.haenel.de,Africa/Bujumbura,DE,74:75:f8:2c:78:44,Albanien
desktop-29.soelzer.de,Indian/Maldives,DE,28:ff:e6:77:57:67,Bhutan
web-79.eigenwillig.com,Europe/Vatican,DE,03:7a:36:13:ec:e9,Liberia
desktop-59.gumprich.net,Asia/Colombo,DE,59:8a:73:12:2c:90,Mexiko
srv-73.gnatz.de,Asia/Bahrain,DE,48:6d:1d:39:a5:3c,Tunesien
email-84.bauer.com,Asia/Bishkek,DE,10:d1:4c:f8:23:fc,Amerikanisch-Ozeanien
email-44.oderwald.de,America/Costa_Rica,DE,cf:09:ee:19:84:68,Italien
lt-77.mentzel.org,Asia/Tehran,DE,a0:4b:92:23:88:e5,Indonesien
desktop-80.patberg.com,Africa/Lome,DE,10:b0:b2:54:d8:75,Cookinseln
laptop-48.heinz.com,Europe/Skopje,DE,a3:5a:fb:17:41:fb,Sambia
srv-64.knappe.org,Europe/Stockholm,DE,6a:07:aa:43:63:9f,Amerikanisch-Samoa
db-00.schleich.com,Europe/Vienna,DE,85:d3:3c:ab:5f:a8,Katar
laptop-44.reichmann.de,Asia/Dushanbe,DE,83:aa:de:0e:87:08,Costa Rica
email-03.pergande.net,Europe/Belgrade,DE,55:3d:b4:3a:88:44,Alandinseln
email-86.heintze.org,Asia/Riyadh,DE,79:0f:dc:cd:48:03,St. Pierre und Miquelon
desktop-15.martin.de,Asia/Samarkand,DE,a0:32:5a:c0:b8:83,Aserbaidschan
web-60.schaaf.de,Indian/Mahe,DE,e0:08:9c:61:71:d9,Bermuda
laptop-35.gerlach.de,Africa/Maseru,DE,85:f6:9b:ff:75:e6,Sri Lanka
email-81.henk.com,Asia/Muscat,DE,ed:41:82:60:e2:1e,Heard- und McDonald-Inseln
db-81.schaefer.com,Europe/Vaduz,DE,fc:82:08:eb:55:1a,Nepal
srv-40.fritsch.com,Europe/Sofia,DE,c8:aa:80:d3:a0:c0,Puerto Rico
email-04.wulf.de,America/Panama,DE,f5:ee:76:87:1d:0b,Burkina Faso
email-04.buchholz.de,Africa/Maputo,DE,ec:4b:af:a9:b2:1f,Tuvalu
lt-37.ebert.com,Atlantic/Reykjavik,DE,20:30:b2:bb:f6:13,Bosnien und Herzegowina
web-42.weitzel.org,Africa/Windhoek,DE,e7:e0:06:57:9d:27,Republik Korea
lt-07.dobes.de,Indian/Mahe,DE,4c:ee:0f:0d:38:62,Guernsey
laptop-92.rudolph.de,America/Caracas,DE,f3:c8:48:40:13:6b,Mali
db-16.hornig.de,Africa/Windhoek,DE,0a:73:34:97:d1:4a,Kuba
email-80.junitz.com,Africa/Monrovia,DE,b6:4c:ed:9a:c5:b1,Bangladesch
desktop-84.jaekel.de,Europe/Budapest,DE,b6:65:dd:69:b4:d7,Mauritius
web-65.girschner.com,Asia/Colombo,DE,89:f4:6c:13:0f:2c,Swasiland
db-42.doehn.com,America/St_Kitts,DE,63:60:9b:14:fd:1d,Heard- und McDonald-Inseln
srv-81.bolander.de,America/Asuncion,DE,f4:a8:58:90:9b:75,Französisch-Polynesien
email-46.stiebitz.org,America/Managua,DE,cc:4d:94:83:a8:f2,Tadschikistan
desktop-60.birnbaum.net,Asia/Bahrain,DE,56:72:7b:5f:25:34,Honduras
desktop-30.loechel.com,Asia/Kuwait,DE,46:49:4b:cb:78:9c,Mauretanien
laptop-57.hesse.de,America/Port_of_Spain,DE,88:dd:f3:7c:c4:5e,Syrien
laptop-11.junitz.com,Africa/Sao_Tome,DE,a9:61:5c:c0:19:ab,Katar
db-14.hofmann.com,Asia/Qatar,DE,f9:d3:3d:4c:e9:41,Dschibuti
web-62.gude.org,Africa/Blantyre,DE,21:38:4f:54:73:ba,Ecuador
srv-65.hornich.de,Africa/Algiers,DE,fb:cf:b9:93:72:5e,Alandinseln
laptop-69.cichorius.com,Europe/Brussels,DE,bb:be:b8:8b:69:8d,Vereinigte Staaten
desktop-93.koch.com,Asia/Riyadh,DE,62:2e:f7:af:46:d5,St. Helena
desktop-74.neuschaefer.de,Europe/Helsinki,DE,45:af:d6:96:3b:5e,Usbekistan
db-38.eigenwillig.com,Asia/Baghdad,DE,40:8a:b1:ac:67:43,Japan
email-35.rogge.de,Atlantic/Reykjavik,DE,9b:87:1f:90:d5:b0,Bhutan
desktop-29.salz.de,Africa/Ouagadougou,DE,b0:8c:c7:2d:3a:b8,Kenia
desktop-41.ritter.de,Europe/Brussels,DE,df:0e:53:2f:c5:e9,Niederlande
db-05.weimer.de,Africa/Lome,DE,93:0a:2b:c9:87:e8,Tadschikistan
db-63.baerer.com,America/Yellowknife,DE,fa:95:90:a2:2e:12,Guernsey
email-61.knappe.com,Africa/Kinshasa,DE,50:f1:f1:33:96:93,Gibraltar
lt-64.heinrich.com,Asia/Pyongyang,DE,6c:a5:b0:20:e2:7b,Usbekistan
web-23.davids.com,Pacific/Majuro,DE,e3:38:60:22:75:5a,Dänemark
db-93.vogt.org,Africa/Douala,DE,a7:55:9c:98:8b:88,Niederländische Antillen
web-76.dussen.com,America/St_Lucia,DE,48:ea:7b:4f:61:70,Singapur
desktop-38.baehr.com,Africa/Nouakchott,DE,9d:70:c8:25:63:a8,Liechtenstein
desktop-23.oestrovsky.com,Europe/Madrid,DE,81:20:ae:97:b3:c7,Zentralafrikanische Republik
db-18.hoelzenbecher.org,Asia/Rangoon,DE,4e:66:02:f1:ea:d1,Kroatien
laptop-53.drub.com,Europe/Amsterdam,DE,a2:7c:9b:4a:a9:5a,Guam
desktop-41.reichmann.net,Europe/Belgrade,DE,15:f2:c4:6c:92:68,Georgien
lt-27.seifert.de,Pacific/Guadalcanal,DE,99:90:3e:82:33:eb,Uganda
email-09.becker.de,Asia/Kuwait,DE,3e:af:30:cf:f9:61,Kamerun
db-50.wernecke.de,Asia/Muscat,DE,de:fb:45:b4:dd:1a,Nordmazedonien
web-40.seifert.com,America/Tegucigalpa,DE,f7:8a:7f:04:52:ee,Sudan
laptop-45.liebelt.de,Europe/Monaco,DE,2c:94:ba:20:ce:a4,Kuwait
desktop-95.ziegert.com,Asia/Pyongyang,DE,f8:a5:a6:50:71:bb,Puerto Rico
db-89.drub.de,Europe/Athens,DE,d5:39:48:6a:b5:f8,Bangladesch
email-25.wagner.de,Africa/Ouagadougou,DE,ee:5a:a7:03:8a:d7,Malediven
db-63.fischer.com,Europe/Vaduz,DE,e6:a9:8a:c8:86:25,St. Kitts und Nevis
laptop-01.grein.net,Atlantic/Reykjavik,DE,06:66:45:1f:59:07,Jordanien
db-78.lindner.com,Europe/Vienna,DE,15:97:ba:5b:76:97,Indonesien
srv-41.hentschel.com,Africa/Blantyre,DE,8f:41:67:59:eb:ab,Äquatorialguinea
web-36.geisel.com,Africa/Lubumbashi,DE,8e:09:cb:7b:a2:a9,Nordmazedonien
desktop-90.haering.org,Africa/Sao_Tome,DE,3b:fe:62:e2:cc:10,Peru
laptop-26.sorgatz.com,America/Paramaribo,DE,86:4f:62:1e:c3:34,Luxemburg
laptop-17.cichorius.de,Asia/Aden,DE,5c:11:b8:3f:6e:2e,Sudan
laptop-54.krebs.com,America/Fortaleza,DE,8c:fe:08:db:7b:94,Dänemark
lt-36.matthaei.com,Africa/Lubumbashi,DE,6e:91:ea:ce:4f:4e,Estland
web-35.beier.de,Atlantic/Reykjavik,DE,11:8b:7c:91:de:c9,Palau
db-23.scheuermann.de,Europe/Belgrade,DE,24:39:1f:9d:45:cb,Bangladesch
lt-04.roehricht.com,Asia/Kuwait,DE,0e:e5:96:d5:29:af,Oman
srv-73.rogge.de,Africa/Libreville,DE,23:78:6c:c4:2a:9e,Ukraine
email-23.schwital.net,Africa/Bamako,DE,64:a6:57:c0:e3:e1,Alandinseln
lt-52.geisler.de,Australia/Brisbane,DE,04:77:79:c8:44:dd,Griechenland
laptop-51.mies.com,Africa/Cairo,DE,f1:c0:d3:f9:fa:a8,Salomonen
lt-77.gertz.com,Africa/Bamako,DE,63:95:a5:c4:d6:2d,Andorra
laptop-37.hoefig.de,America/Santiago,DE,4c:59:e6:00:3d:d8,Tuvalu
lt-35.hermann.com,America/Guatemala,DE,a7:ea:84:82:33:23,Malaysia
srv-41.fliegner.de,Europe/Tirane,DE,08:bf:57:1a:24:06,Demokratische Volksrepublik Korea
desktop-56.lange.net,Asia/Dili,DE,ae:36:c3:ee:92:d9,Cookinseln
web-66.dowerg.de,America/Dominica,DE,f5:ac:f1:15:fc:9e,Französisch-Guayana
desktop-27.killer.com,Asia/Ashgabat,DE,12:83:2c:8e:35:1d,Äthiopien
laptop-63.weimer.com,Pacific/Palau,DE,73:dd:49:a3:20:ff,Palau
web-33.gnatz.org,Asia/Singapore,DE,c0:08:84:5a:6c:cb,Simbabwe
srv-11.drewes.net,Asia/Jakarta,DE,c5:ca:34:c4:87:63,Spanien
db-88.klotz.com,Europe/Paris,DE,a1:b4:28:5b:fd:66,Grenada
email-54.schueler.de,Africa/Banjul,DE,4c:43:04:78:10:b6,Malta
email-47.eigenwillig.de,America/Guayaquil,DE,e9:94:70:8a:32:9d,Sonderverwaltungszone Macao
email-70.vollbrecht.com,Europe/Budapest,DE,9f:cd:21:77:54:20,Französisch-Polynesien
laptop-97.aumann.com,Europe/Vilnius,DE,bd:ee:99:f2:b5:71,Oman
email-89.hartung.org,Africa/Accra,DE,52:f3:df:b4:8d:3d,Jemen
laptop-55.seip.com,America/Antigua,DE,ee:13:eb:19:f5:6a,Israel
lt-65.albers.com,Asia/Dili,DE,71:13:27:99:f5:70,Myanmar
email-88.holt.de,Asia/Baku,DE,fe:73:de:5a:9e:e7,Venezuela
web-04.junk.com,America/Nassau,DE,0d:5c:65:b8:d3:28,St. Kitts und Nevis
lt-64.faust.com,Africa/Cairo,DE,ad:d0:3c:ba:ac:e4,St. Lucia
db-14.warmer.com,Asia/Phnom_Penh,DE,77:e7:7c:24:db:00,Slowenien
email-19.hiller.de,Europe/Vienna,DE,d6:a8:18:bd:e9:c6,China
db-18.hornich.de,America/Guatemala,DE,dc:c7:2d:ce:e5:44,St. Barthélemy
desktop-42.trapp.de,Asia/Vientiane,DE,27:19:2b:71:7a:0d,Heard- und McDonald-Inseln
email-65.austermuehle.net,Indian/Antananarivo,DE,07:36:4b:e7:35:93,Alandinseln
desktop-38.warmer.com,Pacific/Palau,DE,2b:19:8b:aa:1d:b9,Französisch-Guayana
srv-44.bolnbach.com,America/Grenada,DE,0d:ea:60:19:ea:67,Bhutan
srv-17.hornich.de,Asia/Rangoon,DE,57:44:ba:8d:92:51,Irak
email-85.beer.org,America/El_Salvador,DE,49:c0:84:3c:ea:f3,Guadeloupe
lt-49.schmiedecke.com,Europe/Luxembourg,DE,d3:8b:df:dd:c9:af,Pitcairn
web-49.rust.de,Asia/Aden,DE,0e:a7:24:eb:bf:a8,Nordmazedonien
db-00.mentzel.net,Europe/San_Marino,DE,1f:19:30:15:33:ca,Äthiopien
laptop-44.radisch.org,Europe/Bratislava,DE,13:75:c8:94:65:42,Demokratische Volksrepublik Korea
srv-24.stiffel.org,Asia/Aqtau,DE,ce:cc:7c:a3:7d:47,Nauru
laptop-82.tlustek.de,Asia/Bangkok,DE,90:2a:ce:69:bc:d5,Republik Moldau
desktop-00.lehmann.org,America/El_Salvador,DE,ac:ee:67:8f:37:fc,São Tomé und Príncipe
laptop-28.winkler.com,Europe/Zurich,DE,64:90:41:d0:d1:b3,Mikronesien
desktop-61.soeding.de,America/St_Lucia,DE,ba:e2:cc:4b:7d:27,Kaimaninseln
lt-29.nette.com,America/Argentina/Buenos_Aires,DE,35:d3:8f:d3:ca:6f,Serbien und Montenegro
desktop-99.seip.de,Pacific/Port_Moresby,DE,be:2f:1d:7f:3c:97,Estland
lt-34.loeffler.com,Asia/Brunei,DE,68:ec:d6:fd:c9:87,Mauritius
laptop-99.barth.de,Pacific/Fiji,DE,96:ad:f5:f7:3b:97,Anguilla
email-86.buchholz.com,Asia/Pyongyang,DE,26:5c:b9:e8:3f:22,Alandinseln
db-75.ziegert.com,Europe/Stockholm,DE,86:fb:73:60:d5:80,Republik Moldau
srv-69.bien.com,Europe/Sofia,DE,d7:86:dd:57:fc:8e,Thailand
laptop-54.jaehn.org,Asia/Tbilisi,DE,98:cd:32:d8:30:c0,Griechenland
lt-39.ring.org,Africa/Tunis,DE,82:3c:8b:92:18:fb,Ungarn
lt-03.tintzmann.de,Asia/Qatar,DE,af:2b:a2:52:8e:e9,Iran
lt-29.ladeck.net,Africa/Monrovia,DE,51:54:31:12:e0:0f,Guinea-Bissau
web-47.schaaf.de,America/Havana,DE,4e:49:ce:ea:24:f0,Kanada
lt-04.hesse.de,America/Belize,DE,50:11:65:ca:91:83,Antarktis
web-30.kuehnert.org,Asia/Taipei,DE,6b:06:82:30:dd:12,Schweiz
lt-25.ladeck.com,Europe/Minsk,DE,13:0f:89:ee:3c:ed,Peru
db-79.briemer.net,America/Panama,DE,c1:6c:f2:b7:a9:e4,Ungarn
desktop-79.atzler.org,Pacific/Ponape,DE,50:92:c3:1a:68:97,Bahrain
email-94.gotthard.net,Asia/Rangoon,DE,d9:b7:a6:2c:c9:74,Bolivien
web-58.beckmann.com,Asia/Seoul,DE,94:4a:91:54:b0:53,Kuba
email-07.kabus.com,Asia/Almaty,DE,f5:67:e9:53:ab:09,Dänemark
web-43.franke.de,America/Grenada,DE,02:54:8b:62:57:c9,Eritrea
db-94.geisel.de,Indian/Antananarivo,DE,84:a5:e0:9c:d6:9e,Äquatorialguinea
srv-83.warmer.de,Pacific/Port_Moresby,DE,cf:0e:01:59:43:8e,Österreich
lt-40.schoenland.com,America/St_Kitts,DE,d4:2c:fd:5c:32:c2,Neukaledonien
desktop-75.klingelhoefer.de,Europe/Budapest,DE,ee:8b:f9:db:2f:cd,Polen
db-28.mentzel.net,Europe/Prague,DE,9f:18:fb:89:93:6a,Gabun
web-86.mueller.org,Asia/Karachi,DE,33:f0:1b:c9:55:84,Taiwan
srv-23.schmiedt.com,Pacific/Palau,DE,e0:d0:b8:a6:cf:b0,St. Helena
lt-15.schleich.org,Asia/Bangkok,DE,04:15:c6:2f:f9:ff,Niger
srv-80.heydrich.com,Asia/Dubai,DE,8d:55:bc:8c:59:f1,Irak
email-51.tintzmann.com,Africa/Monrovia,DE,2c:7e:08:a4:f3:c5,Niederländische Antillen
web-57.striebitz.de,Asia/Seoul,DE,7b:05:6f:47:0b:a8,Trinidad und Tobago
web-58.hethur.com,America/Guatemala,DE,26:30:37:5f:3a:8e,Kongo
email-77.trueb.de,Asia/Bangkok,DE,88:b8:a7:7f:9b:52,Andorra
laptop-52.wernecke.de,Europe/London,DE,ba:66:9c:3d:76:e0,Niederländische Antillen
srv-47.wulf.org,Europe/San_Marino,DE,ac:44:c1:3a:3a:d4,Argentinien
desktop-23.ehlert.de,Asia/Thimphu,DE,bd:f0:bb:b2:a3:ef,Sri Lanka
lt-45.plath.net,Asia/Shanghai,DE,0f:4a:86:0e:97:0c,Mali
desktop-08.misicher.com,Asia/Brunei,DE,ee:7f:ef:36:01:3d,Montenegro
srv-74.harloff.com,Europe/Andorra,DE,03:6c:1c:c3:56:ea,Mauretanien
email-82.caspar.de,Africa/Johannesburg,DE,bd:43:6e:11:a1:7b,Luxemburg
db-50.schenk.com,Africa/Lusaka,DE,c4:3e:da:64:78:03,Ecuador
desktop-97.jacob.com,Asia/Tehran,DE,96:86:57:53:9d:ef,Mauretanien
lt-64.mielcarek.net,Pacific/Palau,DE,be:fc:bb:25:ba:a6,Venezuela
email-09.bien.com,Europe/Tirane,DE,b9:0c:ca:d4:2f:01,Mauretanien
web-26.schacht.com,Asia/Tbilisi,DE,c4:27:79:15:44:d2,Bhutan
srv-69.schleich.com,Europe/Malta,DE,80:e9:a2:55:56:da,Saudi-Arabien
web-27.finke.net,Africa/Banjul,DE,4e:30:37:28:e4:6f,Russische Föderation
srv-75.sontag.net,Africa/Freetown,DE,70:8c:7d:66:8a:fd,Osttimor
web-21.schmidtke.net,Asia/Qyzylorda,DE,d5:2b:f6:4d:a4:ab,Ungarn
web-11.barth.de,Europe/Chisinau,DE,9a:b5:28:ae:f4:a0,Malaysia
lt-31.jockel.de,Indian/Comoro,DE,c4:98:fc:6d:a2:6f,Katar
laptop-31.cichorius.com,Africa/Asmera,DE,e9:6c:07:eb:f5:a6,Nepal
lt-51.winkler.com,Europe/Prague,DE,20:3a:5f:02:78:b6,Venezuela
email-87.langern.com,Africa/Dar_es_Salaam,DE,db:eb:06:98:1a:45,Tunesien
lt-00.gotthard.com,Africa/Lome,DE,08:a1:ae:f2:66:09,Norwegen
lt-02.striebitz.de,Africa/Algiers,DE,3a:9e:34:05:0f:b9,Bahrain
email-69.klingelhoefer.com,America/La_Paz,DE,91:41:bd:5f:0c:71,Deutschland
db-61.seifert.net,Asia/Tbilisi,DE,b6:0d:07:84:22:28,Tschad
db-59.schomber.de,America/Bogota,DE,22:d0:75:5e:01:ff,Sambia
srv-03.hoelzenbecher.de,Africa/Windhoek,DE,6c:e0:c7:12:73:f4,Irland
laptop-51.schleich.org,Asia/Calcutta,DE,a9:3e:d2:55:b1:25,Vanuatu
desktop-83.reichmann.de,Asia/Singapore,DE,9f:91:4e:9c:1b:0b,Indonesien
web-82.kobelt.com,America/Blanc-Sablon,DE,dc:60:98:40:c3:08,Türkei
srv-18.saeuberlich.de,Indian/Mauritius,DE,02:9f:b9:21:1a:2d,Andorra
email-35.rudolph.org,Asia/Pontianak,DE,b0:a3:36:8f:f6:c3,Antarktis
web-23.scheel.de,Europe/Rome,DE,bb:d5:5d:f3:f4:c7,Bangladesch
db-32.holsten.org,Europe/Vienna,DE,4f:51:88:08:8a:50,Benin
desktop-59.radisch.com,Europe/Zurich,DE,77:f8:7e:97:94:a0,Tschechische Republik
desktop-18.faust.de,Europe/Dublin,DE,4b:a0:04:5b:2c:a0,Montserrat
lt-31.linke.com,America/Santo_Domingo,DE,ba:83:77:c8:08:ba,Anguilla
srv-56.schacht.de,Indian/Mauritius,DE,07:0e:d0:68:ce:eb,Jamaika
email-43.lehmann.de,Asia/Saigon,DE,e1:a8:b1:d4:09:c5,Libanon
laptop-10.fritsch.com,Pacific/Easter,DE,83:8e:99:5a:be:a8,Togo
lt-01.weitzel.de,Europe/Vatican,DE,27:58:97:7d:ba:47,Aserbaidschan
db-50.bruder.net,Pacific/Efate,DE,08:65:e4:9e:7e:2e,Norfolkinsel
db-81.steckel.net,Africa/Conakry,DE,c3:41:ec:aa:83:48,Bangladesch
laptop-78.hande.de,Asia/Tokyo,DE,d1:30:94:63:cc:19,Slowakei
laptop-83.loewer.com,America/Guatemala,DE,5f:cf:0a:61:de:4c,Norwegen
db-57.mans.de,America/Guyana,DE,9b:0e:92:5b:b7:d4,Ungarn
web-63.junitz.net,Europe/Vilnius,DE,0a:8f:fd:3b:6d:82,Antigua und Barbuda
web-82.dietz.com,Pacific/Funafuti,DE,15:b8:73:37:87:b7,Madagaskar
web-59.bohnbach.de,Asia/Bahrain,DE,71:d8:c9:00:76:cb,Antigua und Barbuda
db-07.dowerg.com,Pacific/Tongatapu,DE,d8:88:39:a0:51:bf,Slowakei
email-94.ehlert.de,Europe/Vaduz,DE,b5:89:2c:3a:d6:b2,Britisches Territorium im Indischen Ozean
db-40.fechner.de,Pacific/Kwajalein,DE,03:6a:a4:f7:d1:44,Syrien
web-51.ackermann.com,Africa/Djibouti,DE,f7:89:d5:2d:48:9b,Malawi
lt-31.losekann.com,Asia/Vientiane,DE,38:9d:5c:b0:5d:93,Grenada
web-17.hoefig.de,Atlantic/Reykjavik,DE,af:ed:de:a8:83:63,Tadschikistan
db-61.hellwig.net,Europe/Copenhagen,DE,af:fc:15:98:6d:55,Nicaragua
laptop-53.kuehnert.de,America/Santiago,DE,0c:9a:ff:0c:28:2c,Myanmar
web-50.noack.com,Europe/San_Marino,DE,9b:86:ff:fe:08:30,Kanada
db-03.wilmsen.com,Asia/Manila,DE,8d:d4:0e:9e:20:09,Burkina Faso
laptop-37.hein.com,Asia/Dhaka,DE,2a:cc:79:ab:76:56,Demokratische Republik Kongo
lt-43.ladeck.net,Asia/Saigon,DE,98:69:85:6d:b3:7f,Dominikanische Republik
db-85.schlosser.de,Asia/Manila,DE,f3:fd:f3:d3:52:fa,Südafrika
srv-91.vogt.com,Africa/Nairobi,DE,8e:d6:2b:f4:b3:cc,Französisch-Polynesien
srv-37.beyer.com,Africa/Tunis,DE,3f:ac:0b:b0:3e:fc,Peru
srv-52.mans.com,Africa/Tripoli,DE,1c:12:04:45:77:0f,Papua-Neuguinea
desktop-39.johann.de,America/Guyana,DE,a8:64:3b:3e:b3:9e,Kuwait
lt-78.scheel.de,Europe/Stockholm,DE,25:23:cb:3f:7a:54,Antarktis
srv-16.kitzmann.com,Europe/Budapest,DE,91:1b:30:7e:72:d2,Kanada
srv-65.dobes.com,Europe/Sarajevo,DE,00:48:0f:b0:bd:69,Äquatorialguinea
email-94.juettner.de,Africa/Libreville,DE,48:b8:de:a5:1c:d4,Zypern
db-20.steinberg.com,Asia/Makassar,DE,79:9d:98:a9:5f:dd,Tuvalu
web-49.kitzmann.de,Asia/Shanghai,DE,20:f2:0d:a5:1f:f3,Malawi
srv-57.mueller.de,Asia/Ulaanbaatar,DE,12:b4:24:21:f5:f0,Swasiland
web-30.haering.org,Asia/Bishkek,DE,78:9e:94:26:09:92,Italien
lt-80.weller.de,Africa/Tripoli,DE,4d:74:d8:d9:3f:b3,Bahrain
desktop-52.wulff.com,Europe/Andorra,DE,75:a8:24:c1:9e:a4,Kanada
laptop-45.speer.de,Africa/Johannesburg,DE,6b:75:2a:81:a3:f2,Belarus
web-09.gotthard.org,Asia/Pyongyang,DE,6b:87:e0:8c:86:dc,Ghana
email-01.fischer.de,America/Paramaribo,DE,60:0e:de:ee:54:5e,Tschechische Republik
srv-04.eimer.net,Asia/Taipei,DE,1e:44:e1:52:fb:83,Angola
laptop-62.hentschel.de,Europe/Andorra,DE,f0:2b:67:90:ba:d3,San Marino
laptop-34.dehmel.de,America/Havana,DE,c5:5b:bc:ab:f4:13,Ecuador
desktop-18.mende.com,Europe/Zurich,DE,59:ba:4c:6d:6d:6a,Russische Föderation
db-85.drubin.de,Europe/London,DE,b0:25:2b:f1:94:d6,Uruguay
web-91.neuschaefer.com,Asia/Kashgar,DE,9a:c4:69:3f:60:1b,Niederlande
web-81.christoph.com,Asia/Muscat,DE,b5:d0:4f:d8:83:44,Zypern
desktop-01.stoll.de,Africa/Porto-Novo,DE,b4:a6:c2:c7:2b:41,Antigua und Barbuda
srv-82.trubin.de,Asia/Karachi,DE,e4:f4:01:a8:80:c4,Polen
laptop-45.jungfer.de,America/St_Lucia,DE,17:32:59:f1:70:0a,Kokosinseln
web-56.koester.net,Asia/Taipei,DE,5d:af:0b:e3:cb:a9,Aserbaidschan
email-07.klemm.net,Asia/Aden,DE,be:48:34:37:90:1c,Palästinensische Gebiete
db-10.thanel.de,Asia/Karachi,DE,30:61:d7:86:72:a5,Osttimor
desktop-46.mans.com,America/Chihuahua,DE,a4:07:fe:63:4c:7e,Singapur
desktop-54.trapp.com,Africa/Bissau,DE,35:7b:cc:5d:8b:64,Kiribati
srv-64.stahr.com,Asia/Qyzylorda,DE,f5:65:f0:4c:1b:52,Montenegro
web-56.binner.org,Europe/Luxembourg,DE,b6:f5:02:74:12:16,Kanada
db-21.bauer.com,America/Manaus,DE,ad:43:4f:ca:d5:4e,Französisch-Guayana
laptop-51.butte.com,Pacific/Apia,DE,04:40:96:dc:c9:de,Weihnachtsinsel
desktop-59.doerr.org,Africa/Ndjamena,DE,02:35:43:a4:25:5f,Alandinseln
web-49.suessebier.de,Asia/Saigon,DE,b5:bf:77:dd:9f:9f,Montserrat
laptop-73.bien.com,Africa/Sao_Tome,DE,57:6c:40:00:ca:3f,Ukraine
db-07.gerlach.net,Indian/Mahe,DE,1f:e8:c2:f8:3d:71,Kap Verde
email-20.adolph.de,Europe/Bucharest,DE,1a:d4:e2:96:95:c0,St. Helena
laptop-26.wilms.de,Atlantic/Azores,DE,d6:ea:94:ea:b8:a8,Ghana
web-79.holsten.com,Europe/Zurich,DE,5d:65:a4:74:b0:02,Demokratische Republik Kongo
email-38.pieper.net,Africa/Windhoek,DE,ee:7d:0f:d0:4c:ff,Chile
srv-32.stadelmann.com,Africa/Lubumbashi,DE,3d:89:0a:71:8e:22,Suriname
db-67.bender.com,Africa/Tripoli,DE,a6:cc:68:02:4f:ad,Myanmar
laptop-57.finke.com,Europe/Bucharest,DE,01:fb:3c:cf:6a:5f,Ruanda
srv-27.rogge.de,Asia/Yerevan,DE,ec:a2:35:73:19:f1,Senegal
srv-63.wende.com,Asia/Bahrain,DE,87:37:e2:0c:d8:3c,Vatikanstadt
web-13.muehle.com,Asia/Oral,DE,eb:f0:eb:98:8e:85,Uganda
desktop-20.hesse.de,America/Mazatlan,DE,22:6d:01:d8:4b:e1,Osttimor
desktop-13.ullmann.de,Africa/Niamey,DE,fd:8d:68:69:fb:cf,São Tomé und Príncipe
db-60.roemer.com,Africa/Niamey,DE,75:5e:f1:ec:28:6b,Gibraltar
lt-03.zobel.de,Asia/Ashgabat,DE,12:db:1c:df:48:85,Trinidad und Tobago
laptop-00.ullrich.com,Pacific/Efate,DE,4d:13:bd:3b:dd:e5,Amerikanisch-Samoa
db-97.krause.com,Pacific/Funafuti,DE,3f:07:46:4b:25:e3,Aserbaidschan
email-27.karge.com,America/Rio_Branco,DE,10:c4:aa:68:83:be,Britisches Territorium im Indischen Ozean
desktop-93.kambs.net,Asia/Shanghai,DE,82:fc:05:be:da:40,Georgien
email-23.jaehn.com,Africa/Accra,DE,80:8b:83:23:de:06,Paraguay
lt-36.lachmann.de,Pacific/Guadalcanal,DE,48:8a:3a:9d:7f:fa,Seychellen
laptop-58.hettner.org,Europe/Chisinau,DE,79:a6:6d:b5:93:cb,Norwegen
desktop-45.bolnbach.com,Europe/Bratislava,DE,b5:92:ec:38:49:07,Irland
