latitude,city,bank_country,iso8601,random_number,company,file_name,language_code,country,mac_address,pricetag,time,timezone,date_time
-35.045953,Erding,DE,1982-11-02T03:16:24,501235,Köster Stiftung & Co. KGaA,in.txt,be,Amerikanische Jungferninseln,7c:b2:b0:0e:8c:b9,"443,07 €",20:47:00,Pacific/Chatham,2010-03-16 12:57:56
-9.726022,Pirmasens,DE,1982-04-26T23:45:55,498,Hermann,nächste.html,lb,Norwegen,58:68:94:70:ef:d5,"9.979,83 €",07:56:04,Europe/Dublin,1971-12-30 16:06:18
-9.005541,Erfurt,DE,1973-11-03T03:02:25,941,Käster OHG mbH,einfach.mp3,kk,Französisch-Guayana,36:60:3b:86:e5:70,"5.283,73 €",23:25:49,Europe/Rome,1987-05-07 23:35:44
-69.9072255,Fürstenfeldbruck,DE,2005-12-21T10:13:53,1957402,Zorbach AG & Co. OHG,wünschen.wav,shs,Bolivien,ef:f6:e6:db:24:84,"5.729,67 €",04:40:33,Africa/Bujumbura,2023-07-20 01:22:24
77.5769365,Hersbruck,DE,1972-04-21T03:38:35,4353,Holzapfel OHG mbH,wahr.mov,sk,St. Pierre und Miquelon,f2:b3:04:a4:cb:52,"5,22 €",09:10:24,Asia/Jerusalem,2012-01-24 04:13:55
-54.6833355,Arnstadt,DE,1997-08-20T21:30:29,49707336,Binner Lindner AG & Co. KG,jeder.pdf,mni,Tunesien,09:f6:40:e4:92:dd,"616,94 €",00:55:55,Africa/Brazzaville,1986-01-16 04:05:33
65.123689,Görlitz,DE,1988-10-15T00:46:22,65082400,Thies Geißler AG,natürlich.jpeg,tg,Burkina Faso,ae:bd:5a:a7:1a:6c,"50,55 €",12:17:23,Africa/Kigali,1977-11-04 23:48:19
-85.0381455,Wurzen,DE,1988-02-13T05:16:15,983,Schacht Bien AG & Co. KG,Nase.webm,iu,Slowakei,99:7b:cc:49:42:05,"7.029,91 €",03:45:56,Europe/Andorra,1991-12-16 22:38:22
83.9326905,Sonneberg,DE,2003-01-14T14:48:41,434097,Birnbaum GmbH,Tier.bmp,se,Kongo,a9:a2:5d:4c:35:87,"11.610,44 €",04:58:04,Africa/Bujumbura,1992-08-03 04:01:52
-27.3889345,Roding,DE,2004-05-28T15:35:49,312952,Holsten Eckbauer e.G.,gefährlich.wav,pt,Marshallinseln,3b:db:b9:c1:e0:0f,"99,23 €",02:35:00,Asia/Baku,2000-11-08 04:27:26
-13.8652305,München,DE,1974-05-29T13:14:05,7558219,Hoffmann AG,müde.wav,ak,Libanon,da:26:99:18:21:85,"30,78 €",15:52:54,Europe/Sofia,2002-02-25 09:46:33
23.670960,Gadebusch,DE,1981-08-21T17:06:32,2534,Jähn KG,zwischen.jpg,apn,Marshallinseln,e9:74:e2:3c:83:a9,"952,23 €",17:13:54,Europe/Prague,1990-08-22 06:12:43
-37.1260795,Rottweil,DE,2021-06-29T08:26:45,5,Kensy AG & Co. KG,weinen.flac,mi,Irland,99:24:ce:67:7d:24,"334,86 €",16:52:42,Africa/Bissau,1993-12-29 06:11:52
14.7495765,Gelnhausen,DE,1982-08-03T03:40:10,212698585,Adler Ullmann AG,Stück.tiff,ha,Benin,8e:e6:5b:26:3a:f3,"6,97 €",16:35:29,Europe/Vatican,1988-04-30 13:49:52
-51.923958,Bautzen,DE,2016-08-24T08:22:06,82218448,Geisler,denken.mp3,my,Kaimaninseln,32:2f:c4:fd:9f:51,"6.248,66 €",08:05:51,Asia/Chongqing,1991-07-26 05:42:25
-44.8907915,Witzenhausen,DE,2016-07-07T14:27:14,914492241,Stoll Fechner AG & Co. KGaA,Rad.webm,crh,Guadeloupe,9f:61:b9:bd:b8:e6,"9.647,99 €",15:09:15,Africa/Ouagadougou,2005-11-03 08:04:37
30.226832,Sulzbach-Rosenberg,DE,1976-10-31T02:45:02,76135,Metz Scholtz AG & Co. OHG,finden.css,or,Portugal,11:72:e3:38:fe:34,"61,43 €",07:01:08,Asia/Qatar,2012-10-10 12:15:58
-7.0462035,Schwandorf,DE,1975-04-16T14:15:37,478738,Winkler GmbH,Geschenk.key,eo,Costa Rica,d1:ca:99:9c:05:fd,"4,07 €",01:41:09,Africa/Sao_Tome,2000-11-06 22:43:32
-6.030910,Pößneck,DE,2023-06-16T21:22:28,2099043,Hahn OHG mbH,kam.pdf,wa,Indien,4c:10:56:66:ba:e4,"15.686,07 €",10:16:19,America/El_Salvador,2006-09-26 20:01:55
-48.1476795,Einbeck,DE,1986-02-24T06:11:40,532589885,Austermühle Scheibe GmbH & Co. KG,gelb.odp,bn,Österreich,82:eb:51:23:f5:18,"933,30 €",07:26:56,Asia/Katmandu,1971-08-28 04:37:34
82.080157,Königs Wusterhausen,DE,2002-06-10T13:10:54,690,Geisel GmbH & Co. KG,durch.html,mag,Niger,4b:d6:80:6b:54:5c,"975,07 €",23:58:50,Pacific/Majuro,2008-09-21 13:49:00
22.4235375,Mühlhausen,DE,1974-07-28T23:21:27,1905,Meister Hänel KGaA,Vater.html,he,Zypern,11:29:53:33:ae:fd,"193,30 €",16:42:31,Asia/Colombo,1991-04-07 03:08:08
-24.0388145,Feuchtwangen,DE,1983-05-01T03:35:12,1255983,Reinhardt Budig GmbH,fehlen.html,ti,Serbien und Montenegro,ba:a3:79:96:bd:85,"3.001,42 €",13:48:23,Africa/Nouakchott,1977-12-25 13:48:29
-8.540857,Neuss,DE,1981-07-09T04:37:09,71091,Renner GmbH,so.doc,bhb,Irland,47:c1:79:ba:7d:61,"849,55 €",20:30:10,Asia/Calcutta,2013-05-17 06:46:13
-52.140480,Nordhausen,DE,1973-08-25T17:10:32,995667465,Davids Hofmann GbR,Essen.jpeg,tl,Komoren,82:f8:3f:f6:94:51,"578,95 €",01:27:04,Europe/Kiev,2012-07-10 20:23:19
87.1757435,Ansbach,DE,2017-10-15T16:52:28,6,Gertz,Tag.bmp,os,Gambia,a9:28:ad:b8:78:30,"8,09 €",19:18:02,America/Barbados,1981-01-19 05:40:43
-40.292524,Aachen,DE,2010-08-14T17:45:47,26906548,Kade Trub AG & Co. KG,Haare.mp4,hr,Isle of Man,6f:7d:7f:7f:37:da,"7,09 €",07:54:08,Asia/Phnom_Penh,1975-12-08 22:49:28
-42.0919395,Bad Kreuznach,DE,2004-03-22T11:40:19,459868142,Ernst KG,Lehrerin.tiff,kk,Falklandinseln,db:73:06:7e:ac:34,"72.332,08 €",19:42:35,Indian/Mauritius,1987-02-20 23:31:09
-87.791671,Cloppenburg,DE,1993-07-03T11:51:54,3359002,Ditschlerin,besser.ods,el,Litauen,a3:93:3a:66:10:b8,"3,32 €",16:11:52,Asia/Baghdad,1988-01-25 21:15:48
24.308298,Ludwigsburg,DE,1978-10-26T18:12:08,45386,Carsten,Oma.json,mg,Litauen,86:d3:f1:45:d0:7d,"8.524,76 €",06:14:33,Africa/Algiers,2003-09-11 06:58:30
86.457347,Nordhausen,DE,2009-10-23T15:48:17,485731,Jähn AG & Co. OHG,warm.pdf,csb,Jordanien,d0:18:3b:7b:d4:3e,"33,27 €",16:27:14,America/St_Vincent,1998-06-11 23:26:01
-61.250294,Mittweida,DE,2013-06-27T17:34:57,8,Gnatz,kochen.mov,af,Indonesien,b9:94:95:40:11:1f,"44.399,93 €",07:41:04,Europe/Tallinn,2003-05-22 00:19:37
85.8899865,Delitzsch,DE,1979-01-26T14:12:59,94,Ortmann KGaA,Apfel.docx,wae,Nordmazedonien,96:e3:44:22:be:c9,"19,33 €",17:29:47,Europe/Minsk,1987-03-19 01:24:44
53.905236,Magdeburg,DE,1979-11-13T05:08:34,891948,Sager,dick.webm,pl,Niue,f5:61:cc:d9:76:15,"89,37 €",17:22:30,Pacific/Apia,2013-11-29 07:48:29
-48.6490775,Brand,DE,1971-12-13T15:37:12,7930067,Mies e.V.,baden.json,hne,Libyen,a0:fa:c0:26:5d:2e,"42.288,99 €",23:57:46,America/Araguaina,1995-12-23 08:09:05
-84.435534,Dinslaken,DE,1989-01-15T12:07:33,731,Rörricht Hölzenbecher e.V.,Fisch.mp4,ml,Französisch-Polynesien,74:b5:7a:cd:84:14,"1,07 €",10:15:33,Asia/Yerevan,1981-03-18 02:54:05
77.369299,Husum,DE,1976-06-28T10:13:55,22159,Trupp,am.ppt,sid,Osttimor,34:a7:cf:79:38:da,"928,70 €",10:39:51,Pacific/Apia,1978-11-18 18:56:50
-2.2416265,Wismar,DE,1985-07-13T19:20:38,7576036,Loos Stolze GmbH,Wort.flac,bem,Kuba,e6:29:a6:fc:db:2f,"26.023,69 €",12:55:51,Africa/Mbabane,1995-07-17 15:15:21
-60.9628375,Pegnitz,DE,1978-09-10T14:00:46,72,Ruppert GbR,Rad.html,fil,Äußeres Ozeanien,40:d8:0e:2e:34:bb,"9.314,47 €",10:30:57,America/Montevideo,1988-08-03 19:14:54
42.297423,Höxter,DE,2008-01-10T13:55:04,12,Wiek Eimer KG,rot.xls,nso,Belarus,13:a1:48:99:84:b2,"98,64 €",11:56:16,America/Guatemala,1992-08-19 08:31:46
20.3370835,Marktheidenfeld,DE,1997-06-19T02:25:48,81838,Hövel,werden.key,en,Costa Rica,fd:a9:fc:25:c5:d2,"46,13 €",21:54:57,Asia/Oral,1997-07-11 13:45:01
38.2091895,Garmisch-Partenkirchen,DE,1983-07-30T00:20:11,2971,Hofmann GmbH & Co. KGaA,klein.txt,ka,Sudan,a7:21:bc:c4:88:1f,"48.324,62 €",20:13:09,Pacific/Tongatapu,2012-05-23 06:32:54
-25.0878405,Crailsheim,DE,2003-05-06T17:58:19,688421762,Patberg AG & Co. KGaA,Tür.bmp,wo,Heard- und McDonald-Inseln,af:cc:a3:2c:b0:e1,"8,96 €",17:40:15,Europe/Minsk,1970-02-25 00:36:59
31.3792905,Ravensburg,DE,2022-01-11T08:53:17,31276589,Löffler,Essen.flac,the,Norwegen,23:7d:22:f9:b6:97,"739,26 €",03:48:44,Indian/Mauritius,1983-06-27 23:20:05
54.864097,Arnstadt,DE,1997-10-21T07:38:43,92105,van der Dussen,verkaufen.docx,gd,Honduras,4c:82:fa:62:8e:1a,"709,73 €",09:05:03,Europe/Sofia,1973-06-05 20:38:15
-80.149190,Neustadtner Waldnaab,DE,1993-07-25T12:26:15,4447,Boucsein,das.csv,zh,Grenada,37:dd:1b:b8:ea:38,"83.294,11 €",15:51:15,Europe/Bratislava,2022-04-17 08:02:01
-5.4715195,Lüdenscheid,DE,1988-02-26T22:10:24,5,Steckel Bohlander AG,fehlen.webm,quz,Kenia,6f:8f:a5:30:24:bb,"96,69 €",17:29:43,Europe/Copenhagen,1982-10-10 07:26:29
-3.5529865,Anklam,DE,1979-11-27T11:37:15,917,Bender,wo.ods,wae,Ägypten,75:66:ef:3e:2c:81,"81.657,59 €",20:52:16,Asia/Pyongyang,2023-09-02 15:33:12
-86.7129195,Genthin,DE,2023-01-30T20:32:12,8,Krause Becker AG & Co. KGaA,Fenster.html,sq,Kuwait,4d:8a:af:28:08:c6,"6.661,66 €",17:17:26,Europe/Tallinn,1983-10-26 17:42:33
-42.7613665,Lüdenscheid,DE,2018-05-14T21:11:58,237403980,Gutknecht Lindner GmbH & Co. OHG,wissen.flac,mni,Island,29:0c:3c:1f:59:d1,"645,39 €",17:28:37,Africa/Abidjan,1979-10-04 01:21:48
20.2760155,Eichstätt,DE,2012-08-28T13:57:20,2543,Bärer KG,bekommen.txt,kw,Tschad,11:c5:49:18:50:4f,"78,74 €",05:22:18,Indian/Comoro,2019-04-16 16:33:31
-70.9486295,Mittweida,DE,2016-04-28T18:17:38,760,Stiebitz,Straße.flac,ber,Bhutan,8d:67:91:57:81:0a,"9.128,89 €",14:39:05,Africa/Gaborone,2006-05-15 23:09:17
24.641722,München,DE,2001-03-24T14:12:38,773054924,Stiffel GmbH & Co. OHG,rot.ppt,so,Taiwan,97:36:a0:99:8f:c3,"3.024,94 €",21:07:23,Europe/Andorra,2017-12-14 02:16:58
82.807153,Helmstedt,DE,2002-01-06T19:19:13,6123303,Christoph,denken.pages,eo,Mayotte,14:2b:bc:55:d7:c2,"884,26 €",17:08:29,Europe/Istanbul,1993-06-07 03:32:04
-80.8321255,Meißen,DE,2015-05-02T23:11:28,1,Kramer Franke AG,Zeit.webm,hu,Vatikanstadt,06:9d:91:d6:26:3a,"97,10 €",00:52:50,America/Guyana,1979-08-14 20:13:01
80.3094235,Zerbst,DE,2017-08-07T12:57:06,9974,Roskoth Gerlach GmbH & Co. KG,voll.webm,yue,Tokelau,43:49:8f:31:9c:7f,"5,98 €",15:31:24,Australia/Melbourne,1979-07-14 14:42:01
-71.444402,Chemnitz,DE,1994-08-22T07:45:52,6,Gierschner OHG mbH,ging.doc,ky,Grenada,2b:fe:8f:85:cf:01,"68.225,08 €",10:16:11,Europe/Malta,1970-10-19 06:02:40
-88.787604,Lippstadt,DE,2017-01-25T08:39:59,72091,Weitzel KG,Bein.mp4,ro,Osttimor,b1:66:35:90:5f:27,"83.065,21 €",05:51:58,Africa/Windhoek,2015-05-31 21:58:40
-44.4018105,Neustrelitz,DE,2016-04-01T06:29:33,8050,Atzler,Bauer.css,lt,Bangladesch,d3:ed:5f:bc:09:b0,"4.763,69 €",15:40:13,Pacific/Majuro,1980-07-11 12:29:52
-45.394674,Waldmünchen,DE,2000-12-30T19:33:52,2,Mende Scheibe AG,Luft.webm,kk,Armenien,ba:0d:fe:3b:ff:71,"5.790,87 €",03:42:52,Africa/Addis_Ababa,1999-10-04 02:25:56
22.460514,Malchin,DE,1988-11-12T03:38:26,5185722,Gunpf KG,schaffen.ppt,bho,Mali,10:cb:ad:ae:dd:43,"96.780,80 €",05:45:54,Africa/Monrovia,1992-08-01 21:58:57
-82.1846645,Neustrelitz,DE,2009-03-18T11:25:29,632136047,Höfig AG & Co. OHG,erschrecken.png,ca,Philippinen,97:31:00:7a:03:2a,"6.120,52 €",06:53:23,Atlantic/Canary,2016-11-15 05:41:32
7.0478995,Feuchtwangen,DE,1979-01-05T15:14:52,978996391,Werner Speer GmbH,was.mp3,an,Brasilien,14:f6:39:72:a7:f9,"38.946,91 €",03:32:08,Europe/Warsaw,2008-09-22 05:26:38
34.4443615,Lüdenscheid,DE,2008-09-21T22:03:51,126298504,Klingelhöfer AG,Schwester.gif,mr,Uganda,3f:52:59:d9:50:9b,"1.279,07 €",09:17:46,Europe/Riga,2014-11-12 12:53:42
-27.0282775,Querfurt,DE,1989-09-26T04:22:04,2,Stolze AG & Co. KGaA,hinein.mp3,tl,Dominikanische Republik,23:e1:e7:c9:7a:e1,"692,01 €",19:40:07,Africa/Johannesburg,1979-03-16 04:31:27
-22.142214,Brilon,DE,2003-11-05T21:15:50,157276799,Löchel AG,gefährlich.gif,dv,Südgeorgien und die Südlichen Sandwichinseln,ee:7e:2e:65:b9:a8,"4.974,97 €",06:17:09,Europe/Stockholm,1982-10-27 20:38:19
41.5900285,Gelnhausen,DE,1993-08-03T02:11:15,5599579,Hamann GmbH,mein.mp3,ar,Ghana,2f:c1:66:14:ca:48,"12.966,02 €",05:24:47,Asia/Qatar,2006-01-24 10:31:58
-5.1377095,Guben,DE,1983-06-30T07:51:21,83483,Haase Caspar GbR,helfen.mp3,ayc,Nauru,94:e2:f1:d4:d2:5d,"9.560,86 €",16:28:50,Pacific/Kiritimati,1977-01-31 22:56:33
-63.750964,Lörrach,DE,2002-10-18T20:42:37,402811,Trubin AG,zu.avi,so,Montserrat,54:03:5b:17:e6:1a,"5.957,63 €",19:35:42,Europe/Vaduz,1978-08-16 06:11:44
18.3566155,Aschaffenburg,DE,2016-12-07T03:49:15,6,Eigenwillig Zahn GbR,Bein.png,fur,Rumänien,38:7e:47:f7:77:09,"56.782,64 €",17:34:57,Asia/Karachi,1979-02-03 08:51:11
49.0280095,Auerbach,DE,2014-07-15T06:11:59,20781,Hartung Pergande AG & Co. OHG,Papa.key,fy,Papua-Neuguinea,d9:60:68:b1:ca:43,"28.003,84 €",05:52:02,Asia/Phnom_Penh,1991-02-08 06:07:49
50.065298,Hechingen,DE,1995-05-11T06:15:54,6816663,Wirth GmbH & Co. KG,zwei.pdf,mg,Kambodscha,8a:a8:cb:39:ff:81,"7,47 €",19:08:17,Asia/Bahrain,1980-05-15 01:01:40
70.5069815,Schongau,DE,2023-02-14T01:28:09,53071,Trub GbR,fröhlich.mp3,cv,Kasachstan,63:91:14:e7:85:83,"16.044,00 €",06:49:19,Africa/Mogadishu,2022-07-02 16:51:45
-59.9462885,Norden,DE,2000-01-19T17:09:30,2893,Schäfer,sich.mp4,apn,Isle of Man,68:d6:b3:c8:9c:1b,"48,60 €",14:55:27,Africa/Djibouti,1983-10-17 05:21:41
-67.6077995,Cloppenburg,DE,1984-11-27T14:05:23,97168,Heß,zwischen.mp3,gez,St. Vincent und die Grenadinen,d2:02:7e:12:40:54,"6,66 €",02:14:47,Africa/Tripoli,2006-02-23 08:14:42
-18.571494,Gransee,DE,2018-12-16T13:57:24,554765,Kostolzin Striebitz AG & Co. KG,weil.mp3,bem,Britisches Territorium im Indischen Ozean,85:9f:de:d4:25:dc,"651,53 €",00:50:43,Asia/Baku,1978-08-13 11:16:35
-14.861277,Schwäbisch Hall,DE,2013-10-06T12:00:16,1,Kambs,Glück.gif,wa,Britisches Territorium im Indischen Ozean,8f:74:df:58:fd:5c,"664,51 €",20:33:14,Africa/Kigali,1971-09-21 18:26:45
88.1076635,Zschopau,DE,2004-11-06T01:51:57,905914,Weitzel,vergessen.bmp,br,Ghana,be:aa:68:a0:69:5b,"33.324,06 €",15:28:32,America/Grenada,1994-04-08 04:36:35
-25.8962235,Pegnitz,DE,1973-10-06T16:10:33,2673620,Weitzel,offen.tiff,mk,Fidschi,39:41:54:8a:67:d7,"751,35 €",00:49:01,Europe/Tirane,2010-08-06 06:10:21
16.1902525,Biedenkopf,DE,1990-01-05T01:36:03,458399,Hendriks,Jahr.avi,eu,Samoa,57:b7:6f:77:b5:18,"69.786,29 €",13:15:45,Africa/Gaborone,1970-08-07 05:50:34
-66.201206,Diepholz,DE,2019-07-25T20:11:20,47,Seip Löwer GmbH & Co. KGaA,von.wav,nan,Mexiko,ac:83:28:4c:77:97,"137,78 €",04:33:34,Africa/Monrovia,1984-01-20 08:17:27
9.480846,Jena,DE,1986-05-07T04:17:08,29454,Becker AG & Co. KG,offen.gif,zu,Nördliche Marianen,bb:fa:5b:9b:3d:3a,"0,69 €",01:43:24,Europe/Vatican,1997-08-14 14:42:40
51.6918025,Steinfurt,DE,2017-03-22T02:37:00,89734497,Reinhardt Stiftung & Co. KG,Jahr.mp3,fil,Myanmar,a1:8a:fc:9d:50:a6,"11.536,46 €",17:24:37,America/Paramaribo,2000-07-01 19:06:27
-25.666841,Hildburghausen,DE,1983-07-18T21:40:05,2390760,Walter AG,am.mov,ak,São Tomé und Príncipe,69:bc:6e:a9:35:c3,"78.197,64 €",05:32:27,America/Santo_Domingo,2001-02-24 20:31:46
-85.4296485,Lichtenfels,DE,1991-06-18T17:16:19,9973,Stumpf,dir.mov,shs,Honduras,35:55:f6:79:35:56,"6,73 €",06:16:49,Europe/Bucharest,1984-05-02 17:33:41
-0.4846645,Ueckermünde,DE,2013-06-18T06:22:17,650417329,Pärtzelt,Wort.wav,eu,Heard- und McDonald-Inseln,31:8d:f5:66:0c:99,"49,39 €",12:37:29,Europe/Brussels,1987-10-10 19:52:42
42.6821765,Luckau,DE,1995-09-28T03:16:58,641437,Heidrich KG,vor.avi,brx,Philippinen,a0:c8:c3:70:6e:c1,"804,72 €",09:35:01,America/Costa_Rica,1994-07-30 23:21:00
-17.976363,Gadebusch,DE,2009-02-21T14:37:13,1403,Dussen van GmbH,tot.flac,lo,Estland,20:85:ed:c4:c3:f5,"7.813,38 €",16:21:42,Asia/Singapore,2008-02-29 03:39:10
68.1699265,Starnberg,DE,1998-10-18T08:30:55,29233773,Mende,zwischen.js,aa,Tonga,b9:61:b7:e1:6c:6a,"57.108,77 €",18:26:31,Europe/Luxembourg,1976-05-16 18:40:37
-39.5686635,Ebersberg,DE,1971-03-28T02:47:11,522571228,Stey,dafür.flac,tr,Äußeres Ozeanien,d2:0a:d1:60:70:81,"35.088,21 €",04:36:46,Europe/Belgrade,1990-06-17 05:25:50
-25.0311485,Tübingen,DE,2002-07-01T18:25:31,700,Ziegert Bolzmann AG & Co. KGaA,Weihnachten.xls,ca,Nördliche Marianen,e7:08:d8:79:29:02,"6.749,65 €",10:59:49,Pacific/Nauru,2020-12-06 17:34:37
-3.516927,Lörrach,DE,2009-08-28T11:59:29,684131761,Stiebitz,klein.flac,mag,Nepal,78:38:7d:34:29:6e,"569,66 €",05:45:42,Africa/Harare,2020-11-09 12:28:11
78.9963795,Weißwasser,DE,2018-10-05T10:07:58,1368,Wohlgemut GbR,Winter.wav,si,Sambia,93:d9:d3:66:e6:e2,"82,54 €",19:43:57,America/Grenada,2021-12-29 20:49:46
40.7747115,Bad Kreuznach,DE,1990-09-25T15:43:14,118811221,Albers,da.mp3,ko,Türkei,02:50:f2:af:06:25,"837,13 €",10:40:17,America/St_Vincent,1976-05-24 17:51:04
-19.582225,Aue,DE,2012-06-05T12:05:37,68,Rädel Neuschäfer AG,offen.odp,lzh,Äquatorialguinea,c2:2e:01:8d:97:8d,"22.274,44 €",03:50:52,Europe/Prague,1985-04-23 05:14:44
0.5689215,Norden,DE,1992-08-04T06:25:27,4199035,Mühle Christoph GmbH & Co. KG,jetzt.ods,fur,Trinidad und Tobago,41:e2:d8:1c:ca:70,"8,35 €",19:03:06,Asia/Beirut,1971-07-30 20:20:51
-74.8744795,Malchin,DE,1981-07-23T15:52:24,48,Winkler,Glas.js,nb,Alandinseln,08:58:ad:06:33:ae,"556,81 €",11:59:18,Asia/Samarkand,1988-12-21 22:46:31
-56.754152,Artern,DE,1981-09-22T23:42:45,27857,Nette GmbH & Co. KG,steigen.flac,ce,Ghana,4b:e6:0c:d7:c0:a8,"887,55 €",18:40:20,Europe/Skopje,1985-06-10 06:53:16
-82.4127445,Merseburg,DE,1987-06-20T22:58:03,85165,Sauer AG,tun.docx,sk,Äthiopien,dc:d0:e1:3b:01:cf,"678,65 €",10:03:31,Europe/Athens,1987-07-12 03:20:22
14.260961,Viersen,DE,2004-08-30T15:10:57,9708,Textor Stroh GmbH & Co. OHG,lange.html,mt,China,48:b7:1d:c1:20:e5,"233,33 €",19:48:58,Asia/Baku,2009-06-21 03:00:36
-58.6210145,Grevesmühlen,DE,1974-03-06T11:41:40,832,Losekann,tot.xls,sk,Andorra,2f:fe:1a:a6:db:62,"5.152,55 €",13:46:36,America/Araguaina,1985-06-16 09:58:03
-76.728263,Hagenow,DE,1977-06-24T12:34:37,856051730,Beckmann,werfen.gif,uz,Côte d’Ivoire,30:e7:e0:fb:b2:9e,"74,80 €",21:45:07,Europe/Chisinau,1975-11-24 05:41:30
-26.932481,Seelow,DE,1973-12-11T03:19:29,5330076,Dobes,der.webm,sk,Isle of Man,2c:ec:48:e0:c0:90,"296,49 €",18:36:03,Asia/Colombo,2000-09-20 23:15:21
-20.6183155,Zossen,DE,1985-06-16T02:13:41,474317,Beyer,zehn.mp4,unm,Bahamas,65:7c:82:b0:c0:f7,"30,13 €",02:37:25,America/Guatemala,1974-10-29 06:35:42
-66.492256,Witzenhausen,DE,1978-03-20T00:56:13,96074,Zahn Schuster GmbH,verkaufen.html,en,Togo,09:12:10:63:2e:0d,"58.480,05 €",23:10:27,Asia/Thimphu,1983-04-16 20:15:02
64.2189615,Berchtesgaden,DE,1989-12-04T23:42:50,99423,Scheuermann Kreusel e.V.,drei.pdf,raj,Schweiz,99:5a:92:4c:9e:4e,"632,32 €",02:29:52,Europe/Paris,1975-03-25 00:29:53
26.421581,Nabburg,DE,1983-11-10T14:18:15,708,Dörr Rohleder GmbH & Co. KG,Herr.mp3,sd,Äthiopien,19:52:df:c3:16:28,"275,11 €",01:33:38,Atlantic/Reykjavik,1995-10-16 22:53:08
-69.8888435,Sondershausen,DE,2001-05-19T22:19:58,7,Scholtz Sorgatz AG,Musik.webm,my,Malta,14:36:58:7e:5a:56,"3,63 €",07:04:55,Africa/Kampala,2006-02-10 03:57:01
76.032616,Recklinghausen,DE,1988-04-15T02:38:29,36384,Schleich Hermann Stiftung & Co. KGaA,die.odt,af,Südgeorgien und die Südlichen Sandwichinseln,68:06:97:5d:08:1f,"478,19 €",05:27:41,America/Port_of_Spain,1997-05-20 14:18:43
-83.8989015,Artern,DE,1980-12-29T08:00:42,1,van der Dussen AG,nächste.webm,hu,Niger,6d:88:f0:7b:d7:2b,"645,45 €",12:50:02,Indian/Mauritius,2023-01-05 02:46:14
-33.933476,Greifswald,DE,2021-03-04T07:48:38,144,Dörr e.V.,dort.wav,sq,Kasachstan,3a:dc:72:d2:35:63,"415,32 €",20:03:21,Europe/Minsk,1973-11-08 22:49:26
36.348951,Ebermannstadt,DE,1973-04-26T11:17:32,84246526,Rosemann van der Dussen GmbH,an.flac,cmn,Nigeria,6d:f4:a3:41:04:9c,"2.328,92 €",01:24:38,Europe/Kiev,1984-09-08 22:20:50
-3.505813,Soest,DE,2004-02-19T09:05:54,7,Bähr Vollbrecht KGaA,Minutenmir.csv,kok,Dschibuti,e2:64:da:25:6e:64,"6,03 €",07:48:47,Atlantic/Canary,2014-07-09 22:26:44
38.7167825,Magdeburg,DE,2009-06-11T11:57:08,182,Lübs GbR,für.tiff,rw,Island,17:9a:a6:f2:dd:c3,"87.628,93 €",01:36:36,Asia/Kuwait,1981-04-20 04:16:39
73.701801,Wismar,DE,2013-08-12T10:34:11,5,Kambs KG,als.json,ht,Trinidad und Tobago,db:11:eb:de:9c:40,"36.186,13 €",12:05:24,Asia/Riyadh,2004-08-19 19:36:47
-29.1854755,Jena,DE,1995-04-13T02:40:21,829224095,Weller,sofort.js,sat,Kroatien,c8:2b:d2:cd:4b:1c,"40.121,09 €",17:57:35,Atlantic/Cape_Verde,1985-03-20 01:58:23
-19.4786915,Schwäbisch Gmünd,DE,1998-03-31T11:39:06,895600,Beyer,Wagen.flac,ayc,Vanuatu,1a:f2:ca:2b:4d:c7,"85,51 €",20:56:12,Europe/Skopje,1996-06-27 11:53:44
-78.298713,Herzberg,DE,1977-06-07T16:01:50,93989,Rosemann,ging.html,gd,Amerikanische Jungferninseln,e9:de:b6:89:96:d8,"29.507,46 €",14:29:17,Africa/Blantyre,1973-08-21 16:31:59
34.2524825,Kamenz,DE,2003-05-11T06:50:22,767422280,Freudenberger,Junge.csv,th,Guatemala,f7:df:dc:89:6f:df,"2,73 €",17:07:36,Europe/Sofia,1970-10-14 14:18:45
-75.820861,Garmisch-Partenkirchen,DE,2015-02-26T06:14:39,5671542,Binner Krebs GmbH,Hand.wav,sa,Pakistan,52:13:52:3d:d1:cd,"6,10 €",22:15:47,Asia/Katmandu,1975-05-01 11:59:26
-65.848764,Jessen,DE,1995-01-29T03:45:57,976550,Pölitz,vergessen.flac,dz,Somalia,96:3b:7f:44:c9:69,"116,16 €",22:58:21,America/Antigua,1992-10-16 08:38:31
-32.4364655,Recklinghausen,DE,2006-11-15T03:59:00,62,Hesse GmbH,unter.webm,mhr,Kambodscha,60:b6:08:e9:7b:cd,"3,96 €",11:49:34,Africa/Maseru,1984-07-01 12:29:23
34.874737,Rockenhausen,DE,1981-07-26T05:32:45,9,Junitz,Wiese.csv,zh,Montenegro,f6:44:47:9d:ac:39,"5.446,25 €",22:07:06,America/Tegucigalpa,1983-03-02 05:13:05
22.4339275,Forchheim,DE,1976-06-20T03:22:22,9,van der Dussen e.V.,sechs.webm,pl,Nicaragua,d6:12:2e:2d:b4:3c,"9.137,85 €",05:13:38,America/Tegucigalpa,2022-03-19 02:07:17
72.7001165,Aurich,DE,2003-12-29T03:30:52,74850,Hofmann,Weg.flac,kl,Mali,ef:d9:e6:90:56:91,"8.910,83 €",17:01:22,Africa/Lusaka,1988-08-25 12:28:43
59.6038445,Bad Kissingen,DE,1976-03-02T05:32:26,97,Atzler AG,Milch.webm,gez,Swasiland,0e:6f:39:88:83:61,"27,27 €",04:03:26,Africa/Conakry,1983-12-12 07:18:51
67.6959295,Bad Langensalza,DE,1972-09-09T22:49:40,242,Weiß,bauen.bmp,unm,Jersey,b4:23:3f:71:d8:31,"58,80 €",10:30:19,Africa/Windhoek,1992-04-18 20:59:02
-62.192986,Berlin,DE,2002-03-08T13:46:25,75461734,Lorch,Bruder.pages,it,Trinidad und Tobago,44:5a:18:99:69:b2,"659,44 €",08:27:58,Pacific/Guadalcanal,1985-05-10 05:16:18
14.590447,Guben,DE,1973-12-04T05:40:32,349,Kambs GmbH,Leben.mp3,or,Bermuda,fe:ca:c4:b5:5a:9a,"0,39 €",23:44:41,Asia/Dubai,2001-06-09 11:00:53
-12.184966,Düren,DE,1979-06-12T18:36:21,5346,Mosemann Girschner AG & Co. OHG,mehr.mp3,ber,Bhutan,d4:6b:11:ae:a9:41,"48,60 €",01:18:24,Europe/Bucharest,1983-07-07 21:36:08
-74.302000,Heinsberg,DE,1992-11-29T16:36:42,291,Henck,fiel.flac,be,Ungarn,26:da:7f:7d:c6:a3,"5,71 €",17:34:21,Africa/Dakar,1999-09-13 01:57:08
24.9437615,Monschau,DE,1985-11-03T18:54:07,8,Heidrich Pruschke AG,ohne.avi,eu,Kroatien,2e:71:e3:1e:2b:55,"0,20 €",22:42:35,Pacific/Funafuti,1989-01-25 14:13:32
-25.326837,Altentreptow,DE,2015-12-17T08:51:21,9407,Killer,Nase.webm,rw,Philippinen,0f:53:1b:5c:b6:cc,"85,70 €",07:09:06,Africa/Maseru,2008-01-21 00:44:52
65.9531665,Ravensburg,DE,1970-10-14T22:20:33,593824121,Patberg AG,weinen.odp,de,Tonga,7c:23:96:9c:b6:6a,"9,36 €",21:46:39,Asia/Saigon,1971-12-15 09:11:06
-8.8534255,Aurich,DE,2021-06-28T22:07:00,916318,Werner Adolph GmbH,nicht.mp3,tr,Niger,4d:b5:b8:08:b1:71,"510,78 €",09:44:06,Asia/Tbilisi,2015-09-08 01:16:33
-6.697351,Wolfach,DE,2004-02-10T00:34:45,93071,Losekann,schreiben.json,sr,Israel,fe:ab:f6:24:a7:43,"1,09 €",16:28:05,Africa/Kigali,1971-10-01 03:03:04
-75.803912,Delitzsch,DE,1988-10-26T09:17:45,4,Pergande Hofmann AG & Co. KG,zwischen.xls,sq,Dschibuti,8d:31:08:99:e1:d0,"990,42 €",04:38:38,Africa/Djibouti,1982-05-05 08:31:04
34.006912,Tecklenburg,DE,2010-10-24T19:05:24,2,Ortmann Huhn AG,auch.mp4,ur,Frankreich,59:90:25:66:f0:64,"95,46 €",19:03:22,Asia/Tokyo,1973-07-28 13:14:56
13.9329085,Luckenwalde,DE,2007-03-04T06:42:04,74562639,Hofmann Siering GmbH,Abend.odt,ss,Isle of Man,a3:14:c0:98:8a:3c,"2.725,48 €",22:01:16,Africa/Dar_es_Salaam,2003-07-03 00:26:32
69.8879045,Hainichen,DE,2006-06-23T10:35:49,920231368,Ullmann Textor KG,voll.mp4,nl,Norfolkinsel,a4:cd:08:ec:12:43,"6,47 €",09:50:34,Africa/Douala,1991-12-03 19:43:49
5.9032995,Ilmenau,DE,1998-06-24T09:06:36,50,Hornich Schwital KGaA,dafür.jpg,sc,St. Martin,3e:ae:18:ff:1f:f5,"5,11 €",21:51:24,Asia/Brunei,1991-09-11 08:41:39
-60.0191645,Neubrandenburg,DE,1977-08-09T11:44:50,605846,Seifert AG,Brot.xlsx,os,Guinea,22:52:a8:2f:a3:2a,"68.688,01 €",01:03:29,Africa/Windhoek,2013-05-20 10:17:06
-84.121067,Sondershausen,DE,1971-06-08T05:13:41,328,Hertrampf Kambs KGaA,Minute.odp,km,Syrien,c8:b9:b5:a4:02:2b,"9.566,87 €",18:49:35,Asia/Dili,2014-04-06 14:52:53
-44.971113,Hildburghausen,DE,1991-06-06T20:58:02,800187470,Atzler Täsche KG,Luft.gif,os,Grönland,c2:26:f4:39:ea:77,"506,40 €",16:46:23,Asia/Dhaka,2014-06-15 18:37:35
11.7008285,Erding,DE,2004-06-26T07:13:39,1739,Jüttner AG & Co. KG,plötzlich.mp4,bg,Dänemark,5a:a7:94:76:89:8a,"8,48 €",04:30:14,Asia/Dubai,2010-03-05 22:05:05
-85.151679,Rostock,DE,1992-07-18T10:54:56,1421287,Eimer,grün.xls,uz,Alandinseln,07:3b:1d:a4:61:c3,"74,51 €",12:45:47,Indian/Mahe,1992-09-17 15:29:27
-45.3251045,Gräfenhainichen,DE,1982-04-15T17:50:47,3,Wulf e.V.,schauen.docx,pa,Sri Lanka,e3:54:0f:41:21:0d,"5.763,10 €",05:48:08,Africa/Sao_Tome,1984-06-18 07:11:08
18.4914455,Gräfenhainichen,DE,2006-02-05T21:41:57,3584,Drubin AG & Co. KG,Minutenmir.mov,niu,Japan,5a:d2:be:69:e2:be,"113,69 €",07:45:29,America/St_Lucia,1987-05-18 19:44:31
-85.373703,Germersheim,DE,2013-08-06T17:26:31,8,Anders e.G.,Abend.tiff,cs,Ruanda,b5:52:b5:c4:cb:84,"2,45 €",02:13:52,Indian/Mahe,1989-12-27 15:42:19
57.3910085,Aschaffenburg,DE,1980-12-29T01:12:19,203428,Beer Rörricht OHG mbH,zu.key,uz,Tuvalu,77:95:52:4d:b9:16,"6.808,79 €",14:27:51,America/Guatemala,2001-06-21 07:04:17
-78.892011,Bad Mergentheim,DE,1997-04-26T22:08:24,1349,Albers,plötzlich.ppt,eo,Liberia,02:6f:7e:8b:dd:7d,"4.184,37 €",14:27:00,Asia/Vientiane,1993-02-13 11:16:18
68.595776,Ingolstadt,DE,1973-05-10T06:08:30,2333625,Zirme Tschentscher GmbH,sieben.txt,en,Iran,bc:db:14:17:78:e2,"84,62 €",01:45:26,America/St_Lucia,2006-04-05 01:07:11
-55.4164795,Erding,DE,1997-09-03T09:14:02,6,Geißler Meister AG & Co. OHG,hin.tiff,ia,Russische Föderation,b6:4e:27:fa:ad:a3,"4,04 €",13:09:57,Africa/Bissau,2006-02-10 20:30:45
0.230757,Kusel,DE,2016-06-09T01:25:29,835218474,Austermühle,schwimmen.avi,nds,Tschad,26:c0:4c:57:37:3f,"95.812,56 €",02:56:07,Asia/Dhaka,1978-02-01 01:26:17
50.560771,Niesky,DE,1991-10-30T21:46:19,2879,Gnatz Fischer AG,sie.docx,st,Malediven,f2:0a:a3:0d:cc:79,"4,73 €",03:43:16,Pacific/Nauru,2010-06-12 21:43:17
