pricetag,random_number,time,country,date,file_name,company,bank_country,latitude,language_code
$99.33,433036,10:13:03,Anguilla,2010-09-16,dolor.wav,Byrne Inc,GB,-78.0372895,nso
"$4,784.69",5153,23:08:30,Tokelau,2005-03-02,voluptas.mp3,"Johnson, Harrison and Phillips",GB,-77.866535,bs
"$5,982.02",38066738,00:14:26,Jamaica,2016-05-15,deserunt.mp4,"Howell, Jones and Young",GB,-21.7827105,hr
$79.30,5285,06:28:13,Austria,1979-03-30,eveniet.js,"Gordon, Jenkins and Parkinson",GB,71.2878785,th
$71.68,9842066,21:28:37,Bahamas,1992-12-11,debitis.html,Clarke Inc,GB,39.2152225,uz
$56.06,614369323,20:50:05,Timor-Leste,2007-09-18,libero.odt,Rowley-Lloyd,GB,77.542047,fil
"$92,895.65",806,08:35:21,Seychelles,1988-09-01,minus.css,"Ford, Patel and Thompson",GB,-45.5078285,ne
$932.24,604,00:29:08,Maldives,2013-04-11,omnis.mov,"Lewis, Cooper and Parker",GB,20.281690,nan
"$58,518.26",906436276,21:29:39,Macao,1995-06-25,dolores.mp3,"Barnes, Wilson and Preston",GB,13.5007135,ms
"$4,714.20",6403509,00:29:45,Zambia,1988-12-10,saepe.tiff,"Miller, Ahmed and Gardner",GB,-78.487999,lv
$513.69,8857,22:26:52,Cameroon,1981-04-11,ducimus.doc,Moran and Sons,GB,-72.951387,ro
"$73,549.07",857774428,08:52:20,Faroe Islands,2013-04-21,maxime.mp4,Lewis Ltd,GB,-0.753132,ky
$7.27,79191907,11:31:17,Swaziland,2000-03-08,ipsum.bmp,Thomas PLC,GB,15.1026625,ckb
"$80,042.27",32,00:35:40,Yemen,1980-12-03,saepe.mp4,Goodwin-Jenkins,GB,-37.805825,pt
$144.02,542,03:13:44,Andorra,1988-05-17,dignissimos.json,Mason-Lewis,GB,38.3234045,aa
$21.84,556712,05:13:18,Micronesia,2005-07-20,distinctio.jpeg,Hudson LLC,GB,28.7496625,hak
"$91,014.60",6461,05:27:54,Antigua and Barbuda,1996-10-30,non.tiff,Clements-Cook,GB,-89.589017,cmn
$442.08,5,00:40:57,North Macedonia,1989-08-23,facilis.mov,"Brown, Bentley and Hall",GB,-6.3246415,mai
$962.44,149907,10:48:36,Angola,2023-07-01,dolor.avi,"Bartlett, Hughes and Griffin",GB,5.007800,cs
$36.60,609948,21:45:16,Syrian Arab Republic,2000-06-10,beatae.css,"Howard, Wallace and Smith",GB,83.238844,nso
$4.82,7932,00:57:53,Hong Kong,1981-08-08,dolorum.wav,Lord-Ahmed,GB,-70.7418485,hr
"$81,060.21",6,13:29:47,Trinidad and Tobago,1984-10-21,dolore.numbers,"Wood, Griffin and Smith",GB,18.981897,ff
$83.92,35875,05:38:46,Puerto Rico,2023-02-26,delectus.pptx,Singh-Richardson,GB,55.060170,mi
$0.82,3,12:50:41,Ireland,2014-09-30,eius.txt,"Graham, Webb and Russell",GB,-58.8579425,iw
$3.47,8480024,21:50:51,Jamaica,2009-06-15,est.json,Richards Ltd,GB,-24.938462,ber
$99.34,32490659,05:18:58,French Southern Territories,2013-10-18,minima.webm,"Evans, Lewis and Carter",GB,44.5029705,ik
$0.37,589145,18:37:24,Somalia,1998-04-22,nobis.mov,Campbell Group,GB,-62.3832765,hr
"$98,719.62",4399,19:18:42,Belgium,1995-02-24,aperiam.gif,Chapman LLC,GB,-35.9108135,wo
$15.42,9577245,08:02:21,Tunisia,1981-12-27,iure.mp4,"Townsend, Davies and Stokes",GB,-10.007094,sat
"$63,179.84",106358,16:17:59,Sierra Leone,1981-10-02,earum.jpg,Smart Group,GB,84.0592475,ml
"$4,965.57",69070065,12:47:49,Holy See (Vatican City State),2017-11-04,distinctio.mov,"Moss, Jackson and Nelson",GB,72.6716905,bg
"$66,694.14",32,17:46:43,Denmark,1971-05-31,deserunt.odt,Moore Inc,GB,8.615033,cs
$5.92,3,22:31:15,French Guiana,1979-05-22,atque.xlsx,"Johnson, Wade and Ross",GB,69.2174445,cs
$55.52,7073416,19:29:04,Syrian Arab Republic,2017-02-09,voluptas.json,Robinson-Harrison,GB,-84.3074575,mhr
$441.04,86618134,08:19:40,Senegal,1995-05-26,rem.mp4,"Evans, Hughes and King",GB,21.518461,hy
"$7,713.85",3262,04:35:46,Mali,2002-09-28,dolorem.mp3,"Smith, Begum and Simpson",GB,3.911194,nn
$4.41,20,03:23:46,Iceland,2009-07-10,praesentium.gif,"West, Fuller and Brown",GB,-80.2534855,kw
$70.86,51979,21:32:42,Bermuda,2006-07-26,voluptatum.bmp,Smith and Sons,GB,15.2866895,fa
$550.67,86677378,14:02:33,Netherlands,1990-05-02,distinctio.flac,Mitchell Inc,GB,-14.271495,de
$90.55,934,07:45:43,Marshall Islands,2007-09-14,deleniti.csv,"Bartlett, Williams and Stanley",GB,-44.7493715,tk
"$6,989.51",349121744,06:57:46,Indonesia,2005-03-30,porro.wav,"Taylor, Perry and Fowler",GB,-61.376053,fil
$80.61,6571859,21:16:18,Vietnam,1977-05-22,veniam.wav,Wilson-Freeman,GB,-63.037144,sl
$4.41,472169656,21:04:59,Western Sahara,2012-12-06,corporis.xls,Davies-Holt,GB,-72.3880375,wo
"$91,300.51",97445,00:51:17,Saint Vincent and the Grenadines,2004-02-18,neque.xlsx,"Burton, Watts and Clark",GB,79.4634755,is
$828.98,468,11:20:36,Greece,1990-12-26,vero.webm,"Hancock, Hughes and Brooks",GB,-10.4565335,se
$26.44,34241,09:07:22,Central African Republic,2023-06-07,sequi.mp3,Bailey PLC,GB,27.4938375,gv
"$18,273.65",607623673,23:23:28,Bangladesh,1984-06-18,atque.mp4,Alexander-Harris,GB,-78.216728,gv
$37.53,7773,00:13:27,Central African Republic,1973-08-18,cumque.webm,Oliver PLC,GB,-20.1304785,sa
"$59,034.55",752,00:15:06,El Salvador,2016-11-09,aperiam.doc,"Price, Taylor and Miller",GB,-11.764112,is
"$8,620.11",64269,10:56:08,Heard Island and McDonald Islands,2023-01-15,laborum.xls,Powell Inc,GB,-3.4886655,ga
"$4,213.11",445910,12:19:08,Central African Republic,1988-09-21,et.mp4,Gibbs-Butcher,GB,-20.7780245,hr
$865.27,152523,02:56:49,Cape Verde,2000-11-15,corrupti.mp4,"Hardy, Ellis and Frost",GB,28.410445,the
$5.22,959574218,15:49:43,Saint Vincent and the Grenadines,1982-01-24,reprehenderit.mp3,"Williams, Bennett and Mills",GB,39.8883485,ik
$604.58,2760697,14:17:26,Andorra,1990-02-10,reiciendis.flac,"Williams, Gardiner and Price",GB,2.2664805,zu
$63.78,4,09:38:17,United Kingdom,2001-09-28,nam.png,Parsons Group,GB,-8.9527715,szl
$88.94,413,19:54:53,Lesotho,2020-03-29,unde.wav,"Jones, Jones and Booth",GB,28.957946,iu
$736.84,5531,21:07:24,Singapore,1993-03-12,cum.png,"Shah, Griffin and Bradshaw",GB,-0.514548,sk
$25.33,843,03:14:17,Isle of Man,1984-01-12,voluptates.docx,"Brookes, Davies and Hussain",GB,3.404503,nr
$6.64,6441917,07:13:56,Montenegro,2010-08-23,dolor.avi,"Tucker, Poole and Cooper",GB,-71.744769,gl
$3.75,312990023,23:31:10,Czech Republic,1998-03-19,rerum.bmp,"Day, Fraser and Short",GB,-22.141860,th
$815.04,3981,13:26:51,Sudan,2009-08-02,voluptatem.odt,Graham-Kirby,GB,52.0234555,mag
"$8,599.27",698,17:47:33,Falkland Islands (Malvinas),1982-03-13,aut.jpeg,Harding-Hughes,GB,-63.7869815,hne
$2.33,6,19:30:56,Cook Islands,1984-08-03,quia.json,Rees LLC,GB,28.0587735,ga
$3.52,707,23:51:22,Samoa,1994-11-10,sunt.css,Edwards Inc,GB,-32.439509,nr
$0.56,536,05:28:46,Israel,1979-10-09,quos.key,"Wyatt, Joyce and Arnold",GB,43.748194,kk
$383.89,7754448,09:54:33,Finland,1971-01-31,distinctio.webm,Miller Ltd,GB,68.8929265,af
$93.08,754247,03:47:12,Liechtenstein,1981-04-22,nisi.wav,Watson-Baker,GB,-31.483910,zu
"$6,521.58",502148330,11:18:45,Libyan Arab Jamahiriya,1986-04-05,consequuntur.flac,Gardner-Kelly,GB,-88.9464355,fr
"$4,363.50",731943,17:18:23,Montserrat,1992-06-04,pariatur.html,Bell PLC,GB,36.974846,id
"$59,089.95",5708,17:03:02,Syrian Arab Republic,1984-04-13,autem.mp4,Hobbs Inc,GB,-43.3485235,ff
"$3,703.20",193253978,20:43:43,Bouvet Island (Bouvetoya),1991-08-28,rem.xls,Smith-Berry,GB,-80.836126,hsb
$8.45,6481,14:22:33,Tunisia,2017-10-16,similique.avi,Patel-Marshall,GB,-3.1361105,mn
"$6,405.26",71622,00:10:52,Uzbekistan,1994-01-09,a.css,Davies LLC,GB,0.629888,it
"$4,366.37",5827,08:58:27,Korea,2022-10-09,deleniti.json,"Scott, Wilson and Walker",GB,-8.681973,ms
"$34,781.50",19257446,14:52:45,Martinique,2023-01-26,inventore.tiff,"Martin, King and Carey",GB,62.975953,az
$450.89,61480961,02:42:01,Iraq,2013-10-10,velit.jpg,"Stone, Lee and Brown",GB,-31.0659865,sa
$55.17,983580713,13:12:39,Mauritius,1979-07-09,odio.png,"King, Blackburn and Palmer",GB,-21.335729,ik
$2.96,81862,17:19:36,Tunisia,1985-02-15,dolorem.mp4,Hammond-Graham,GB,-55.846391,dv
$3.22,5636,18:57:25,Singapore,1970-02-13,vitae.wav,Harris LLC,GB,-35.731733,bs
"$1,421.32",93,12:06:03,Morocco,1998-04-17,laboriosam.mov,Saunders Inc,GB,48.8910505,niu
"$74,468.12",29,11:25:05,Zambia,1987-05-25,ratione.mp3,Rowley Group,GB,28.544047,hr
$1.54,32337,06:37:11,India,2010-06-06,accusantium.txt,Parry Ltd,GB,49.235460,wa
$43.54,868158510,16:43:01,Burkina Faso,1981-06-30,dolore.flac,Summers Ltd,GB,9.0531675,zu
$570.80,74975535,01:27:16,Saint Lucia,1971-12-20,voluptatibus.avi,Cooper-Kelly,GB,-88.3330525,lg
$7.09,9159964,18:35:03,Holy See (Vatican City State),2012-02-01,molestiae.mov,Taylor Group,GB,62.998083,niu
$7.93,105,05:54:14,Iran,1984-08-16,sit.odt,Knight-White,GB,29.785899,bs
$3.07,797672916,10:36:50,Tokelau,2008-12-04,mollitia.flac,Gough-Duffy,GB,-30.3664365,mr
$43.89,424740185,23:55:40,Israel,2006-08-29,maxime.webm,"Webster, Davies and Webb",GB,79.4296045,nl
"$7,566.16",887,01:23:08,Slovakia (Slovak Republic),2009-04-30,necessitatibus.wav,Wells-Hughes,GB,-71.367212,lv
$4.80,6639716,17:58:53,Switzerland,1977-11-14,esse.mov,Foster-Mills,GB,82.4150715,raj
$248.04,3367,12:00:46,Bolivia,2015-12-05,consequatur.doc,Smith-Smith,GB,-29.467300,bem
$152.75,475,19:26:29,Greenland,1995-04-14,illo.js,Phillips PLC,GB,63.1661125,tg
$77.49,338846,17:23:13,Saint Helena,2015-01-22,enim.key,Duncan-Turner,GB,-27.7649515,ur
$83.07,973225,21:03:58,Montserrat,2012-06-18,porro.txt,"Wilson, Mahmood and Lawson",GB,-66.2603875,tg
$3.69,8427,15:37:54,Italy,1996-07-20,neque.mp3,Jones-Smith,GB,84.470702,an
$92.41,6292219,18:58:07,Jamaica,2012-02-14,voluptate.tiff,"Rhodes, Hall and Lewis",GB,59.280510,csb
"$5,454.44",160595009,23:45:41,Bahamas,2021-04-16,dignissimos.numbers,Pearson Inc,GB,1.553417,bem
$699.72,3,13:14:07,Zambia,2003-12-31,beatae.html,Richardson-Dennis,GB,75.863534,ckb
"$58,119.30",18,22:48:31,New Caledonia,1981-04-12,velit.mp3,Morgan LLC,GB,37.521277,sl
$20.80,124,04:48:47,Puerto Rico,1993-07-05,deserunt.mov,Adams-Bentley,GB,-25.289203,ayc
$196.17,95,16:00:21,Indonesia,2022-08-14,cupiditate.mp3,Cook LLC,GB,-58.575850,he
$99.76,15793725,05:36:01,South Africa,1991-04-02,culpa.webm,Daniels-Rogers,GB,45.8989985,ss
"$16,504.83",20179,08:58:27,Morocco,1998-06-18,est.txt,Hooper-Collins,GB,1.213627,ps
"$81,584.66",426074,21:12:51,Japan,1978-10-28,omnis.css,"Taylor, Price and Wells",GB,47.3912765,wo
$43.26,0,14:22:19,Italy,2003-06-01,nihil.pages,Holmes-Hewitt,GB,2.7850375,pap
"$36,965.23",5249280,19:26:16,Serbia,1979-06-22,error.css,Walker Inc,GB,73.5403405,kn
"$82,819.55",7555,10:25:37,Armenia,1978-04-06,nulla.wav,"Murphy, Stone and Harvey",GB,-65.090261,hne
"$48,960.15",10,17:21:27,British Indian Ocean Territory (Chagos Archipelago),1994-02-19,debitis.csv,James-Jones,GB,-3.334193,cs
$16.83,61663,06:22:12,Lebanon,1975-09-09,voluptas.pptx,Parker-Miles,GB,81.571027,sk
$614.70,69222251,10:05:48,Yemen,2019-04-18,aut.png,"Lyons, Brown and Webster",GB,58.512270,kok
"$37,292.33",1,00:29:45,Korea,1971-05-15,quae.key,"Jones, Porter and Patterson",GB,72.846545,ko
$2.06,8206052,21:17:49,Solomon Islands,1993-08-26,odit.flac,Evans-Smith,GB,45.204322,tig
$20.64,129,21:08:52,Israel,2010-04-20,ipsa.png,James Ltd,GB,-76.3637185,nan
$859.21,24113,06:21:04,Egypt,2018-10-01,ducimus.webm,Palmer-Turner,GB,-59.6372515,an
$54.29,7222,02:13:44,Argentina,1986-05-19,exercitationem.js,O'Neill-Knight,GB,24.0088745,zu
"$98,188.50",908264,08:27:25,Paraguay,2021-08-20,nostrum.key,Hartley-Clarke,GB,-17.1368655,fo
$542.47,315,10:03:28,Iraq,2000-02-15,dolorum.html,Bishop LLC,GB,35.8285295,tk
$362.57,59155542,01:25:49,Saint Martin,1997-06-24,aliquid.ods,Allen LLC,GB,-7.7096805,crh
$685.79,64303505,02:58:55,Ukraine,1975-10-07,blanditiis.webm,Lawson Group,GB,9.803028,dz
$9.69,7419185,03:08:36,Swaziland,2008-01-17,temporibus.mp3,"Bailey, Watson and Davey",GB,42.8724515,tig
$58.80,6760,21:09:40,Brazil,1988-03-05,doloribus.jpeg,Dyer Group,GB,-12.6554665,af
$5.76,2,04:55:09,South Georgia and the South Sandwich Islands,1983-08-01,asperiores.numbers,Clarke-Berry,GB,14.273636,gu
$878.67,53138,05:50:31,New Zealand,2005-07-27,libero.tiff,"Taylor, Morris and Nicholson",GB,-23.313150,shs
$8.68,365085,00:25:27,Belgium,1980-06-30,sed.mp3,"Hughes, Sharp and Davies",GB,-20.252226,niu
$4.17,673238676,15:20:49,Uruguay,1998-02-28,modi.gif,Patel LLC,GB,-66.354396,wa
$72.57,5000,09:16:50,Solomon Islands,1981-11-06,porro.flac,"Marshall, Parker and Hopkins",GB,8.753452,is
$437.91,869,22:55:29,Central African Republic,1973-04-17,amet.ppt,"Robinson, Taylor and Gordon",GB,-11.426183,tg
$45.79,97,19:50:25,Macao,2011-10-26,voluptatum.ods,"Smith, Abbott and Coleman",GB,-76.009655,sw
$636.37,96,06:27:45,Togo,2011-05-22,praesentium.webm,"Palmer, Potter and Donnelly",GB,-88.5494815,se
"$8,577.57",874873,07:14:55,Venezuela,1973-09-13,quidem.js,"Davies, Henderson and King",GB,54.833752,sd
"$4,312.23",33,21:03:19,Israel,1974-11-08,quia.wav,Adams LLC,GB,53.7984685,rw
$752.49,76,11:30:33,Sierra Leone,1976-04-04,amet.mp3,"Bell, Johnson and Kirk",GB,-28.7090735,te
$48.40,6124316,21:49:20,Mauritius,1972-04-12,vero.webm,"Boyle, Cook and Ball",GB,52.8969745,sw
$40.90,34,02:55:54,Switzerland,1990-09-22,est.ppt,Williams PLC,GB,56.940255,oc
"$78,203.87",8853698,22:56:48,Malawi,2002-07-02,assumenda.webm,Morris-Ryan,GB,52.0016985,yo
"$46,446.45",84777,18:00:48,North Macedonia,2001-03-16,cupiditate.csv,Wilson-Begum,GB,-22.2871135,sa
"$8,893.98",76513,16:13:18,Myanmar,2004-07-15,occaecati.docx,Ross-Stokes,GB,80.9367165,et
$1.50,3618918,11:55:13,Korea,2011-11-16,laudantium.flac,"Barnett, Taylor and Bond",GB,-84.674054,ug
"$90,815.30",509,19:18:29,Morocco,1992-11-12,est.flac,Bell LLC,GB,-32.6134975,az
$930.88,6,20:08:15,South Africa,1995-07-04,sed.mov,Wall and Sons,GB,65.986223,mai
"$9,600.94",87,17:10:40,Tuvalu,1995-05-21,doloribus.mov,Wells Inc,GB,-68.8061755,lb
"$8,740.21",458093362,03:06:38,China,1975-05-31,velit.csv,Hewitt-Baldwin,GB,29.268138,ber
$519.44,695,21:32:25,Croatia,1981-11-17,placeat.flac,Harrison Group,GB,21.3909915,wa
"$16,197.85",164,18:28:20,Andorra,1989-09-12,optio.docx,Hartley and Sons,GB,-47.802281,lg
"$85,450.30",4682,04:50:07,Timor-Leste,1991-02-08,corrupti.mp4,"Vincent, Byrne and Duncan",GB,-2.311789,os
$5.49,2554060,17:51:46,Turkmenistan,2009-04-17,quia.ods,Sykes-Jones,GB,-70.362447,br
"$96,926.51",230586070,18:08:43,Gabon,1986-08-21,ullam.flac,Clayton-Smith,GB,-15.7852895,mr
"$6,726.78",12997692,14:26:56,Netherlands,1989-02-10,et.odt,Reid PLC,GB,55.3693655,hak
$802.38,3038,12:59:21,Saint Pierre and Miquelon,1977-11-30,repellendus.txt,"Walker, Turner and Wilson",GB,-36.000782,en
$19.06,588,02:22:23,Pakistan,2002-01-20,esse.txt,Whitehouse LLC,GB,31.0617935,ti
$0.40,8,21:50:04,United States of America,2014-01-06,cupiditate.key,Knowles-Scott,GB,-44.1538195,kw
$2.92,9305836,07:43:25,Korea,1980-10-15,modi.wav,Osborne-Wood,GB,-5.535773,uk
"$7,304.92",21026962,22:19:50,Russian Federation,2002-04-06,nam.bmp,Barrett PLC,GB,54.1005075,fil
$72.30,51969810,18:49:52,Czech Republic,2009-12-08,blanditiis.webm,Bray-Clark,GB,-6.5792625,fil
"$26,987.51",55,18:06:16,Croatia,1998-12-20,repellendus.flac,Smith-Smith,GB,-77.520166,da
$90.17,915,04:48:09,Peru,2005-06-25,maiores.webm,Warren LLC,GB,-3.4416385,pl
$384.35,79160838,01:18:40,Saint Martin,1999-06-22,enim.flac,"Nicholson, Francis and Lane",GB,83.148538,th
"$6,075.42",780,18:19:40,Yemen,2007-10-24,quibusdam.json,"Howard, Clark and Davidson",GB,-87.338713,mhr
$262.85,1344,16:16:58,Azerbaijan,1971-01-03,quibusdam.css,Wade and Sons,GB,-61.0413195,hak
$66.92,849121493,10:11:22,Tuvalu,1996-02-21,dignissimos.jpeg,Smith Inc,GB,36.865154,cy
$0.98,38602,14:22:34,Nepal,1977-08-08,expedita.mov,"Cole, Sims and Bennett",GB,-77.4290865,cs
"$1,426.37",874,19:38:36,Somalia,2002-01-13,ipsam.bmp,Jones-Bradley,GB,63.9823755,nds
$0.90,75069201,18:15:37,San Marino,2022-07-27,nisi.avi,Fisher-Knight,GB,-87.1391785,he
"$22,455.08",242,00:11:10,Costa Rica,1990-11-26,accusamus.mp3,"Walker, Kelly and Butler",GB,-12.170543,wo
"$70,442.83",7,08:24:12,Nauru,2012-07-31,aspernatur.docx,Thompson-Hall,GB,50.050690,is
$653.90,5329,20:46:52,Christmas Island,1984-11-15,repudiandae.mov,"Marsden, Baker and Williams",GB,-71.7971485,oc
"$74,809.90",580294,09:11:41,Russian Federation,2004-06-05,totam.docx,Roberts-Nicholls,GB,49.9308475,sl
$8.57,3926070,02:10:47,Congo,1972-10-18,natus.avi,Lewis Ltd,GB,-44.1127845,gl
$3.06,1,09:03:49,Jordan,2017-10-09,similique.webm,Ali-Potts,GB,53.8830425,lb
"$14,301.45",13536797,10:53:05,Georgia,2020-03-03,atque.js,Evans-Coleman,GB,-44.052727,mg
"$42,541.92",3643615,00:01:51,Armenia,1970-08-05,aliquid.csv,Carpenter-Kelly,GB,-17.8947395,lv
"$97,381.79",80978570,09:19:21,Congo,2023-07-03,magnam.key,Watkins Ltd,GB,-16.3005495,sv
$235.88,9,16:13:43,Palau,2023-05-30,fuga.xls,"Brooks, Patel and Thomas",GB,-5.964201,ber
"$6,174.47",30,23:55:07,Isle of Man,2008-06-19,natus.flac,Martin LLC,GB,-77.0575275,wae
$6.55,3902745,00:15:20,Andorra,2020-10-20,maxime.mov,Shah and Sons,GB,-32.6525725,or
"$2,825.89",70013,17:12:02,Ireland,2009-09-23,laborum.mov,"Taylor, Smith and Chandler",GB,-58.224606,ka
$487.61,77,07:12:25,Ukraine,2001-11-19,explicabo.xls,"Knight, Wallace and Barnes",GB,-59.6806055,nl
$1.75,6013,20:13:58,Macao,1971-01-28,nisi.tiff,Williamson PLC,GB,-36.351519,os
$31.91,54834660,05:29:13,Brunei Darussalam,2019-08-08,accusantium.mp3,"Griffiths, Wright and Green",GB,37.6660865,bo
"$8,461.09",7271,01:43:57,India,2020-05-14,enim.wav,Connolly-Goddard,GB,53.475925,st
"$74,366.57",74077,20:52:59,Croatia,2016-06-26,quas.ods,Chamberlain-Kent,GB,77.0137425,ss
"$6,868.36",9664944,09:37:49,Cook Islands,2022-03-22,harum.mp3,Mann-Townsend,GB,-14.678476,es
$378.79,72,17:47:01,Czech Republic,2010-07-21,aliquam.flac,Evans-Smith,GB,-68.2704865,sa
$6.09,61,16:06:37,Korea,1980-01-17,ullam.mp4,Rose PLC,GB,-18.3800235,sd
"$18,842.58",983156407,16:50:11,Saint Barthelemy,2018-10-26,optio.flac,Mason-Wood,GB,52.764913,gl
$89.41,315,06:54:14,Slovenia,1978-09-22,saepe.html,Scott Group,GB,-61.0779495,niu
"$6,034.28",2,23:26:28,Netherlands Antilles,2002-05-19,tempore.mov,Taylor and Sons,GB,11.8084675,wal
$30.53,234055,17:29:10,Poland,1991-12-04,fuga.flac,Houghton Group,GB,26.6966245,gv
"$8,569.57",437892,17:51:33,Angola,1977-07-15,voluptas.mp3,Murphy-Field,GB,26.2411165,mhr
"$81,191.70",1,02:24:45,Bahrain,2020-07-25,totam.jpeg,Fletcher and Sons,GB,-19.020324,mi
$23.43,602872332,00:19:21,Sweden,1984-10-05,ipsum.key,"Johnson, James and Brown",GB,76.3487395,wa
$16.70,7,00:05:54,Nepal,1987-08-01,illo.png,Herbert-Hughes,GB,81.455767,ht
"$26,605.84",33,01:50:21,Italy,2014-01-23,perspiciatis.ppt,Walsh-Sheppard,GB,49.753654,wa
"$70,777.31",3303,11:38:26,Uzbekistan,2018-12-22,commodi.pptx,"Pugh, Mann and Peters",GB,-73.216122,so
$4.79,220,08:41:21,Syrian Arab Republic,1970-10-19,natus.numbers,"Cooper, Davies and Ball",GB,-10.499677,os
$24.97,607,13:21:47,Cayman Islands,2005-12-31,unde.wav,Smith-Thomas,GB,54.736349,ca
$7.39,454588116,02:07:08,Brunei Darussalam,2016-11-12,nesciunt.bmp,Middleton Ltd,GB,31.295021,nso
"$88,182.92",509396,21:57:51,El Salvador,2015-05-15,eligendi.csv,Clarke PLC,GB,-0.0556335,sq
$401.11,521017,23:39:38,Macao,1970-11-06,nobis.wav,Patel-Garner,GB,-14.5057685,lb
$82.10,862,04:38:10,Finland,2014-06-11,reiciendis.docx,Davies-Collins,GB,20.574292,kn
$87.59,64,00:04:12,Vanuatu,1991-10-25,omnis.flac,Johnston-Oliver,GB,-74.421798,sw
$998.02,33957,17:41:25,Uruguay,2019-08-22,repellat.doc,Walsh-Davies,GB,-2.3556065,ts
$828.27,761010183,12:18:02,United States Minor Outlying Islands,2013-05-05,suscipit.webm,"Williams, Graham and Moore",GB,21.1904405,mk
"$22,523.72",28231,22:51:28,Cameroon,2018-07-03,enim.wav,Norman Group,GB,-43.642579,an
"$81,770.27",23,09:59:17,Suriname,1994-09-08,sit.jpeg,Donnelly-Birch,GB,-18.4216255,sq
$8.69,866,21:03:00,South Africa,1987-02-17,commodi.wav,Jordan Group,GB,73.468556,uk
"$2,393.42",43106,06:19:36,Cameroon,2010-09-04,vel.odp,Burton-Jones,GB,-58.126822,tl
$5.59,362,12:37:44,Sierra Leone,1991-05-01,id.png,Parker-Walker,GB,48.5532795,as
"$19,791.95",2,01:01:51,Grenada,1999-03-04,minus.html,"Jordan, Smith and O'Neill",GB,-62.7225135,he
"$30,539.29",5479,00:48:39,Syrian Arab Republic,1993-01-20,labore.numbers,"Barnes, Williams and Pope",GB,-50.464641,ne
"$4,452.71",54,22:21:54,Bermuda,1989-03-25,sapiente.css,Coleman-Graham,GB,34.8482915,zu
"$1,133.48",46172,09:56:07,Uganda,1970-02-18,non.tiff,"Davies, Holden and Sullivan",GB,-77.662173,bo
$50.86,379906,13:15:09,Nigeria,1987-07-07,eveniet.mp3,"Phillips, Hayward and Frost",GB,-43.6858095,ln
$1.63,9,20:40:14,Iran,2015-11-01,explicabo.xls,Gibson PLC,GB,-79.5066895,ve
$60.19,53740273,15:45:31,Barbados,1986-04-26,temporibus.avi,Butler PLC,GB,8.9267615,br
"$98,494.50",632,10:22:45,Guam,1974-03-27,illo.mp4,"Price, Gibson and Edwards",GB,73.2034575,mhr
$7.21,10,17:48:57,Sri Lanka,1993-02-27,animi.tiff,Jones and Sons,GB,-10.897141,kl
"$77,308.94",8996180,03:59:37,Montserrat,1975-10-05,ut.json,"Joyce, Taylor and Chapman",GB,-16.508483,hsb
$10.41,24,14:00:15,Swaziland,2000-01-10,libero.ppt,"Jackson, Farmer and Long",GB,34.440841,th
"$1,567.83",8232057,10:05:58,Benin,2016-09-04,odit.jpeg,Jennings-Buckley,GB,-16.6400665,yue
$6.24,4,19:46:12,Luxembourg,2005-02-18,impedit.txt,Marsh LLC,GB,-25.580164,bs
$44.76,2243555,02:32:54,Turkmenistan,1976-03-29,impedit.js,Peacock-Holland,GB,-61.650118,cv
"$9,197.97",3129,01:32:31,Western Sahara,1995-04-17,rerum.jpg,"Murphy, Blake and Hughes",GB,-79.2679835,kn
"$3,185.63",65904,06:04:08,Equatorial Guinea,2001-09-27,sunt.flac,"Wilson, Dale and Harris",GB,-72.457946,kk
$7.16,4,05:30:48,Comoros,1978-11-04,placeat.key,"Fox, Bennett and Pugh",GB,-41.2472775,bs
$378.20,1485,17:34:10,Saint Martin,1972-01-07,eveniet.mp4,Rowe and Sons,GB,50.158518,fur
$535.11,564048,23:35:01,Armenia,2015-06-17,dolorum.gif,Thorpe-Chapman,GB,-66.763050,el
"$60,212.04",806,01:38:43,Montenegro,1995-10-11,possimus.txt,Charlton LLC,GB,8.0229575,ve
$808.95,490152,00:08:52,Tokelau,1993-02-14,earum.odt,"Patel, Parker and Cross",GB,-39.363066,da
"$5,555.46",8919997,06:14:47,Afghanistan,1988-06-20,praesentium.flac,"Robinson, Connolly and Holmes",GB,54.7165145,sr
"$1,035.24",27174,12:12:39,Holy See (Vatican City State),1972-09-24,nam.jpg,Williams Inc,GB,64.334038,or
$440.89,66087,01:39:07,Niue,1979-07-22,occaecati.jpg,"Williams, Moran and Evans",GB,77.0395015,ta
"$72,170.16",362038,10:49:18,Puerto Rico,2003-08-30,culpa.flac,"Evans, Brown and Hussain",GB,21.3397175,oc
"$59,939.90",36287445,07:56:43,Ireland,1999-02-20,eaque.jpg,Ali-White,GB,-45.447030,raj
$76.36,26626455,07:25:32,United Arab Emirates,1984-09-24,nisi.png,Hale-Chapman,GB,12.4186045,szl
$59.43,1,21:33:24,Oman,1977-02-13,consequatur.pdf,"Wade, Stephens and Brown",GB,-12.5982135,gez
$1.31,1039,08:59:00,Uruguay,2020-08-17,facere.jpg,Wilson-Ward,GB,85.055235,en
"$74,506.57",35,09:34:13,Pitcairn Islands,1980-09-06,ullam.ods,Bishop Inc,GB,-57.312773,mg
"$22,818.40",47,14:24:10,Sao Tome and Principe,1996-07-06,enim.css,Reeves-Wilkinson,GB,70.0837035,kw
$847.26,2411,20:19:33,Montserrat,1979-07-30,molestias.pages,Giles Ltd,GB,64.964483,ug
$6.90,96768144,11:18:27,Lesotho,2006-05-17,ratione.xlsx,Daniels Inc,GB,-67.9827865,ko
"$4,118.00",3262,13:53:38,Cayman Islands,2013-11-20,unde.jpeg,"Young, Owens and James",GB,-68.9337065,am
$5.20,280092026,23:03:44,Greenland,2011-02-17,enim.flac,Sullivan-Sykes,GB,87.7972495,mt
"$86,555.54",4,06:42:41,Singapore,2014-05-12,facilis.css,"Johnson, Nolan and Ahmed",GB,53.3447265,gd
$391.48,872,04:30:38,Guernsey,1988-08-31,ipsum.numbers,Rogers and Sons,GB,-68.950689,szl
$37.52,888,12:27:19,Afghanistan,1973-12-26,incidunt.gif,Wright Ltd,GB,-72.4803925,ca
$82.92,32619,14:08:20,New Caledonia,2011-05-24,explicabo.csv,Barnett-Black,GB,71.712845,tcy
"$1,818.38",11206,17:39:05,Christmas Island,2015-12-31,tenetur.key,James-Whitehouse,GB,37.453374,km
$21.12,74,12:22:43,Djibouti,1992-01-06,excepturi.jpg,"Cunningham, Bennett and Scott",GB,85.7663605,hi
"$41,672.13",9736,05:33:00,Comoros,2021-03-14,eius.gif,Mitchell PLC,GB,2.051682,pap
"$6,036.01",85,14:44:50,Guam,1998-12-01,voluptatum.png,"Savage, Brown and Graham",GB,-8.904210,bem
$60.58,897874777,13:21:55,Yemen,2005-02-02,maiores.mp3,Barton Inc,GB,-86.825334,fr
$97.12,45302,05:43:28,Israel,2006-05-23,atque.txt,"Whitehead, Moore and Thomas",GB,37.851696,ku
$42.64,213093,08:10:05,Martinique,1976-09-14,beatae.gif,"Preston, Thorpe and Holland",GB,16.263685,hy
"$58,769.49",52674,02:01:44,Nauru,2000-07-22,error.txt,Jones-Wright,GB,8.417042,nso
$577.39,12937794,05:45:32,Cameroon,2001-11-14,nesciunt.wav,Williams-Dyer,GB,31.985561,kn
$8.34,74,03:18:38,San Marino,1985-12-08,iusto.jpg,"Gilbert, Jones and Fisher",GB,-26.3783485,fo
$682.64,6,09:45:17,Iceland,2021-08-23,nobis.png,"Wade, Barker and Walker",GB,33.996696,xh
"$8,031.30",190867765,13:45:36,North Macedonia,1976-02-27,fugiat.html,Edwards Inc,GB,22.0951995,am
"$8,533.11",15442,09:41:33,Estonia,1970-05-09,commodi.gif,"Price, Miller and Coleman",GB,-84.5442655,pa
$1.98,738077,18:13:22,Saint Kitts and Nevis,2002-05-17,accusantium.jpeg,"Browne, Jenkins and Clarke",GB,84.9151685,ss
$23.25,306028042,19:08:24,Argentina,1991-11-09,corporis.ppt,Young and Sons,GB,16.4382175,uz
"$82,071.95",3063,21:50:53,Montenegro,1974-12-27,maxime.bmp,Marshall-Long,GB,-65.2712735,eu
$229.15,73,20:43:10,Algeria,1999-10-17,voluptatem.bmp,Fuller Group,GB,19.4705285,it
$460.57,18,06:14:11,Bhutan,2016-03-28,iure.css,"Davies, Joyce and Fox",GB,-18.5710665,kl
"$2,171.99",650,21:38:02,Kuwait,2021-05-16,voluptate.pdf,"Chapman, Quinn and Price",GB,-19.7397435,kl
$657.17,1887970,10:49:06,Taiwan,1994-09-18,facere.jpg,Pratt-White,GB,42.543676,bho
"$28,350.48",40932,06:49:03,Yemen,2003-09-21,alias.csv,"Brown, Davis and Lloyd",GB,-38.721518,hr
"$5,387.46",4,14:31:17,Congo,1979-05-30,occaecati.webm,"Howard, Jones and Price",GB,-14.5124005,mni
"$70,008.24",21027,20:29:28,Botswana,2015-06-17,atque.avi,"Gibbs, Iqbal and Reeves",GB,-52.6719815,hsb
$876.10,297,07:48:28,Serbia,2006-09-05,suscipit.bmp,"Brooks, Clarke and Thomas",GB,65.3056275,sa
"$88,710.41",883595,01:13:46,Iran,1973-02-27,velit.json,Godfrey LLC,GB,-43.638749,hu
"$3,210.11",180399538,21:07:51,Saint Vincent and the Grenadines,2008-10-30,porro.mp3,Baxter Group,GB,33.5808875,sc
"$15,903.49",63,03:49:42,Senegal,1991-09-24,molestias.csv,Bailey-Hope,GB,-30.188383,ar
"$59,205.60",54720784,13:52:10,Falkland Islands (Malvinas),1995-06-13,eos.avi,Johnson-Miller,GB,11.9966375,es
$465.94,107,17:25:13,Bosnia and Herzegovina,2019-10-18,corporis.jpg,Gill PLC,GB,-13.412835,ckb
$54.91,6,07:00:54,Iran,2005-01-17,repellendus.json,"Jackson, Booth and Khan",GB,-86.877848,en
$27.73,679037,20:06:09,Benin,1979-04-01,maiores.avi,Norton-Murphy,GB,-52.547750,st
$8.95,714450566,23:38:06,Pakistan,2017-11-09,sapiente.wav,Jones-Dobson,GB,31.876725,en
$188.61,425,02:51:32,Vanuatu,1990-05-05,assumenda.flac,"Allen, Jones and Phillips",GB,13.792334,ti
$346.16,38286919,00:56:08,Philippines,2021-12-18,illum.gif,"Davison, Lucas and Williams",GB,-74.2214265,et
"$7,074.41",6175955,11:45:43,Somalia,2011-06-14,ducimus.txt,Stephens and Sons,GB,75.947265,lg
"$88,379.27",19,20:14:10,Sweden,2021-09-28,blanditiis.wav,"Fry, Cartwright and Perry",GB,-43.942694,unm
$524.12,187,09:15:35,Mauritius,2020-09-19,praesentium.mp3,Kirby-Knight,GB,32.811280,om
$7.74,34691,10:46:15,Bhutan,2005-05-21,necessitatibus.js,"Briggs, Evans and O'Sullivan",GB,-59.4252845,cs
$961.26,61657174,09:31:21,Antarctica (the territory South of 60 deg S),2000-01-19,dolorem.css,Turner-King,GB,63.687607,ro
$6.69,563859,02:09:05,Sao Tome and Principe,1981-05-05,provident.gif,"Brown, Williams and Price",GB,-35.6468655,tl
"$6,797.84",61162,18:05:20,Bahrain,2010-10-10,debitis.webm,Thompson-Miller,GB,9.628747,zh
"$1,633.43",69,05:17:41,Chad,1979-11-12,corporis.webm,Coleman-Conway,GB,56.129447,nan
$61.93,43,17:28:34,Armenia,2005-01-17,rem.odp,Moss Ltd,GB,-40.593740,lg
"$8,596.60",46056,15:39:02,Rwanda,2004-02-14,libero.wav,Owen-Wilson,GB,-80.542084,tn
"$5,382.45",884948,12:13:07,American Samoa,1988-11-08,quasi.mp3,Jackson LLC,GB,-77.6062035,rw
"$28,955.05",1513582,04:03:44,Guatemala,1974-03-09,dolorem.numbers,Brooks-Campbell,GB,-69.0248895,br
"$61,440.84",145,04:15:28,Gambia,2001-12-10,facere.js,"Hodgson, Holmes and Davison",GB,-10.979023,en
"$2,189.68",8963,14:46:41,Ecuador,1973-08-22,nostrum.xlsx,"Lewis, O'Neill and Dennis",GB,-71.654758,mg
"$15,852.51",497,09:02:30,Switzerland,1983-04-25,voluptatum.jpeg,"Poole, Knowles and Smith",GB,79.102096,ml
$3.43,798382,23:17:57,Tuvalu,1981-01-30,amet.jpg,Ford and Sons,GB,-29.1678785,dz
$4.45,0,00:39:31,Western Sahara,1988-08-14,tenetur.css,O'Neill LLC,GB,-24.8261965,quz
$6.48,1095,06:46:09,Marshall Islands,1995-01-15,iure.csv,Singh LLC,GB,-63.1140665,ps
$29.68,74234,06:26:15,Canada,2021-06-25,similique.xlsx,"Pearce, Ward and Mason",GB,29.876444,rw
$74.84,3137,08:50:15,Sri Lanka,1984-03-28,possimus.mp3,Saunders-Preston,GB,42.968142,so
"$73,955.87",54,21:35:31,Uruguay,2012-02-28,totam.webm,Lewis-Dixon,GB,81.6380605,gd
"$4,263.66",46772951,12:36:59,Solomon Islands,2014-08-20,rerum.ppt,"Butler, Brown and Bolton",GB,17.6976335,gez
"$8,525.60",7,07:52:47,Switzerland,2022-07-17,sunt.txt,Roberts-Barnes,GB,54.361210,yo
$815.93,9,06:06:56,Cocos (Keeling) Islands,1990-12-12,ducimus.mp4,Payne-Gray,GB,60.3152875,cs
$234.61,51412066,07:14:42,Angola,1984-06-17,optio.gif,Williams-Graham,GB,-24.266439,so
$9.95,6,18:58:43,Zimbabwe,1981-08-02,necessitatibus.wav,"Hunter, Taylor and Jackson",GB,-83.1205625,lt
"$73,625.84",65866163,19:15:58,Japan,1988-12-08,cupiditate.mov,Chadwick Inc,GB,15.2428865,ti
$6.87,13,15:44:53,Timor-Leste,1997-10-28,ratione.txt,"Wright, Nelson and Collins",GB,42.510675,hak
"$3,218.47",9247583,12:55:56,Norfolk Island,2007-03-19,eius.avi,Smith PLC,GB,-6.357194,pt
$82.94,28973,21:03:42,Czech Republic,1972-11-10,ipsum.wav,Lewis LLC,GB,61.760941,kl
$65.88,5084239,17:09:20,Jersey,2000-07-08,atque.gif,Holmes-Cunningham,GB,6.823267,mag
$82.00,4725987,06:18:39,Chile,1979-07-30,consequuntur.mp4,Brown Inc,GB,-47.9330995,st
$90.09,922880,20:16:54,Cambodia,2008-09-26,eligendi.docx,"Phillips, Whitehead and Lee",GB,13.7884545,oc
$8.88,30,11:52:23,Dominican Republic,2013-08-29,ipsam.webm,Ellis Ltd,GB,-59.093201,te
"$62,421.93",1932621,12:39:59,Mexico,2023-01-25,quidem.mp3,"Kelly, Lawrence and Mason",GB,64.9486595,ak
"$4,332.95",82714582,11:19:08,Peru,2017-11-16,veritatis.pages,Jordan-Morris,GB,-60.196953,tcy
"$8,391.01",8587,03:39:54,Costa Rica,2019-05-03,facere.txt,"Davies, Elliott and Jones",GB,31.049486,nhn
$5.49,63899,13:37:53,Czech Republic,1998-05-01,a.mp3,Smith-Davis,GB,35.0446815,bn
"$41,855.93",70,19:21:12,Macao,2004-04-13,recusandae.js,Cook-Ross,GB,-15.413863,ckb
"$74,798.14",34,22:42:37,Maldives,1999-10-13,eius.json,Johnson-Parkes,GB,8.5893435,nan
$24.15,67686663,09:53:23,Anguilla,2006-06-30,natus.avi,"Bevan, Harrison and Bryant",GB,-62.5552905,hne
"$6,743.76",868,08:17:27,Central African Republic,1977-11-12,laborum.gif,"Allen, May and Hutchinson",GB,88.107316,bho
$722.79,425905264,02:53:05,United States Minor Outlying Islands,2015-04-04,illum.js,Phillips Group,GB,74.3039555,mai
$7.01,32,21:22:50,Solomon Islands,1977-04-02,totam.avi,"Williams, White and Watts",GB,52.5385345,et
"$5,974.06",67732722,01:17:31,Netherlands Antilles,2017-11-18,commodi.webm,"Taylor, Davies and Hamilton",GB,-83.6370525,bo
$318.99,989943,15:46:52,Western Sahara,1987-02-13,perspiciatis.ods,Barnett-Gray,GB,29.3187885,ckb
"$1,814.14",43327,04:16:28,Estonia,1994-10-03,labore.wav,O'Neill PLC,GB,-29.235474,ff
"$8,882.62",41,00:27:25,Belarus,2020-06-10,harum.jpg,"Nicholson, Haynes and Johnson",GB,-81.3623975,bo
"$43,560.32",78433,23:28:14,Nigeria,1976-01-20,modi.png,Williams Ltd,GB,22.716647,kl
$698.05,15957306,15:16:35,Malawi,1975-08-13,ipsum.json,Robinson Ltd,GB,22.476273,mhr
$4.98,340117736,14:59:09,Antigua and Barbuda,1987-11-03,distinctio.wav,Webb-White,GB,-83.092911,is
"$5,819.13",72,15:32:02,Latvia,2022-07-12,recusandae.html,Hall-Coates,GB,-22.129111,bo
"$1,771.89",3442,17:12:27,Bosnia and Herzegovina,2007-12-17,labore.ppt,Walker and Sons,GB,20.3578085,hak
$962.12,37523138,16:40:22,American Samoa,2000-07-31,provident.tiff,Richards-Chambers,GB,-56.528822,or
$197.61,88411265,22:26:24,Uruguay,1982-01-07,eveniet.js,"Evans, Perkins and Evans",GB,-34.9593955,oc
$747.46,46,04:47:26,Dominican Republic,2015-04-12,velit.wav,Price-Brown,GB,-61.574523,os
"$86,668.97",272,05:10:24,Andorra,1970-03-30,dolores.xls,Randall PLC,GB,44.775511,an
"$89,144.93",7361447,05:16:15,Botswana,2020-06-26,officiis.gif,Frost LLC,GB,-21.910755,hsb
"$9,632.61",29711901,20:41:46,Serbia,2003-07-28,architecto.bmp,Hunter-Reeves,GB,-66.330026,te
$7.71,594899865,09:28:44,Luxembourg,2001-07-22,doloremque.wav,"Russell, Walker and Williams",GB,85.196333,mg
$893.05,5,12:38:08,Oman,1992-01-24,nemo.tiff,Robinson-Perry,GB,35.281166,ky
"$8,863.49",97220379,16:44:15,Montserrat,2010-04-18,perferendis.js,Powell Inc,GB,-35.7122125,doi
"$6,434.08",52,11:44:32,Liberia,1985-11-01,possimus.bmp,"White, Smith and Brooks",GB,-43.999562,sa
$648.94,72373782,19:25:10,Aruba,2018-11-19,et.odt,Dunn-Wells,GB,-54.9374565,rw
$253.00,171395,23:05:59,Pitcairn Islands,1978-03-24,doloremque.pptx,"Johnson, Rhodes and Harris",GB,17.4716435,ia
$8.90,9076,10:57:23,Honduras,1971-06-18,quam.txt,Houghton-O'Neill,GB,62.199659,aa
$57.78,153,14:18:28,French Southern Territories,1978-03-19,fugit.jpg,Sykes-Coates,GB,85.623089,mi
$89.50,93601,02:49:28,Brazil,2000-04-24,nemo.doc,"Walker, Baker and Shaw",GB,46.360647,doi
"$34,076.10",9299,22:23:43,Oman,1978-11-11,quidem.ods,Scott-Charlton,GB,-9.1378115,gu
"$26,924.92",82863615,19:56:02,Cayman Islands,1989-01-29,quibusdam.mp3,Harris-Brown,GB,82.339814,wa
$11.44,164374,03:58:28,Trinidad and Tobago,2009-03-08,commodi.flac,"Ward, Hutchinson and Johnson",GB,63.490597,dz
"$3,058.85",36790,02:55:40,Tajikistan,1992-06-09,praesentium.jpg,Francis and Sons,GB,-10.2741745,lo
$24.56,6,10:12:23,Denmark,1983-09-20,quo.json,Crawford Group,GB,6.724169,nso
"$78,322.91",952031,06:39:15,Saint Pierre and Miquelon,2010-10-21,culpa.wav,Brooks and Sons,GB,-82.7179205,nl
$44.46,108746953,22:10:22,Dominica,2022-03-05,in.webm,"Fox, Mason and Parry",GB,-53.0566885,mhr
$950.31,3,14:59:10,Ukraine,2021-02-04,ducimus.mov,Cross-Webb,GB,-22.1346325,hsb
"$56,370.96",6,14:39:56,Christmas Island,1971-08-25,optio.flac,"Giles, Dickinson and Pugh",GB,31.2532315,fr
"$7,854.47",14,18:55:32,Guatemala,2011-02-26,porro.doc,Rowley-Dixon,GB,26.133732,hy
"$13,650.75",16,15:21:30,Brazil,2010-04-30,adipisci.avi,Kaur-Rahman,GB,-42.311781,ts
"$4,366.00",1019,09:38:11,Nauru,1991-02-04,commodi.webm,"Murray, Ellis and O'Neill",GB,78.767221,bg
"$8,371.54",52383,18:28:29,Solomon Islands,2010-09-08,at.flac,Young Inc,GB,-71.2597535,tig
"$5,629.30",2709008,16:26:24,Saint Kitts and Nevis,2022-06-01,voluptatem.js,"Jones, Evans and Allen",GB,43.723541,ps
$0.78,106363984,14:31:16,United States Virgin Islands,2014-03-02,mollitia.flac,"Cole, Fleming and Walker",GB,45.490989,ks
$563.89,631240,02:38:32,Burkina Faso,1977-11-22,aut.wav,Taylor-Spencer,GB,-11.074651,en
$13.53,38,04:30:37,Nauru,1987-04-25,nemo.csv,"Jones, Marshall and Carter",GB,-48.3061685,sa
$98.89,91,07:04:46,Cuba,1991-01-18,beatae.flac,Lee-Palmer,GB,1.387999,lt
$64.84,7,13:14:05,Italy,1980-06-06,adipisci.png,Davies-Stephenson,GB,-10.3367445,mi
"$4,170.24",6563765,11:08:17,Central African Republic,1977-07-03,aut.flac,Murphy-Taylor,GB,-8.9150065,as
$41.18,530,04:46:32,American Samoa,2008-09-29,eos.pages,"Macdonald, Lawrence and Bishop",GB,-63.8916775,uz
"$2,767.01",35223050,12:54:08,North Macedonia,1998-12-23,sit.pdf,Allen and Sons,GB,-73.580504,fy
$689.33,56337,16:57:27,Costa Rica,1993-10-11,ad.doc,Howarth-Evans,GB,-12.773373,ps
"$4,208.54",65,02:55:39,Germany,1970-01-07,dolorem.mp4,Sykes and Sons,GB,22.3468445,sw
$358.40,238740,08:57:08,Denmark,2006-07-13,rem.flac,Thomson Group,GB,71.431571,raj
$97.56,233,20:36:27,Northern Mariana Islands,1972-06-10,dicta.png,Dixon Inc,GB,31.804048,cv
"$2,109.27",6612396,01:51:57,Madagascar,2008-08-10,fugiat.jpg,"Matthews, Warren and Phillips",GB,89.3017635,hr
$544.83,420861094,06:56:17,Equatorial Guinea,2016-04-02,enim.odt,Mason and Sons,GB,-23.798568,ms
"$80,333.84",91,15:09:11,Cambodia,1972-02-21,suscipit.webm,Booth LLC,GB,13.585161,brx
$9.98,101787014,05:09:28,Israel,2010-05-11,quos.mp3,Smith Group,GB,-82.8406325,pt
$710.83,8,23:13:11,Chile,1990-12-04,atque.csv,Hammond-Walker,GB,53.2407745,mi
"$7,389.35",91301625,02:06:46,Cape Verde,2011-07-18,quos.key,"Nicholson, Shaw and Graham",GB,-70.239219,bho
$2.43,4430,09:53:43,Luxembourg,2019-06-05,tempore.html,Yates PLC,GB,82.0711355,ta
$89.28,3947,02:49:15,Oman,1997-10-21,quod.csv,"Riley, Hale and Shaw",GB,-61.0918455,ff
"$10,331.15",173,21:27:37,Niger,2021-10-26,sed.bmp,Lewis-Goddard,GB,-24.5791765,ml
"$2,318.27",862,00:52:55,Senegal,2006-02-11,soluta.numbers,Duffy-Bowen,GB,-32.939162,sr
"$15,385.87",806694,04:38:29,Reunion,1997-12-23,aliquid.txt,Ward-Hudson,GB,-89.9317835,uk
"$7,214.38",4,04:13:38,Kiribati,2008-05-06,magnam.jpg,Hill LLC,GB,-77.0602845,ku
$366.54,242,04:34:10,Tajikistan,2006-04-01,pariatur.webm,Hodgson-Brown,GB,1.458156,mag
$368.42,73968520,19:13:26,Monaco,1984-05-11,aut.png,Barnes-Collins,GB,-65.7029215,rw
$3.21,233634084,07:20:57,Mayotte,1998-09-16,perferendis.avi,"Bell, Thomson and Osborne",GB,-45.2871785,tn
$758.52,874089,15:20:43,Lebanon,1975-12-16,repudiandae.odt,"Hodgson, Hill and Gallagher",GB,32.0342285,ms
"$94,479.56",779489,19:12:53,Turkey,1976-01-06,sit.tiff,"Morris, Smith and Wright",GB,-83.303927,ss
$316.49,6282886,11:19:30,Mayotte,2011-10-10,molestiae.bmp,Richards-Wheeler,GB,-36.3163465,ln
$54.36,842,04:50:27,United States of America,1973-04-19,odio.js,Butler PLC,GB,60.3971605,nso
$56.96,7649383,22:45:02,New Caledonia,2016-04-23,officia.ppt,Brown-Hunt,GB,1.8233535,bs
$86.65,6,12:38:08,New Caledonia,1972-02-07,quas.mp3,Potter Group,GB,76.213121,ss
"$4,208.30",5,05:33:45,Montenegro,1997-08-22,libero.wav,Gough Inc,GB,-86.0071865,kok
"$16,907.70",5,11:56:22,Argentina,2010-02-05,eos.webm,Morrison-Williams,GB,57.8505005,hy
$6.39,232,15:36:49,Marshall Islands,2003-08-02,animi.odp,Owen Inc,GB,75.0479855,pt
$12.05,688843,07:14:17,Korea,1985-04-26,cupiditate.jpeg,"O'Sullivan, Walker and West",GB,79.3907055,ig
$208.90,244306,15:52:41,Cayman Islands,2006-05-11,ex.flac,Phillips PLC,GB,81.7865575,kn
"$39,663.81",246,14:12:57,Grenada,1975-09-01,non.css,Miller-Miller,GB,-67.8222705,fo
"$47,627.47",6838,14:14:07,Kenya,1992-06-27,iure.html,Holmes-Gibbs,GB,40.038040,ts
$7.06,781866165,19:13:41,Qatar,1982-08-28,illo.pptx,"Connor, Webster and Shaw",GB,-27.043445,apn
$9.71,470848397,23:32:00,Zimbabwe,1998-04-23,quis.flac,O'Neill-Osborne,GB,-64.8819075,unm
$59.88,829,07:11:47,Luxembourg,2003-07-26,illum.jpg,"Norman, Smith and Sharp",GB,81.6568995,mn
"$9,639.09",78795,09:56:07,Tunisia,2014-06-07,dolore.jpeg,"Morgan, Brown and Coleman",GB,79.376738,bem
"$5,020.90",19300501,01:47:50,Myanmar,2015-06-27,tempore.mp3,James-Young,GB,-54.691467,ak
$2.97,6335970,05:03:37,Guyana,2015-02-21,error.ppt,Edwards-Doherty,GB,-38.458308,tcy
$7.63,4807,03:47:43,Burkina Faso,2003-05-09,nihil.odp,Roberts and Sons,GB,-48.815402,fa
$92.93,629,09:03:04,Gibraltar,1994-01-15,hic.avi,"Rose, Goodwin and Fox",GB,-6.745174,es
$4.74,7297420,22:51:21,Cameroon,2023-08-20,ducimus.numbers,Griffin-Hussain,GB,-2.3544545,ml
$36.94,644089,17:44:49,Niger,1982-11-10,laborum.docx,Thompson and Sons,GB,-55.4944665,el
$981.80,21237,02:36:29,Austria,2013-03-11,corrupti.css,"Cartwright, Richardson and Burton",GB,5.1925065,ckb
"$33,000.12",916525830,23:44:55,Albania,1976-06-09,dicta.mov,"Young, Bennett and Dawson",GB,2.5569625,dv
"$95,341.34",84,14:47:25,Ecuador,1994-02-28,alias.pdf,Hunt-Matthews,GB,-12.275037,sk
$930.22,920770,15:22:30,Marshall Islands,1987-07-14,quibusdam.avi,Gill-Slater,GB,-82.1979585,fy
$240.93,87,23:29:43,Bosnia and Herzegovina,2011-10-29,reprehenderit.json,Smith-Smith,GB,-81.561552,ro
$427.81,92961,01:12:33,Cameroon,2003-06-05,error.avi,Richards Ltd,GB,0.749051,sk
$289.20,5778,16:33:12,Liechtenstein,1986-01-29,sed.js,Hodgson Group,GB,42.9231955,zu
"$68,561.09",9,05:35:02,Samoa,2019-04-08,deleniti.webm,Gardner-Poole,GB,64.3907215,st
$299.00,262,12:10:43,Mozambique,1978-07-20,cupiditate.mp4,Fry and Sons,GB,67.5066845,st
$492.02,2943707,20:40:17,India,1990-02-03,error.mp3,Sanderson Ltd,GB,11.1100485,bg
$928.97,88,19:39:56,Ireland,1974-02-22,delectus.mov,Arnold Inc,GB,68.3059035,am
"$9,816.92",277,23:35:41,Slovenia,1989-06-09,velit.doc,Shah PLC,GB,-52.451749,bo
$5.43,33343546,12:35:51,United States Minor Outlying Islands,1975-01-25,impedit.mov,Jackson-Stevens,GB,-73.863402,kok
$85.50,46812,22:09:53,Argentina,1993-08-08,libero.flac,"Hughes, Phillips and Edwards",GB,-53.376881,lo
$6.42,19,15:59:22,Kenya,2000-10-31,voluptates.mov,"Warner, Bishop and Parkinson",GB,44.968940,bhb
$6.46,1615961,06:05:54,Pitcairn Islands,1985-09-30,cumque.odt,Johnson-King,GB,34.2100635,tl
$99.95,6486236,14:43:44,Guinea-Bissau,2020-04-19,officiis.flac,"Saunders, Jones and Robinson",GB,71.8662565,tr
"$6,209.39",58,22:16:22,Micronesia,2000-07-03,modi.wav,"Saunders, Marshall and Douglas",GB,44.7772765,eo
$286.39,331,02:40:13,New Caledonia,1987-10-03,quod.mov,Gardner-Barnes,GB,-42.6277155,om
$31.46,122076,08:27:33,Namibia,2013-08-25,recusandae.webm,Hussain-White,GB,-71.5280095,mi
"$47,475.87",41,01:14:14,Argentina,1993-01-25,nisi.avi,Thompson-Moore,GB,23.484549,om
"$4,537.61",1658,09:23:05,Georgia,1985-08-14,iusto.flac,"Nicholls, Kaur and Coleman",GB,4.8108835,mg
$19.37,53687,09:41:43,Antigua and Barbuda,1994-03-10,eum.mp3,Burns LLC,GB,-44.166000,ka
"$8,784.19",32,07:44:14,Nicaragua,1993-10-31,itaque.numbers,Lewis and Sons,GB,-85.6045435,ak
$874.11,5447,12:23:02,Syrian Arab Republic,1973-03-27,consectetur.avi,Jennings-Davey,GB,36.5953355,it
"$33,516.18",150,22:05:05,Ethiopia,2013-02-04,laudantium.gif,"Gibson, Robson and Pearce",GB,26.070712,doi
$61.27,59162017,14:38:50,Tajikistan,1980-12-27,corrupti.webm,Lloyd Inc,GB,55.0426695,bs
"$14,329.42",6005,15:11:54,Tunisia,2015-10-31,velit.html,Carter and Sons,GB,-11.065767,tn
"$5,275.89",7,12:50:11,Congo,2001-09-14,iusto.pptx,Thomas LLC,GB,58.0070425,it
"$5,133.56",223,19:56:52,Tokelau,2017-01-08,atque.mov,"Ellis, Evans and Khan",GB,-10.3534265,lo
"$23,400.78",61200358,22:53:28,Andorra,2010-06-18,dolores.pptx,"Ahmed, McKenzie and Armstrong",GB,73.395713,hu
"$81,300.46",7197,09:39:44,Dominican Republic,1975-08-30,ipsam.mp4,Evans-Jones,GB,57.5142775,be
"$4,308.67",901529,02:33:28,India,1989-03-27,explicabo.jpeg,Kelly-Willis,GB,-58.5659975,gez
"$7,205.88",573890,20:40:13,Honduras,1976-10-09,exercitationem.xlsx,Matthews Inc,GB,-68.037911,fi
"$72,937.99",61,13:14:06,Bolivia,2004-12-20,totam.jpeg,Day LLC,GB,-51.0403525,ro
$541.51,2883137,05:56:54,Bahrain,1983-05-06,voluptate.mp3,"Storey, Jones and Williams",GB,-38.8769075,ml
$30.69,2895785,12:55:24,Croatia,2004-07-29,tempora.mp3,Wallace-Hayes,GB,-80.7003505,sw
"$5,447.10",89743,04:23:34,Denmark,1972-03-05,ullam.js,Anderson Inc,GB,55.6787945,fr
"$90,227.31",106,14:57:18,Norfolk Island,2012-04-18,dicta.txt,Pearson Group,GB,38.8092405,ur
$9.86,906,01:27:08,Haiti,1993-06-28,quo.js,"Woods, Smith and Read",GB,-64.846835,tig
$3.24,93,15:56:32,Barbados,1970-03-28,perspiciatis.mp3,Watkins Group,GB,25.299146,or
$88.83,98048,03:27:13,Congo,2007-08-15,doloremque.bmp,"Howell, Armstrong and Price",GB,34.050814,da
$36.53,65733,10:35:11,Kenya,1986-08-07,ea.csv,Howard Group,GB,-24.1121355,mni
$30.27,1674328,20:33:46,San Marino,1993-08-27,rem.avi,John and Sons,GB,-3.020894,lv
$7.16,803,04:34:25,Guatemala,1988-08-31,sint.pptx,Wilson-Williams,GB,64.6483205,cs
$95.49,2968,15:42:36,Czech Republic,1979-05-10,porro.png,Smith-Evans,GB,1.012160,is
$3.48,8,19:58:16,Ireland,1997-09-13,illum.json,Evans-Thomas,GB,1.0252075,nn
"$30,341.60",115150,07:02:18,Kazakhstan,1976-01-19,quibusdam.html,Hudson and Sons,GB,24.0059535,crh
$553.81,3065022,02:13:48,Reunion,2003-09-05,illum.tiff,Day-Smith,GB,81.660350,gez
"$4,628.41",65221089,23:43:30,Tajikistan,1971-07-13,cum.json,Ball LLC,GB,13.827033,bho
$3.58,76,13:10:00,Fiji,2000-07-20,fuga.xlsx,Houghton Group,GB,-56.235873,he
$53.46,2,13:06:21,Tajikistan,1981-09-01,reiciendis.avi,Holland-Dawson,GB,-19.0120465,fo
$2.69,5550067,05:02:47,Mozambique,1989-10-24,ad.numbers,Dawson and Sons,GB,29.532626,fil
$2.42,759492304,20:45:14,Macao,1971-03-11,sapiente.bmp,"Smart, Miah and Clarke",GB,26.086311,iu
$98.32,829915,04:29:43,Philippines,1996-02-27,aliquam.key,Kay and Sons,GB,43.1589645,nhn
"$9,101.81",654415324,03:40:01,Ethiopia,1978-04-19,minus.pdf,Williams-Bird,GB,-65.473680,ta
$4.62,35383,22:14:19,Turkey,1992-04-28,suscipit.odp,Webb Group,GB,-73.820983,bg
"$85,571.12",4397035,05:46:12,Dominica,2002-03-04,perspiciatis.mp3,Rose LLC,GB,-77.599301,om
$759.20,50997392,09:52:46,Mauritania,1996-11-17,corporis.odt,"Jones, Wood and Howard",GB,-62.575753,et
$9.59,95,16:08:26,Uganda,2003-06-27,quo.pages,Oliver-Williams,GB,11.534685,he
$854.59,959,15:42:59,British Indian Ocean Territory (Chagos Archipelago),1977-04-19,explicabo.csv,Woods-Baxter,GB,-9.077571,sk
$41.64,19451710,06:19:21,Swaziland,2020-06-24,nobis.webm,Kelly LLC,GB,42.523343,fo
"$5,783.51",100,09:07:08,Kenya,2023-01-04,eveniet.avi,Chapman-Jackson,GB,-2.659311,zh
$624.57,38555,03:20:25,Latvia,1987-05-29,sit.txt,Price LLC,GB,14.977944,ml
$65.29,214561,04:10:35,Turkey,1995-09-13,natus.tiff,Gill Ltd,GB,-60.9114495,gez
$29.09,25264,03:19:37,Zambia,1997-06-04,deleniti.flac,North-Blackburn,GB,78.639088,bhb
$3.50,100036140,11:06:35,Belgium,1989-06-12,quo.jpg,"Fowler, Rogers and Lewis",GB,-79.8409455,hak
$189.22,7,12:54:12,Puerto Rico,1983-04-13,adipisci.webm,Ahmed-May,GB,26.2066915,ml
$489.57,74427,08:10:24,Tanzania,2011-03-06,corrupti.html,"Harrison, Walker and Lawrence",GB,13.883706,the
$8.92,386534209,19:26:12,Nicaragua,2019-06-06,exercitationem.wav,Stevenson and Sons,GB,-26.6453805,wo
"$24,496.93",280,09:48:08,Grenada,1999-01-29,eveniet.flac,Cook-Lynch,GB,74.022260,kn
$2.21,60539751,15:09:03,Chile,1983-04-29,adipisci.wav,Barker Inc,GB,-50.540458,ig
$13.11,5221654,18:31:59,Cyprus,1997-01-19,eius.mp3,"Price, Allan and Hawkins",GB,62.927274,an
"$2,576.34",315656,09:27:05,Armenia,2022-08-09,earum.flac,Norris and Sons,GB,18.440542,nr
$413.69,908,19:22:11,Brazil,1988-10-07,tempore.jpeg,Ford Inc,GB,-12.056791,ms
$2.70,39333,18:40:51,Vietnam,2013-04-22,consequuntur.csv,Kent and Sons,GB,-61.9566955,gl
$0.30,802,18:11:04,Spain,2016-03-20,officiis.js,Davidson Group,GB,45.887413,raj
$728.41,172201788,15:58:40,United States Minor Outlying Islands,2017-10-24,molestias.txt,"Green, Smart and Jones",GB,71.9137675,yo
$2.97,27095623,02:22:22,Pakistan,1998-04-24,itaque.ppt,"Rice, Howard and Hewitt",GB,20.2121045,eo
$5.74,143,14:48:19,Liberia,1973-05-12,explicabo.css,Wilkinson-Greenwood,GB,56.102959,gv
$3.85,8112,05:11:37,Congo,1973-02-13,nobis.webm,Craig and Sons,GB,16.116303,ug
"$55,986.57",9860422,18:10:10,Sudan,1999-08-25,non.webm,Young LLC,GB,-34.723580,hy
"$2,765.71",8,21:45:23,Saint Barthelemy,1980-03-24,repellat.mp4,Barker-Edwards,GB,59.7004195,am
$8.39,47835129,12:36:52,Serbia,2017-04-13,ipsa.pptx,"Kent, Simmons and Jones",GB,66.037873,doi
$1.69,46341,07:03:20,Micronesia,2021-01-03,dolores.tiff,"Young, Walton and Hamilton",GB,59.753699,shs
"$18,494.54",9741998,12:02:45,Saint Pierre and Miquelon,2017-11-28,assumenda.jpeg,Morris-Brown,GB,40.6575485,niu
$50.46,99133113,19:16:25,Palestinian Territory,2018-06-18,quo.png,"Young, White and Smith",GB,74.8806165,pap
$3.41,185576,21:52:43,Sao Tome and Principe,2006-06-22,voluptatibus.numbers,"Kelly, Smith and George",GB,-79.943929,fy
$4.34,148,10:57:14,Saint Vincent and the Grenadines,1978-08-12,labore.mp4,Young-Goddard,GB,72.526752,hne
$664.32,252,15:29:48,Japan,1998-07-04,asperiores.js,"Parry, Bradley and Allen",GB,45.369904,my
"$80,743.60",368288,14:55:28,Kenya,1978-06-16,facilis.docx,Jackson PLC,GB,56.549197,si
"$93,913.84",4,15:30:17,South Africa,1977-09-17,laudantium.flac,"Morris, Thomas and Barber",GB,18.1768865,os
$7.62,478,10:48:18,Angola,1985-10-14,sit.json,Lamb-Carter,GB,71.9477065,pap
"$6,309.06",535196937,04:05:19,Azerbaijan,2021-04-26,vitae.mov,Bailey and Sons,GB,-15.745002,mni
$3.24,791,02:10:24,Vietnam,1993-01-07,nihil.webm,"Williams, Wilson and Chambers",GB,40.194919,ber
$0.31,639800664,11:33:50,Cote d'Ivoire,1988-08-30,expedita.webm,"Hardy, Jackson and Farmer",GB,72.906173,am
$97.85,12003595,23:23:34,Serbia,2010-08-12,deleniti.flac,Martin PLC,GB,14.3484885,iw
"$1,648.93",52345655,17:59:23,Andorra,2008-09-14,quod.flac,"Wilkinson, Knight and Hope",GB,-31.630888,zh
"$18,896.83",9987,14:47:04,Solomon Islands,1973-07-20,praesentium.tiff,Gardner and Sons,GB,22.473845,ga
$576.51,5,15:08:09,Iran,1989-09-18,consectetur.pages,"Watts, Collier and Robertson",GB,-62.5350685,rw
$359.80,133635,16:29:17,Saint Pierre and Miquelon,1970-11-09,nemo.doc,Kent Inc,GB,-74.6435775,ks
"$68,003.99",649297083,08:06:37,Zambia,2022-12-18,ad.csv,"Hart, Pearce and Edwards",GB,41.6527865,is
"$71,687.41",3087637,09:39:19,France,1997-12-08,rerum.tiff,"Evans, Rose and Fisher",GB,-34.0383215,ve
"$3,335.39",1850,14:38:35,Russian Federation,1984-03-21,sint.gif,"Newton, Yates and Allen",GB,-62.5813635,ss
"$5,558.77",1146,16:07:49,Peru,2002-11-28,quam.mp4,Davies-Walker,GB,20.6890185,ko
$14.69,533,07:50:51,Ireland,2011-07-29,eligendi.mov,Davies-Coleman,GB,82.0030185,szl
$76.14,7823154,04:46:45,Australia,2006-03-27,laudantium.mp3,"Pearson, Fry and Saunders",GB,-8.5823225,ur
"$8,989.96",28,11:16:44,Greece,1973-10-06,optio.js,Briggs-Harris,GB,-55.255082,mr
$815.31,9,05:49:58,Trinidad and Tobago,1974-07-30,reprehenderit.mp4,"Brooks, Randall and Martin",GB,83.8570425,gd
$17.76,33710,07:51:18,Comoros,1992-02-06,ex.mp3,"Clark, Walker and Rowe",GB,7.838037,ml
$7.57,5,21:53:46,Madagascar,1977-05-18,vel.css,Brown LLC,GB,-50.167772,vi
$163.61,767919662,18:20:33,Spain,1975-07-26,ex.txt,Lewis Ltd,GB,-34.8482035,it
$94.07,9,08:23:28,Estonia,1986-04-21,omnis.key,Johnson-Jones,GB,25.066283,ln
"$30,808.73",490111850,16:25:07,French Southern Territories,1994-04-27,odit.png,Summers-Harris,GB,76.996095,ga
"$1,271.27",55,00:01:30,Wallis and Futuna,2003-09-20,fugit.ods,Steele-Lewis,GB,46.390891,ca
$18.84,1634,12:13:55,United States Virgin Islands,1983-07-01,autem.webm,May-Woods,GB,-69.3018865,nhn
"$40,031.69",712711,13:00:37,Falkland Islands (Malvinas),2015-11-21,neque.mov,Morgan Inc,GB,-76.8093325,ik
$7.00,852,01:41:21,Bhutan,1972-07-06,fuga.json,Bevan-Hilton,GB,15.578832,tl
"$76,082.59",11161203,15:17:27,Kuwait,2011-07-06,ipsum.js,"James, Singh and Davis",GB,-88.3524445,niu
"$9,842.84",540,17:06:07,Micronesia,2020-10-17,repellat.bmp,Johnson PLC,GB,54.9867765,bg
$568.50,1,22:27:34,Libyan Arab Jamahiriya,2003-09-12,illum.odp,Pearson Inc,GB,11.9751245,bg
"$1,298.04",890491784,12:37:16,Libyan Arab Jamahiriya,1974-04-30,hic.odp,O'Neill-Fisher,GB,-77.5815375,ayc
$60.53,88,18:18:16,Sri Lanka,2007-03-14,possimus.csv,"Powell, Carr and Wright",GB,-30.7691535,te
$5.65,275010,10:45:01,Argentina,2020-03-03,aliquam.avi,Stephens and Sons,GB,-32.270770,zh
"$44,269.61",45415,14:39:54,Antarctica (the territory South of 60 deg S),2000-11-20,iure.webm,Anderson and Sons,GB,45.6282655,st
"$7,774.70",18323608,05:52:58,Sri Lanka,1988-02-07,sunt.ods,Ferguson-Reed,GB,35.1034515,ia
$46.07,3657,13:17:58,Uganda,2008-07-05,iusto.webm,Robson-Roberts,GB,-52.178347,sid
$14.54,475,02:50:37,Turks and Caicos Islands,2003-10-13,eius.mp3,Bell-Clarke,GB,-21.2613265,br
"$87,336.24",614082329,01:06:52,Yemen,2020-02-28,at.xlsx,Dawson LLC,GB,-69.0648625,sa
"$47,629.14",448,00:38:14,French Polynesia,2010-09-20,perferendis.jpg,"Turner, Foster and Day",GB,36.4694445,mai
$2.78,352,23:53:46,Monaco,2022-11-04,quia.bmp,"Wright, Winter and Parker",GB,58.6280205,yo
$7.36,85513,16:00:11,United Arab Emirates,1989-02-10,iure.wav,Hunt-Davies,GB,-42.999325,sc
"$60,643.58",4503731,07:10:42,Uganda,2002-09-19,modi.png,Chambers LLC,GB,-81.2582545,se
$808.68,267443756,15:30:14,Singapore,2006-05-06,fuga.js,Willis LLC,GB,-24.6500135,ik
"$34,419.68",311,07:53:29,Belgium,2017-08-08,dolorum.webm,"Brennan, Bradshaw and Moore",GB,-36.5966705,mr
"$6,214.34",6351,14:05:16,Afghanistan,2015-04-02,enim.json,"Russell, Hunter and Short",GB,58.007921,ks
"$9,055.82",6,16:01:54,Norfolk Island,2000-07-15,minima.mp3,Rose-Lewis,GB,86.9742115,lt
"$80,878.74",9074775,12:53:39,Honduras,2010-11-16,maiores.wav,"Bishop, Foster and Greenwood",GB,-36.5708125,ht
"$4,964.36",866299,20:39:42,Gibraltar,1977-11-15,pariatur.wav,"Shah, Anderson and Reynolds",GB,-11.9901205,ja
"$3,232.57",86329771,11:40:55,Bangladesh,2000-04-07,dignissimos.xls,"Bailey, Young and Wilson",GB,-77.8880485,ha
$2.66,99,19:59:51,Kuwait,1995-05-26,a.tiff,Hall Ltd,GB,-75.6717975,tl
$0.66,64703,01:54:08,Romania,2015-07-06,perferendis.csv,"Robinson, Butler and Hunter",GB,84.378173,niu
"$9,831.15",944313,09:05:20,North Macedonia,2023-08-07,eaque.mp4,Marshall PLC,GB,-72.1802125,uz
$59.61,66346,19:53:02,French Southern Territories,1995-07-25,impedit.jpg,Taylor-Hawkins,GB,70.095874,sk
$80.30,9,22:03:47,Antarctica (the territory South of 60 deg S),1986-10-18,omnis.flac,"Lambert, Thornton and Taylor",GB,71.003537,it
"$33,696.12",765063,11:46:34,Brunei Darussalam,2011-03-04,voluptatem.mov,"Armstrong, Bailey and Bevan",GB,38.4380095,nn
"$46,905.80",55238,22:21:23,Niue,2022-10-14,cumque.ppt,"Barnett, Robinson and Swift",GB,82.0966665,am
"$72,879.68",81327,17:06:57,Egypt,2010-11-11,ipsa.png,"Thompson, McCarthy and Holmes",GB,25.476062,mhr
"$29,556.32",7510,06:26:02,Poland,2019-12-13,iusto.mov,Mitchell-King,GB,48.7214585,mr
$32.13,657,20:05:53,French Southern Territories,2005-01-01,saepe.doc,Todd LLC,GB,-41.3439255,en
$38.22,5672,03:13:15,Mongolia,2008-05-10,iusto.doc,"Cooper, Nixon and Bennett",GB,-23.4977645,hu
"$33,645.30",7,05:57:09,Serbia,1980-03-13,tempore.mp4,Chapman and Sons,GB,-31.0403165,bem
"$8,320.76",34910,01:09:27,Jamaica,2002-03-16,ratione.txt,Sullivan PLC,GB,-65.3475195,nr
"$7,039.76",4,10:17:30,Thailand,1999-09-20,nemo.flac,"Ashton, Briggs and Chandler",GB,-88.005823,an
$896.55,11666,20:37:35,Antigua and Barbuda,2001-02-06,ratione.tiff,"Walker, Edwards and Stephens",GB,-15.3654475,hsb
"$63,973.27",4,11:52:44,Rwanda,1974-04-10,iure.mp3,Bibi-Walsh,GB,-72.5262695,raj
$25.04,1,00:03:03,Suriname,1988-04-15,officiis.txt,White-Hudson,GB,-18.0926595,kk
$3.67,78240556,22:47:47,Libyan Arab Jamahiriya,1989-10-13,maxime.mp4,Edwards-Smith,GB,-75.5428285,ga
$3.54,82409087,01:18:04,Congo,1986-12-17,deleniti.avi,Dawson-Robinson,GB,53.5518935,ku
"$2,837.15",53317,02:43:31,Faroe Islands,1970-12-24,exercitationem.css,Harding LLC,GB,87.8679145,pap
$0.33,180072,22:31:02,Luxembourg,2004-04-21,ab.jpeg,Barrett Ltd,GB,-71.433529,doi
"$7,305.13",19637184,17:22:18,Austria,2014-06-07,quod.pdf,Holmes PLC,GB,-46.7488465,sc
"$80,589.39",87309400,15:51:08,Brazil,2005-11-02,delectus.ppt,"Wilson, Edwards and Holland",GB,-65.2728995,as
$50.12,32,04:35:42,Mexico,1972-02-15,molestiae.avi,Stewart Group,GB,-29.697761,cs
"$6,234.12",8068,12:26:02,Venezuela,2009-02-13,vero.wav,Owen-Barnes,GB,-46.885353,ln
"$31,123.04",339006,18:36:46,Cyprus,1981-12-08,fuga.mov,Murphy Inc,GB,31.7569425,sw
$343.70,4,19:37:10,Ireland,2010-01-22,corrupti.wav,"Begum, Rice and Barker",GB,38.485944,szl
"$4,139.41",93,22:08:09,Qatar,1994-01-04,voluptatem.mov,"Storey, Todd and Anderson",GB,-26.9077805,nhn
"$26,455.35",95559715,18:02:53,Costa Rica,2013-05-04,nam.flac,"Conway, Griffiths and Wilkins",GB,-40.9687555,fa
"$1,893.95",912,12:40:07,Greece,1999-08-01,minus.js,Jones Ltd,GB,37.6392835,be
$777.21,60274585,22:03:54,Tuvalu,2015-03-21,harum.bmp,Roberts Ltd,GB,40.5701975,dv
$702.01,41,07:43:28,Jersey,2020-12-28,iste.jpeg,Rogers LLC,GB,67.573010,hsb
$385.18,5551,11:14:02,Saudi Arabia,1994-06-13,occaecati.txt,"Pritchard, King and Moss",GB,0.7112855,it
"$7,829.58",6278,23:18:52,Malta,1975-08-21,excepturi.pages,Welch-Rose,GB,-63.8046135,de
$36.72,2752,10:45:49,Andorra,2013-07-25,quas.txt,James and Sons,GB,44.3337715,lv
$69.50,589819714,12:56:38,Italy,2004-06-07,vel.png,Walker-Wilson,GB,-9.3092625,tr
$1.78,77783,06:13:36,Croatia,1987-06-15,veniam.xlsx,Brown Group,GB,-2.376326,ber
$964.60,3,17:04:40,Argentina,2021-09-14,earum.flac,"Whittaker, Joyce and Armstrong",GB,-69.7375505,ayc
"$4,129.21",6918,20:08:33,Chad,2015-05-24,eaque.wav,Cook LLC,GB,15.4165075,th
$11.10,3,22:32:43,China,1975-09-19,modi.tiff,Pearce Ltd,GB,-20.0681165,or
"$50,717.89",19846116,01:33:42,Christmas Island,1972-11-23,ullam.mp3,Jones-Skinner,GB,1.0632525,de
$8.13,88,12:04:06,Belize,2020-12-19,quibusdam.flac,May Group,GB,88.4179385,el
$59.83,174523,15:41:26,Seychelles,1982-10-12,porro.html,"Lloyd, Brennan and Abbott",GB,56.827141,yo
"$42,894.45",1916811,16:52:22,Mauritania,2021-05-13,quisquam.css,Scott-Hardy,GB,59.6157235,mg
$676.35,895,03:45:03,Belize,2021-01-29,cum.xlsx,"Bell, Cook and Smith",GB,-62.016450,szl
"$3,340.82",884946334,14:46:29,Mayotte,2020-12-22,consequuntur.numbers,Fleming Ltd,GB,-51.462233,ku
$536.18,854,17:50:22,Guyana,1986-02-17,earum.json,"Pearson, Jones and Jackson",GB,-29.4393845,shs
$29.23,34375,11:00:19,Turks and Caicos Islands,1987-02-24,quo.mov,"Singh, Hunter and Jones",GB,-82.3463635,ca
$646.08,285212,04:24:29,Malaysia,1992-12-09,cupiditate.docx,Clark-Smith,GB,-12.856656,af
$21.62,78076460,09:08:06,Swaziland,1999-11-24,libero.mp3,"Morton, James and Hill",GB,76.9194045,be
"$29,450.56",2,01:08:42,Gibraltar,1978-03-04,et.bmp,Wilkins-Jones,GB,-64.037484,ne
"$2,789.95",8876,08:08:44,Gabon,2007-10-16,laborum.json,Wood-Norton,GB,-5.2078305,ln
"$92,304.06",99381587,13:54:19,United Kingdom,2017-05-09,cum.odp,Hunt-Davey,GB,10.660948,pl
$6.02,9404,21:50:21,Holy See (Vatican City State),1977-11-09,quod.flac,Chapman-Saunders,GB,-76.3042475,tg
$1.82,39,17:25:41,Sri Lanka,2003-11-10,laudantium.flac,Horton PLC,GB,65.8099265,ts
$4.63,759,06:25:34,Spain,1989-08-12,at.mov,"Smith, Baldwin and Dodd",GB,-70.875849,crh
$69.41,5,14:24:48,Nigeria,1989-04-11,commodi.jpg,Rogers Ltd,GB,72.7165205,cv
$60.83,3,08:26:33,Saint Lucia,1974-11-16,temporibus.mov,Jackson PLC,GB,-72.274695,lzh
$688.54,72446,08:22:58,Papua New Guinea,1979-12-27,cum.gif,Morris Ltd,GB,53.9334535,pa
"$8,588.20",407675238,20:30:13,Kuwait,2015-10-23,reprehenderit.js,Dunn-Jones,GB,67.5784945,byn
"$1,078.92",7,01:46:08,Korea,2023-01-05,iure.css,"Price, Brookes and Chapman",GB,-18.550187,vi
$50.42,61,09:54:42,Central African Republic,1982-08-10,dolor.png,"Ferguson, Allen and Davies",GB,-29.553480,mr
$20.74,675,03:24:40,Belize,2021-12-10,impedit.numbers,Walton Inc,GB,36.6358105,fi
$966.36,9576981,02:46:19,Kazakhstan,1986-02-17,quisquam.mov,Smith Ltd,GB,82.348177,ga
$1.53,0,19:56:44,Central African Republic,1982-03-24,dignissimos.png,Hodgson-Jones,GB,-1.106288,ro
"$38,656.36",0,09:43:59,French Southern Territories,1980-11-29,sunt.flac,Hale-Scott,GB,39.7593105,csb
$6.35,31884,12:57:43,Togo,2009-04-15,autem.bmp,"Bradley, Shaw and Davies",GB,63.7860485,or
$756.65,343326640,19:23:47,Grenada,2010-08-06,ipsa.avi,Johnson LLC,GB,-36.4450565,mn
$9.22,609251,23:13:03,Cyprus,1973-04-19,soluta.csv,Lyons LLC,GB,15.284608,pap
$400.93,82724127,10:58:46,Turks and Caicos Islands,1975-08-26,non.avi,Ryan-Bennett,GB,-10.380649,lg
"$7,506.86",2757836,20:38:47,Cocos (Keeling) Islands,1992-01-11,excepturi.csv,Ashton-Walker,GB,4.197483,tl
"$7,512.52",6591,16:51:36,Guatemala,1970-08-16,voluptate.png,"Sharpe, Pope and Ross",GB,12.2686895,wo
$148.78,2,13:53:16,Kyrgyz Republic,1993-07-02,unde.odp,Atkinson-Sheppard,GB,-32.535648,ber
"$80,162.79",22849853,03:21:32,Panama,1996-06-21,reprehenderit.json,Whitehead-Parsons,GB,15.1572795,se
"$2,047.47",2586769,13:04:26,Guyana,1984-10-05,ipsam.mp3,Cox PLC,GB,74.6834365,gu
$1.65,64,01:43:46,Azerbaijan,1980-06-29,eius.pages,"Barber, Mitchell and Riley",GB,45.8311205,yo
$61.36,859897,02:21:50,Comoros,1973-09-20,quisquam.mov,Singh and Sons,GB,44.602354,ak
$842.62,43876309,09:11:44,United States Virgin Islands,1989-01-27,non.png,Rowe Group,GB,55.7519605,ber
"$83,433.39",279,00:41:32,Brazil,2017-10-21,asperiores.pptx,Thompson-Ahmed,GB,-12.871231,nn
"$5,352.36",83173113,06:51:40,Samoa,2000-03-16,ipsam.flac,Black Inc,GB,12.181000,bem
$2.36,657022834,07:11:40,New Caledonia,1999-12-31,maiores.avi,"Morris, Dixon and Rogers",GB,-6.379878,mg
$8.97,560,12:06:17,New Zealand,2020-05-10,sunt.mp4,Wright-Pearson,GB,-58.9729875,mn
$884.33,34,16:47:32,Jersey,1986-04-08,enim.pdf,Browne Ltd,GB,61.2686605,mk
$277.05,787455,07:57:38,Bosnia and Herzegovina,2003-04-27,a.flac,"Parkes, Baldwin and Allen",GB,17.9839295,nds
"$44,251.56",65,20:10:04,Slovakia (Slovak Republic),1972-08-21,eum.avi,Lee Ltd,GB,-54.812591,uk
$72.79,52504147,05:09:42,Lithuania,2003-12-19,iusto.docx,Watson-Carey,GB,65.531475,ig
"$7,333.97",36293,08:15:36,Aruba,2007-04-09,quo.png,Rice Inc,GB,-32.8050195,ast
"$2,508.46",941214691,05:43:02,Argentina,1980-02-09,aut.jpeg,"Watson, Lewis and Reed",GB,-66.8495905,ku
$700.86,62393,10:30:43,Namibia,2021-06-20,temporibus.avi,Kennedy-Alexander,GB,-31.3066845,en
$28.71,24045,21:45:14,Latvia,1987-01-06,ab.bmp,Mason-Hewitt,GB,-74.194280,nl
"$23,853.74",3,10:38:35,Faroe Islands,2020-11-27,veniam.bmp,Jones-Martin,GB,77.1330595,mni
$267.52,38201,08:50:45,Israel,2013-11-15,doloremque.odt,Hill LLC,GB,-49.014990,ku
$2.31,18035786,14:38:38,Hong Kong,1981-07-21,quae.avi,"Williams, Morris and Wright",GB,67.817512,mi
$654.69,421993,09:20:13,Barbados,2004-08-22,in.xlsx,Griffiths Ltd,GB,53.181279,ga
$584.53,681891867,18:58:02,Azerbaijan,2012-02-06,nesciunt.js,"Burns, Wilson and Moore",GB,-52.0565785,th
$45.53,627812,06:14:09,Martinique,1997-08-04,fugiat.html,Adams-Baker,GB,-52.162056,csb
$8.28,0,09:38:20,Puerto Rico,1999-11-02,nam.wav,Lane Ltd,GB,71.4788385,ayc
"$42,361.15",53352910,06:02:18,Jamaica,2021-12-17,molestiae.mov,Stevens-Smith,GB,-27.285368,ber
$56.34,33031,22:46:59,North Macedonia,2011-02-22,esse.webm,"Robinson, Taylor and Reid",GB,-45.0213925,mi
"$76,314.37",277,18:01:21,Congo,2006-09-06,dicta.jpeg,Patel-Green,GB,-89.305730,hy
$583.90,22400,07:00:41,Isle of Man,2010-05-16,officiis.xlsx,"Walton, Stevenson and Saunders",GB,-86.8065015,nds
"$74,014.36",707103672,02:43:39,Armenia,1997-08-21,ea.gif,Rahman-Price,GB,48.205826,my
$3.97,140,15:59:12,Sudan,1976-11-19,nemo.txt,Thompson-Burns,GB,-23.018388,bg
"$43,868.11",4891,04:04:02,Kyrgyz Republic,1997-02-13,commodi.html,Powell-Holloway,GB,52.1258685,sw
"$21,024.76",88796,20:06:43,Italy,1975-05-13,dolorem.odt,Richardson and Sons,GB,-36.5634675,cmn
"$61,352.16",9,16:01:22,Belize,2009-05-27,possimus.wav,Ellis-Skinner,GB,57.6225535,mni
$996.12,2954,05:36:26,Bermuda,1997-09-30,impedit.csv,Green-Thomas,GB,-81.158844,ast
$60.78,6,12:40:26,Nicaragua,2010-10-18,aspernatur.mp4,Chambers-Allen,GB,61.198950,crh
$2.10,6630,00:10:31,French Guiana,2022-04-17,voluptate.odp,Harper-Faulkner,GB,31.4277085,doi
$9.83,67,01:33:05,Nauru,1970-03-02,explicabo.json,Rowley-Robinson,GB,39.436857,mk
"$8,848.38",3307,11:52:38,Christmas Island,2005-06-26,exercitationem.png,"Robertson, Simpson and Willis",GB,66.1072305,raj
"$77,014.70",7636,22:07:45,Cook Islands,1991-05-28,illum.mp3,"Welch, Frost and Evans",GB,62.9542255,li
$390.57,3665282,13:06:50,Madagascar,1974-09-08,corporis.mov,Harris Ltd,GB,-36.893944,sr
"$75,533.16",849,06:34:25,Antarctica (the territory South of 60 deg S),2002-12-29,similique.flac,Khan and Sons,GB,70.436459,ml
$64.63,850242,11:11:18,Norfolk Island,1982-08-19,non.pdf,Lloyd-Thompson,GB,56.9238445,sa
$8.58,1,18:37:09,British Indian Ocean Territory (Chagos Archipelago),2008-09-06,consectetur.webm,Osborne-Wood,GB,34.901732,af
$8.37,404855177,05:00:01,Azerbaijan,1975-09-29,vero.js,Patel and Sons,GB,64.9263365,nr
$822.80,29982,04:08:16,Belarus,1970-12-23,doloremque.numbers,Mistry LLC,GB,82.8120665,ig
$9.52,9478746,22:46:07,Malaysia,2005-03-21,quibusdam.json,Bates Group,GB,86.4596195,bo
"$23,550.00",73466615,04:37:27,Albania,2018-11-14,cumque.txt,"Mills, Gilbert and Kennedy",GB,-69.797876,kok
