address,iban,zrnr,timezone,random_number,country,pricetag,file_name,language_code,language_name,mac_address,company,time,bank_country,hostname
"Etzlerstr. 573
13754 Sigmaringen",DE41780870095477574016,JB-2780-6056-BANK,Africa/Accra,2,Pitcairn,"4,11 €",so.jpg,et,Tamil,eb:2b:40:8b:b0:f5,Bohnbach OHG mbH,01:13:48,DE,db-05.holsten.com
"Heinz Dieter-Ullmann-Gasse 278
05509 Vohenstrauß",DE97343345522043677912,JB-5314-7187-BANK,Europe/Kiev,801239,Indonesien,"78,35 €",werfen.mp3,iw,Kashmiri,79:ef:b9:c4:bc:9e,Harloff Schüler GmbH,03:10:46,DE,desktop-18.wesack.com
"Mesut-Lindau-Straße 783
16795 Badalzungen",DE49460159406335958813,JB-5360-5181-BANK,Europe/Vilnius,92141,Falklandinseln,"60.276,80 €",wünschen.csv,mi,Marathi,d3:33:ca:e6:27:7d,Lehmann,13:47:56,DE,email-16.stadelmann.de
"Henkgasse 6/8
77840 Kitzingen",DE74944807671171055313,JB-7072-7873-BANK,Europe/Brussels,4351906,Bosnien und Herzegowina,"5,33 €",sie.gif,niu,Finnish,55:48:75:52:a8:9f,Dobes Löchel AG,19:30:14,DE,lt-02.losekann.org
"Ditschlerinstraße 84
41969 Hoyerswerda",DE94241970564470150148,JB-0920-4166-BANK,Europe/Rome,31860,Turks- und Caicosinseln,"39,34 €",ist.webm,ru,Sinhala,fd:96:9a:ac:cd:c1,Mohaupt Stiftung & Co. KG,07:22:01,DE,web-10.doerschner.org
"Matthäiring 2/2
96490 Mallersdorf",DE69026556378193065087,JB-7138-7425-BANK,Europe/Paris,48,Antarktis,"49,30 €",müde.numbers,es,Kikuyu,6a:a7:43:75:a3:85,Pruschke,18:18:02,DE,email-44.gehringer.org
"Udo-Warmer-Straße 486
80062 Mettmann",DE63335099293832794746,JB-4599-4191-BANK,Australia/Brisbane,58,Nigeria,"67.994,35 €",lieb.wav,pl,Avaric,32:3b:ce:31:bf:9c,Patberg GmbH & Co. OHG,12:21:07,DE,desktop-47.waehner.com
"Friedhold-Mans-Weg 538
62205 Greiz",DE48430139731304199606,JB-6169-7200-BANK,Africa/Maseru,525079300,Demokratische Republik Kongo,"6.299,64 €",braun.mp3,am,Herero,72:42:f0:d6:49:3e,Schmiedecke Klemm OHG mbH,23:15:06,DE,laptop-55.hofmann.de
"Wulfweg 429
67147 Grafenau",DE84700269079606747804,JB-1285-0638-BANK,Asia/Jayapura,76,Luxemburg,"670,22 €",Essen.html,wa,Lao,ae:14:1f:55:1b:41,Lange,00:06:04,DE,lt-35.sager.de
"Hoffmannweg 2/5
37403 Badoberan",DE68719248840056894791,JB-1786-5922-BANK,Africa/Ouagadougou,45441,Niger,"680,11 €",trinken.tiff,ik,Amharic,41:85:97:af:19:7f,Seip Hermighausen GmbH,21:02:12,DE,lt-31.ernst.org
"Tilman-Krebs-Weg 8
41130 Jülich",DE51514695686302359385,JB-5548-5478-BANK,Pacific/Majuro,3460,Côte d’Ivoire,"70.474,57 €",erschrecken.mp3,mn,Vietnamese,da:48:cb:9a:87:55,Losekann,17:04:16,DE,srv-43.junk.com
"Marita-Wiek-Weg 7/5
56669 Euskirchen",DE64743722759819735157,JB-2305-7132-BANK,Africa/Ouagadougou,86178,Färöer,"34.517,63 €",früh.avi,mr,Assamese,e6:d7:6b:39:6e:d9,Dippel Hörle GbR,13:58:14,DE,lt-58.caspar.com
"Gotthardweg 0/2
93277 Heinsberg",DE84717125112675550755,JB-3993-7792-BANK,Asia/Aden,909583371,Russische Föderation,"409,02 €",heute.xlsx,pl,Sardinian,04:82:c8:9b:46:0a,Drewes,12:27:10,DE,laptop-11.hornig.de
"Hasso-Meyer-Weg 3
91001 Neubrandenburg",DE85053156794811981044,JB-4905-3223-BANK,Pacific/Guadalcanal,87374658,Nördliche Marianen,"54,92 €",Affe.pptx,az,Malagasy,0d:f8:ee:0c:69:7d,Huhn Stiftung & Co. KG,19:28:25,DE,lt-81.adler.org
"Trappgasse 1
30458 Calau",DE28915311728815228790,JB-5462-7140-BANK,Asia/Riyadh,8,Slowenien,"8,05 €",klettern.webm,iu,Chinese,a1:2f:96:9b:5f:b7,Köster,19:34:45,DE,email-92.ruppersberger.com
"Bohlanderring 34
97760 Teterow",DE11356009063703289747,JB-7224-7533-BANK,America/St_Lucia,8559,Kenia,"7,60 €",früh.mp3,tk,Marathi,1f:4a:28:be:5b:3e,Klapp Putz GmbH & Co. KG,08:16:48,DE,desktop-49.binner.com
"Ulla-Haering-Platz 8/2
40901 Bad Langensalza",DE48419603639652563580,JB-0927-4592-BANK,Africa/Lagos,75809,St. Vincent und die Grenadinen,"4,19 €",Leben.ppt,the,Western Frisian,eb:a2:fc:a5:1e:3a,Hörle GmbH & Co. KG,02:11:34,DE,email-39.hahn.org
"Helfried-Boucsein-Allee 405
64669 Altentreptow",DE18249412539260663301,JB-1706-5439-BANK,Europe/Zurich,71,Turkmenistan,"85.978,28 €",hier.mp3,lzh,Faroese,f5:19:56:cd:bb:4a,Bolnbach AG,08:52:49,DE,srv-94.suessebier.com
"Stefani-Eberhardt-Weg 5/7
72833 Erbisdorf",DE77246112040925976018,JB-0118-3061-BANK,Africa/Dar_es_Salaam,0,Malediven,"61.797,08 €",Geld.html,ka,Tatar,bd:ec:e9:bc:41:cb,Täsche Weinhold OHG mbH,11:30:28,DE,email-13.preiss.de
"Felizitas-Seip-Straße 7
45958 Soltau",DE50528672596943206675,JB-4155-3581-BANK,America/El_Salvador,111460,Portugal,"93.461,55 €",Spaß.flac,an,Kazakh,91:bc:18:76:7e:84,Löchel Linke GmbH & Co. OHG,04:06:16,DE,web-30.kallert.com
"Alicja-Franke-Allee 0
93115 Borken",DE81971313297873042073,JB-2493-4746-BANK,Europe/San_Marino,9823653,Réunion,"44,33 €",Zahl.mp3,gl,Tamil,8e:d3:9d:05:0d:76,Schleich Jacob GmbH,06:49:05,DE,desktop-33.jacobi.de
"Birgitt-Köhler-Ring 581
65702 Ansbach",DE09792789752313950423,JB-0154-2832-BANK,Africa/Ndjamena,1158,Bhutan,"46.716,72 €",man.mp3,pt,Tatar,1c:10:b9:65:f8:3b,Heuser,04:52:10,DE,db-87.vollbrecht.com
"Marzena-Liebelt-Gasse 0
56114 Illertissen",DE64836545457700937021,JB-4941-7870-BANK,Africa/Maseru,759,Rumänien,"7.686,61 €",unten.mp3,tn,Sinhala,05:de:65:8d:be:62,Eigenwillig,18:23:03,DE,desktop-90.kambs.com
"Walther-Säuberlich-Straße 85
75819 Döbeln",DE81600367173181278303,JB-3155-2631-BANK,Africa/Accra,93387065,Gibraltar,"1,91 €",vom.mov,iu,Tswana,52:b5:47:53:5d:86,Ritter,20:07:53,DE,desktop-54.kaester.org
"Ulf-Linke-Gasse 1
00799 Badibling",DE34471280549431517411,JB-4786-2855-BANK,America/Cuiaba,44514,Vatikanstadt,"8.994,58 €",Baum.doc,tg,Chuvash,2d:8b:82:aa:02:ca,Meyer AG & Co. KGaA,07:02:17,DE,desktop-55.faust.com
"Pärtzeltstr. 18
53295 Freital",DE57670505779465442658,JB-2683-0629-BANK,Asia/Manila,7661,Usbekistan,"35,16 €",schlimm.mp3,dz,Burmese,b6:d7:33:3c:2b:0f,Mangold,22:34:29,DE,laptop-59.giess.de
"Andrzej-Rudolph-Straße 684
74490 Main-Höchst",DE64865627578012672829,JB-3100-6189-BANK,Europe/Stockholm,647,Norfolkinsel,"56.953,90 €",sagen.mp4,gez,Kazakh,89:c7:c4:f4:d5:28,Junken GmbH & Co. KG,19:08:03,DE,srv-56.loeffler.com
"Weihmannplatz 237
72157 Zerbst",DE61136684421371763182,JB-4266-1030-BANK,Europe/San_Marino,4020,Uganda,"5,67 €",werden.tiff,lt,Faroese,9d:75:0f:6e:f3:45,Schaaf,12:24:54,DE,web-98.baerer.com
"Neureutherring 819
70776 Pößneck",DE78626177611583147645,JB-2287-4810-BANK,Asia/Ashgabat,967007,Rumänien,"6,02 €",sein.csv,bs,Marathi,ae:db:8a:c0:37:cd,Lindau,05:24:25,DE,srv-85.zorbach.de
"Krebsplatz 6
85622 Burgdorf",DE45097148427865270688,JB-1575-3353-BANK,Europe/Dublin,5,Türkei,"8,47 €",mögen.numbers,fa,Turkish,c3:7b:87:4b:48:cc,Täsche,04:32:45,DE,lt-87.taesche.de
"Christophring 99
45279 Sebnitz",DE59131697677638742806,JB-7166-2980-BANK,Africa/Dakar,0,St. Pierre und Miquelon,"7.869,84 €",Tante.flac,wal,Malagasy,b4:f5:c9:1c:c0:a9,Birnbaum GmbH,08:46:29,DE,laptop-67.jaekel.org
"Ebertgasse 47
15282 Neuss",DE02395494843028666210,JB-2603-3161-BANK,Africa/Cairo,455991,Spanien,"889,02 €",Dorf.js,as,Latin,5a:57:81:ec:74:e1,Martin,09:43:29,DE,lt-75.muelichen.com
"Sabine-Segebahn-Ring 6
39230 Weimar",DE02575617339629416965,JB-1551-1369-BANK,Europe/Berlin,85999370,Mosambik,"526,39 €",werfen.js,eu,Hungarian,80:8e:a5:51:17:1c,auch Schlauchin Ruppert OHG mbH,16:46:28,DE,db-07.dippel.de
"Yasmin-Geißler-Ring 442
05181 Hechingen",DE53739821798043383357,JB-2651-3691-BANK,Africa/Malabo,991431,Madagaskar,"44,89 €",wichtig.webm,oc,Nauru,1e:f6:fe:12:e7:71,Martin,10:51:46,DE,db-88.hethur.com
"Fritschplatz 66
34397 Bogen",DE38275168667052580951,JB-1263-6089-BANK,Africa/Asmera,269565,Slowenien,"1.533,69 €",ihn.ods,iw,Armenian,9a:7b:ba:6b:3b:70,Wieloch,12:08:29,DE,lt-44.gude.com
"Gnatzgasse 21
04124 Forchheim",DE46288264151290011815,JB-3654-3984-BANK,America/Hermosillo,991893600,Uruguay,"8,38 €",kommen.flac,rw,Georgian,6f:a8:fc:5c:51:e1,Schomber Birnbaum AG,22:31:46,DE,lt-97.dowerg.net
"Ortwin-Stroh-Weg 679
36434 Kaiserslautern",DE80205665671780550440,JB-2052-1063-BANK,Asia/Tehran,5074019,Haiti,"638,53 €",steigen.js,ti,Twi,2f:26:37:9c:5a:74,Drub,10:19:41,DE,web-58.albers.org
"Schachtstr. 3/9
80393 Wesel",DE62282270065741838772,JB-0717-5164-BANK,Europe/Riga,22020,Salomonen,"72,67 €",Glas.json,am,Zhuang,b2:22:b1:4f:2f:09,Finke Albers GmbH & Co. KG,18:11:24,DE,db-95.stiebitz.com
"Seifertstraße 7/0
30600 Bernburg",DE56617467916653910393,JB-7035-1310-BANK,Europe/Copenhagen,446071,Antarktis,"46.808,48 €",einfach.json,hr,Divehi,a9:93:e2:27:ec:84,Kroker KG,10:20:39,DE,email-41.thies.com
"Holtweg 2/9
33475 Hünfeld",DE25800473837170206842,JB-4691-4166-BANK,America/Guatemala,71192,Nicaragua,"8.679,95 €",mehr.jpg,bg,Malay,31:a9:d8:8d:ca:69,Weinhold OHG mbH,22:40:19,DE,web-75.ehlert.de
"Augusta-Barth-Gasse 7
85721 Bad Mergentheim",DE27148080621071015650,JB-6849-4265-BANK,Europe/Stockholm,76681108,Irak,"803,30 €",mal.mov,hsb,Northern Sami,a1:90:e4:d8:38:da,Austermühle Reinhardt AG & Co. KG,18:56:48,DE,srv-23.dippel.de
"Dolores-Stey-Ring 57
15839 Kitzingen",DE47115322938519310146,JB-5983-5556-BANK,Asia/Dili,6065,Ecuador,"8,54 €",reich.mp4,pl,Indonesian,cd:9f:60:1d:a5:29,Beyer Rose e.V.,02:55:15,DE,db-48.klapp.de
"Heinz-Günther-Schinke-Weg 3
88128 Brand",DE79355558764761320399,JB-4369-7481-BANK,Africa/Dar_es_Salaam,435792,Tonga,"19.676,20 €",Schule.ppt,gu,Esperanto,97:ff:43:a4:89:79,Barkholz,19:28:44,DE,email-43.schuchhardt.org
"Etzoldstr. 0/7
03897 Geldern",DE47015508853101450666,JB-6474-5633-BANK,Europe/Brussels,6313890,Monaco,"794,11 €",Hund.json,hi,Kashmiri,63:c8:68:7c:8b:b5,Gute AG & Co. OHG,09:22:50,DE,srv-89.mueller.com
"Steystraße 4
32111 Mainburg",DE39829391622738779576,JB-5249-6612-BANK,America/Havana,4934,Kamerun,"7,10 €",wir.gif,ga,Walloon,50:7c:94:cb:67:28,Otto AG & Co. KG,13:05:10,DE,db-20.wagner.com
"Rohtstr. 70
46443 Holzminden",DE53264063410048032672,JB-1514-7567-BANK,Europe/Copenhagen,96,Montserrat,"334,09 €",müssen.flac,mk,Zhuang,39:ff:e9:98:43:0a,Klotz,23:23:32,DE,email-47.mitschke.com
"Paffrathplatz 4/5
77759 Mühldorf am Inn",DE98254352223373293932,JB-1322-6788-BANK,Africa/Brazzaville,17403841,Weihnachtsinsel,"6,79 €",werden.numbers,zu,Haitian,d0:b9:d9:18:7f:7a,Drubin Werner AG & Co. OHG,16:49:27,DE,srv-83.loechel.de
"Wolfram-Heydrich-Weg 2/9
47883 Guben",DE62984418108054146114,JB-7491-6991-BANK,Europe/Minsk,31763149,Bhutan,"3.192,72 €",schenken.css,ckb,Tagalog,72:41:ba:2b:0c:5f,Täsche e.G.,00:14:53,DE,email-67.wirth.com
"Ernstweg 48
54527 Coburg",DE95215926760242085286,JB-1115-1120-BANK,Asia/Beirut,90231605,Österreich,"48,48 €",Schwester.pages,dv,Avestan,9a:04:61:92:fb:e7,Ehlert,14:52:18,DE,srv-94.saeuberlich.de
"Jacobi Jäckelgasse 0
81097 Geithain",DE93436830569271979355,JB-3899-7548-BANK,Asia/Tbilisi,18933,Katar,"221,01 €",richtig.txt,fi,Kashmiri,03:1d:ce:34:98:a2,Pruschke AG,13:30:36,DE,desktop-25.wieloch.net
"Karl-Peter-Knappe-Weg 335
74841 Rothenburg ob der Tauber",DE85277475621254943634,JB-6957-2379-BANK,America/Detroit,34,Südafrika,"165,35 €",drei.wav,ku,Albanian,6f:d7:9d:df:5a:11,Müller,11:44:57,DE,email-65.jungfer.de
"Radischstraße 9/8
38260 Bamberg",DE27491373507103608601,JB-6336-0594-BANK,Asia/Shanghai,802,Nepal,"89,23 €",schenken.gif,ka,Maltese,a3:4c:dc:db:87:09,Wilmsen,13:46:25,DE,lt-25.hendriks.de
"Hans Dieter-Zimmer-Ring 54
65188 Spremberg",DE23765261958045624841,JB-1784-0967-BANK,Asia/Krasnoyarsk,69512,Norfolkinsel,"82,63 €",Tag.mp3,wa,Gujarati,80:e1:5d:30:54:52,Aumann Kade OHG mbH,11:11:15,DE,desktop-77.heydrich.de
"Ludmila-Stroh-Allee 7
12954 Illertissen",DE54178862970375191805,JB-2564-4376-BANK,Asia/Dubai,2,Neuseeland,"5,10 €",dabei.pptx,tk,Swedish,cb:af:4a:cf:06:59,Conradi KGaA,00:26:00,DE,email-69.kuehnert.net
"Anica-Thies-Ring 97
36682 Hettstedt",DE95172565036566766771,JB-3690-0448-BANK,Africa/Ceuta,3,Isle of Man,"3.471,79 €",scheinen.flac,wo,Fijian,1c:52:d2:ed:97:9c,Hendriks GmbH,02:41:22,DE,web-93.conradi.de
"Sergio-Dörschner-Gasse 7
07828 Rochlitz",DE03622092251473931249,JB-0380-2887-BANK,Europe/Oslo,6470095,Ungarn,"1.582,67 €",Fußball.gif,raj,Arabic,51:4e:da:31:5a:c6,Aumann Winkler AG,06:59:29,DE,web-40.schlosser.net
"Schmidtkeplatz 14
64231 Delitzsch",DE64457251850388516474,JB-5384-7714-BANK,Europe/Oslo,43000068,Madagaskar,"1.209,87 €",warm.pdf,iu,Abkhazian,13:f1:63:6a:de:5e,Mitschke GbR,02:48:57,DE,email-14.gutknecht.com
"Jonathan-Kitzmann-Ring 5
87182 Waldmünchen",DE46793004945930067715,JB-1076-5904-BANK,America/Belize,97796,Niue,"871,16 €",fertig.mp3,ln,Croatian,01:c4:5a:22:c3:1a,Losekann Wesack KG,09:30:13,DE,lt-93.kruschwitz.de
"Blümelallee 500
49187 Bergzabern",DE92323861376492311293,JB-4819-2854-BANK,America/Guyana,437,Irak,"80,87 €",helfen.mp3,wo,Uzbek,7f:45:f7:1a:8a:ab,Margraf,00:03:03,DE,lt-99.jungfer.de
"Jaqueline-Jähn-Straße 649
65513 Hainichen",DE49690668141397783685,JB-6197-6751-BANK,Europe/Paris,9,Nördliche Marianen,"98.952,32 €",schwarz.css,hak,Ojibwa,53:37:7f:45:dd:96,Grein Groth Kroker AG & Co. OHG,02:34:41,DE,laptop-41.atzler.com
"Norman-Dörr-Ring 367
51743 Paderborn",DE78728756060390538175,JB-3755-5917-BANK,Africa/Nairobi,9118624,Gambia,"44,01 €",Schnee.flac,tr,Twi,66:01:be:6a:e1:77,Lehmann Hahn AG,03:59:43,DE,laptop-12.zorbach.de
"Grein Grothgasse 22
99945 Kulmbach",DE50395928260090305610,JB-7939-6649-BANK,Africa/Monrovia,32082697,Französisch-Guayana,"395,03 €",Wald.json,wo,Welsh,20:7d:29:d4:c7:c7,Dussen van GmbH & Co. KG,22:49:43,DE,email-22.benthin.de
"Jenny-Lehmann-Platz 356
97969 Main-Höchst",DE86406381672914984261,JB-6293-1736-BANK,Asia/Seoul,62566146,Saudi-Arabien,"98.395,60 €",lachen.webm,mhr,Inupiaq,46:7a:37:65:ff:d1,Möchlichen GbR,15:33:45,DE,lt-67.hellwig.com
"Etzoldallee 446
13739 Kleve",DE88685337211983417224,JB-7264-5813-BANK,Asia/Shanghai,902311,Kroatien,"620,55 €",Woche.numbers,af,Marshallese,24:b9:08:53:3e:e5,Schenk,04:27:19,DE,lt-22.seidel.net
"Susanne-Heß-Platz 3
38427 Schwarzenberg",DE19835936162094817260,JB-2465-4265-BANK,America/Port_of_Spain,782840,Grönland,"67.144,46 €",oft.png,ks,Church Slavic,b5:31:55:3b:70:7d,Loos,19:38:17,DE,db-02.seip.net
"Gretl-Kallert-Allee 75
03066 Kötzting",DE31981571529776144440,JB-4539-2169-BANK,America/El_Salvador,5,Turks- und Caicosinseln,"23,94 €",verstehen.bmp,ta,Maltese,73:f8:91:e5:70:d8,Trupp Kruschwitz OHG mbH,04:47:02,DE,web-20.gude.net
"Ziegertstraße 6
48785 Neustadtner Waldnaab",DE77325879682446851110,JB-4274-0598-BANK,America/St_Lucia,25513,Isle of Man,"48,75 €",ging.webm,zu,Catalan,07:56:95:3f:05:6f,Rörricht,22:24:08,DE,laptop-99.etzler.com
"Schönlandring 72
79511 Görlitz",DE78133671481408840841,JB-1842-3778-BANK,America/El_Salvador,6,Gibraltar,"9.540,36 €",so.js,br,Latin,3d:ca:ad:30:f7:04,Bien,11:24:24,DE,email-77.juettner.de
"Renata-Hölzenbecher-Ring 157
46733 Luckau",DE79885971412458888136,JB-5427-5396-BANK,Europe/Tirane,203,Fidschi,"475,92 €",damit.wav,wo,Nauru,e9:95:f7:81:29:81,Austermühle AG & Co. KGaA,12:44:20,DE,laptop-26.dobes.com
"Francesca-Kallert-Platz 5/0
68933 Deggendorf",DE83761977961820420741,JB-6979-1043-BANK,America/Antigua,824,Ghana,"53.010,15 €",Buch.wav,it,Galician,63:5f:f1:8f:c2:03,Heintze,17:26:56,DE,db-47.doerschner.de
"Ulrike-Kranz-Ring 0/0
03916 Bernburg",DE09583771967837724221,JB-1564-3123-BANK,Africa/Banjul,7120176,Jordanien,"169,20 €",dick.webm,ar,Walloon,48:43:82:8f:da:f6,Trüb Holzapfel AG & Co. KGaA,11:18:35,DE,db-03.graf.com
"Gundula-Adler-Gasse 183
39418 Oranienburg",DE47278082045595079572,JB-3434-0292-BANK,Africa/Sao_Tome,833394,Estland,"22.706,66 €",Stück.wav,nl,Bambara,61:2b:dd:a0:30:ab,Scheibe Adolph GmbH & Co. KG,01:08:22,DE,email-92.roehricht.com
"Marietta-Hofmann-Platz 425
04702 Fallingbostel",DE33694118782216241098,JB-3561-2244-BANK,Asia/Choibalsan,18656673,Österreich,"25.611,30 €",wie.csv,uk,Norwegian,db:20:23:ea:7d:dc,Herrmann GmbH & Co. KG,08:13:34,DE,db-37.ehlert.de
"Krokerallee 9/4
36438 Ludwigsburg",DE75901574220467090772,JB-0297-2912-BANK,America/Panama,92296791,Martinique,"13.398,82 €",seit.xlsx,gv,Fulah,2b:37:9f:e3:e2:df,Zimmer Zahn AG,15:12:48,DE,web-61.kohl.de
"Langernstr. 1
43967 Schrobenhausen",DE68965058539070750593,JB-2859-5485-BANK,Asia/Thimphu,9,Bangladesch,"61,18 €",Geld.bmp,et,Galician,82:45:61:07:fe:bb,Gehringer,21:34:34,DE,email-30.soeding.com
"Anne-Vollbrecht-Weg 7
71910 Herzberg",DE31064874485719619111,JB-4852-0283-BANK,Europe/Vatican,338,Amerikanische Jungferninseln,"0,79 €",hat.html,iu,Interlingua,c7:b7:66:a8:37:89,Gnatz KG,09:01:36,DE,lt-52.mueller.de
"Rustallee 52
52498 Grimma",DE67718119143255229571,JB-4075-5427-BANK,America/Managua,5398344,Mauretanien,"635,73 €",dir.txt,wae,English,9f:64:01:89:ca:56,Ackermann Hartmann GmbH,23:39:41,DE,laptop-84.klemt.de
"Natalia-Gunpf-Weg 23
37094 Kötzting",DE18008792180978374620,JB-5980-6362-BANK,Australia/Adelaide,3,Lesotho,"6,70 €",rot.wav,ia,Sango,2b:72:40:70:b4:c9,Heydrich,22:22:57,DE,db-11.vogt.com
"Gutknechtstraße 2
00904 Worbis",DE72028420073940735803,JB-0400-3686-BANK,Asia/Saigon,1955,Belize,"14,22 €",ziehen.pages,ta,Hausa,d2:6e:f0:67:28:cf,Wilms,07:06:46,DE,email-57.trub.org
"Heringring 29
62442 Bitterfeld",DE78092013704780063433,JB-0658-4333-BANK,Africa/Maputo,314961987,Niederlande,"24.382,25 €",Weihnachten.gif,ayc,Korean,31:92:90:41:d8:01,Zorbach AG & Co. KGaA,01:37:35,DE,db-49.saeuberlich.com
"Ottoplatz 3
04289 Hofgeismar",DE56036498963709636998,JB-4253-2185-BANK,Africa/Luanda,398398,Liberia,"2,91 €",deshalb.mov,kl,Lithuanian,12:24:9e:b5:19:10,Kallert Kroker GbR,22:03:01,DE,email-43.segebahn.com
"Sieringstraße 146
07723 Gelnhausen",DE80056769695372737909,JB-1823-0726-BANK,Europe/Vatican,648715,Polen,"5,65 €",schnell.docx,eo,Bislama,04:f8:7e:98:50:b5,Peukert,03:54:22,DE,email-80.roskoth.org
"Maurice-Sauer-Ring 6
19806 Wiedenbrück",DE92173112975553814794,JB-0311-3217-BANK,Africa/Gaborone,24092197,Uruguay,"606,90 €",ihn.jpeg,vi,Panjabi,bc:ca:c0:42:93:c5,Schleich Kade OHG mbH,04:09:36,DE,srv-96.hess.org
"Heringallee 018
65026 Höxter",DE05511467726665084525,JB-0394-7027-BANK,America/Guatemala,227,Malediven,"10.182,17 €",denken.key,mag,Aymara,9b:cb:de:be:24:1e,Weiß OHG mbH,17:03:02,DE,srv-26.schwital.net
"Drewesweg 48
37866 Nauen",DE28545429487045279873,JB-1531-6004-BANK,Asia/Kabul,6875222,Peru,"905,43 €",nass.json,ml,Dzongkha,7b:53:d6:11:21:8e,Schinke Hörle AG & Co. OHG,01:35:52,DE,lt-35.jessel.de
"Kästerstraße 2/7
42448 Holzminden",DE41982043635554871114,JB-6884-4698-BANK,Africa/Nouakchott,48,Mikronesien,"38.105,56 €",nass.xls,xh,Kurdish,28:5b:42:41:6b:07,Adler AG,18:50:54,DE,email-37.barth.de
"Etzlerstr. 432
95143 Waldmünchen",DE81483138960030483700,JB-4814-3602-BANK,Africa/Johannesburg,53016,Tschad,"1.753,00 €",Minutenmir.docx,sk,Sardinian,80:51:5b:cf:00:ae,Seidel Textor GmbH & Co. KG,11:18:54,DE,db-61.mielcarek.com
"Lindauallee 6/2
33009 Cottbus",DE40742917741130174060,JB-2976-3803-BANK,Africa/Djibouti,223,Amerikanische Jungferninseln,"5.223,58 €",mehr.numbers,am,Ido,86:8a:3d:a1:c3:37,Weitzel KGaA,16:56:55,DE,srv-84.pruschke.com
"Bonbachplatz 7/0
81897 Eisenberg",DE80877973420260421159,JB-1894-0775-BANK,Africa/Libreville,956650954,Äthiopien,"17,26 €",wohl.gif,is,Italian,5a:a1:06:92:65:a1,Heinz AG & Co. KGaA,05:54:49,DE,web-32.mentzel.net
"Francis-Heuser-Weg 483
13588 Wernigerode",DE61808754290805432633,JB-6479-2835-BANK,Africa/Ceuta,3657,Dänemark,"8.789,97 €",dumm.jpg,cs,Marathi,8e:62:6d:b6:d2:5b,Austermühle Kranz AG,04:38:48,DE,web-21.linke.de
"Speerstr. 478
89791 Peine",DE94530632141499249607,JB-7942-3823-BANK,Africa/Tripoli,53386191,Katar,"40.318,09 €",doch.json,bn,Xhosa,cd:67:96:d2:d4:14,Trüb GbR,18:55:41,DE,laptop-55.birnbaum.com
"Jaroslaw-Graf-Platz 33
79986 Niesky",DE81844275371405596606,JB-6401-0423-BANK,Africa/Cairo,3,Georgien,"40,22 €",scheinen.odp,szl,Inuktitut,0f:1b:59:f6:a1:61,Schlosser Beer KG,01:08:16,DE,db-31.stoll.com
"Mansstraße 3
85780 Bitterfeld",DE42521262052930721296,JB-7844-0614-BANK,Africa/Maseru,18,Usbekistan,"9,52 €",kaufen.jpeg,ku,Swedish,ec:f7:a6:a7:1d:74,Hesse GmbH,08:56:49,DE,desktop-96.winkler.de
"Pärtzeltallee 3
40422 Sternberg",DE33031603027042092945,JB-4024-6930-BANK,Europe/Helsinki,6,Libyen,"85,29 €",Fenster.avi,or,Bulgarian,98:8b:0a:b0:36:f1,Schaaf GmbH,18:17:19,DE,email-41.stahr.de
"Steinberggasse 51
13356 Melsungen",DE06492386113303221393,JB-4740-7717-BANK,Europe/Zurich,649,Botsuana,"784,99 €",kaufen.mp4,so,Polish,28:7f:18:e8:27:4a,Drub AG & Co. KG,00:29:28,DE,email-09.benthin.de
"Polina-Radisch-Straße 32
69799 Naila",DE32879426968616332187,JB-3741-6771-BANK,Asia/Brunei,3168246,Italien,"53.810,17 €",unter.mp3,si,Somali,3b:be:ce:8d:36:7b,Trupp Jacobi Jäckel AG & Co. KGaA,09:29:41,DE,laptop-00.etzold.de
"Ortrud-Eimer-Ring 32
19011 Northeim",DE96193547289491936477,JB-7100-5451-BANK,Europe/Oslo,5,Taiwan,"2,01 €",Geld.bmp,mhr,Kinyarwanda,91:45:4a:3d:fe:68,Aumann Stiftung & Co. KGaA,19:30:01,DE,email-49.seifert.com
"Rosalia-Hermighausen-Straße 5
77556 Potsdam",DE82113508386551135753,JB-3510-5718-BANK,Asia/Pyongyang,801591,Äthiopien,"93,75 €",schenken.html,fil,Ganda,8f:06:86:e7:51:93,Haering,16:19:21,DE,lt-18.christoph.de
"Preißallee 3
61003 Lörrach",DE50433014899132642087,JB-2865-5593-BANK,America/Managua,828,Mongolei,"281,44 €",arbeiten.js,an,Swahili,b4:c9:d6:5b:97:7f,Haase Junitz e.G.,21:19:55,DE,email-13.henk.de
"Warmerplatz 1
34128 Waren",DE72999647801313829008,JB-5386-0638-BANK,Africa/Blantyre,139,Republik Moldau,"4.443,66 €",vergessen.mp4,af,Luba-Katanga,c1:1d:75:6e:71:10,Lindau,22:06:35,DE,laptop-06.haering.com
"Heserallee 9
54671 Göppingen",DE61461846311589963254,JB-4913-3069-BANK,America/Panama,1417648,Bulgarien,"6.945,63 €",Baum.pdf,et,Sardinian,46:79:85:e3:aa:8d,Seip GmbH,01:32:44,DE,srv-14.schoenland.com
"Wilfried-Fechner-Gasse 8/4
67889 Kyritz",DE14682200275848044636,JB-3098-1915-BANK,Europe/London,74,Pitcairn,"2.164,09 €",fehlen.flac,it,Yoruba,d6:a3:de:05:20:fe,Roht e.V.,11:13:59,DE,web-38.scholtz.com
"Darko-Schuster-Platz 2/6
74613 Göttingen",DE07535179954235928010,JB-0257-1085-BANK,Asia/Riyadh,2738031,Kasachstan,"83,59 €",unten.gif,br,Chuvash,b4:3d:8a:dd:0a:54,Zänker GmbH & Co. KGaA,10:21:03,DE,lt-95.holzapfel.de
"Jesselallee 15
67463 Pinneberg",DE76845492588880178956,JB-0976-4058-BANK,America/Asuncion,983091964,Tokelau,"17.181,55 €",Zimmer.webm,lb,Interlingua,02:cd:30:72:95:e3,Seifert,06:48:07,DE,web-13.conradi.com
"Rohtplatz 6
67489 Grimmen",DE12530117266964492343,JB-1983-3218-BANK,Asia/Muscat,32,Malaysia,"58.127,45 €",Ball.avi,sat,Romansh,03:28:51:b7:cf:02,Ernst Stiftung & Co. KG,00:37:18,DE,email-90.kreusel.de
"Kurt-Rohleder-Gasse 062
07406 Eisleben",DE53419212167110136579,JB-2912-4210-BANK,America/Guatemala,511857,Komoren,"48.022,68 €",Pferd.txt,lg,Tahitian,dc:6f:c9:fc:40:1f,Knappe,00:17:28,DE,srv-77.ritter.com
"Rita-Trüb-Allee 35
34855 Sonneberg",DE82369290897651973606,JB-4279-4257-BANK,Europe/Oslo,111,St. Lucia,"774,99 €",Uhr.js,be,Gaelic,dc:8a:58:68:1c:ad,Ebert Herrmann AG,16:31:18,DE,db-91.bluemel.org
"Francesca-Peukert-Platz 9
56781 Gelnhausen",DE20957699378334683290,JB-2686-5997-BANK,Asia/Baku,52763662,Lettland,"332,14 €",Sohn.flac,oc,Chamorro,2f:41:0b:e0:8d:5e,Gorlitz AG,02:11:22,DE,lt-39.holsten.com
"Guiseppe-Juncken-Straße 5
45297 Greifswald",DE91312069641258493244,JB-2791-3099-BANK,Europe/Malta,9,Andorra,"87.145,80 €",heraus.webm,pap,Danish,8c:c4:02:fa:fd:d3,Hahn GmbH,07:22:06,DE,web-36.eigenwillig.de
"Stefan-Trubin-Platz 472
63611 Zerbst",DE69061311518952538516,JB-2969-5439-BANK,Europe/Copenhagen,866,Jersey,"73.149,68 €",leben.html,be,Avestan,b0:23:1d:fa:d2:4f,Schomber GmbH & Co. KG,13:29:24,DE,desktop-30.eimer.com
"Rebecca-Langern-Allee 6
12845 Vilsbiburg",DE60299960721476824672,JB-2205-3631-BANK,Pacific/Tongatapu,157134,Nördliche Marianen,"1.746,55 €",Baum.wav,zh,Somali,59:f2:25:c6:c8:3a,Schuster,22:35:12,DE,db-31.keudel.com
"Benderring 79
62001 Zerbst",DE62032954658736294596,JB-2181-1940-BANK,Africa/Porto-Novo,184008,Ukraine,"927,80 €",wird.png,ga,Tatar,d3:34:b6:85:02:23,Schleich GmbH,05:55:31,DE,db-44.nette.de
"Benno-Sontag-Gasse 977
26162 Miltenberg",DE26395503365567187847,JB-3585-0409-BANK,Africa/Tunis,4,Vanuatu,"6.757,47 €",Ball.css,ber,Czech,dc:c9:2a:24:0e:bf,Krein AG,18:27:20,DE,srv-13.junken.de
"Warmergasse 738
22495 Rudolstadt",DE49787593793696329909,JB-0584-2784-BANK,Asia/Bishkek,74382,Ghana,"39.851,27 €",neun.html,fil,Chichewa,2a:37:4c:0b:19:9e,Zimmer Werner OHG mbH,02:58:13,DE,db-29.doering.de
"Tröstring 178
52463 Flöha",DE92161247573871511705,JB-5532-2034-BANK,Asia/Qatar,3318116,Belgien,"3.485,80 €",Junge.jpg,cmn,Sichuan Yi,29:d8:f6:d9:ef:d4,Hendriks,03:31:04,DE,srv-20.holzapfel.net
"Täscheplatz 614
71531 Pritzwalk",DE48890521142007863456,JB-6860-7290-BANK,America/St_Kitts,149681678,Gabun,"1.842,93 €",nach.css,st,Bulgarian,b7:8e:52:0f:88:ce,Mälzer GbR,07:55:53,DE,srv-94.otto.de
"Eimerweg 1/5
72782 Malchin",DE81973914200232990995,JB-2334-7148-BANK,America/Montevideo,617743,Seychellen,"3.715,78 €",hängen.mp4,ff,Venda,78:3f:25:1e:4f:84,Finke Peukert GbR,07:08:34,DE,web-00.troest.com
"Paula-Walter-Ring 275
28549 Wolfach",DE88824479492859692834,JB-6252-3484-BANK,Africa/Nouakchott,8,Thailand,"9,97 €",um.json,crh,Telugu,e5:62:d9:b5:4f:28,Hornig Pruschke KG,15:23:02,DE,srv-79.schacht.net
"Ullrichweg 825
58992 Tirschenreuth",DE20458187746852744326,JB-3382-7017-BANK,Africa/Nairobi,67605,Kap Verde,"72,63 €",Kind.png,zh,Burmese,e7:f2:87:13:7c:be,Schaaf,23:46:29,DE,lt-44.drubin.org
"Zorbachweg 379
59085 Bad Brückenau",DE17319403204945830830,JB-2574-2598-BANK,Asia/Saigon,912612,Luxemburg,"2,81 €",fangen.avi,ja,Guarani,3c:e0:90:46:d6:06,Dehmel,01:22:56,DE,db-83.schuchhardt.de
"Nadja-Fechner-Straße 2/3
74135 Cuxhaven",DE90272912425524121237,JB-6629-4535-BANK,Europe/Podgorica,72006,Kolumbien,"6,93 €",zeigen.docx,lij,Georgian,fe:1f:c0:11:57:87,Vollbrecht,00:24:33,DE,email-49.butte.com
"Rolf-Pölitz-Straße 66
54644 Bischofswerda",DE10525757280885409978,JB-1687-0784-BANK,Europe/Bratislava,4397,Weihnachtsinsel,"93,68 €",schwer.js,wal,Hindi,64:b0:bc:a1:43:40,Vogt,19:03:02,DE,laptop-58.etzler.com
"Gorlitzstraße 10
50094 Zschopau",DE14336050971819969332,JB-7518-1675-BANK,Europe/Helsinki,159,Vereinigte Staaten,"4,83 €",sonst.txt,uz,Greek,16:20:fc:89:1b:d1,Austermühle,07:14:59,DE,srv-47.preiss.net
"Bergerstr. 01
39629 Luckenwalde",DE80892377026700802164,JB-5014-2948-BANK,Asia/Qatar,602,Weihnachtsinsel,"427,54 €",am.mp3,shs,Oriya,5e:12:e7:b5:77:8d,Scheibe Jungfer e.G.,16:42:30,DE,srv-64.wulf.de
"Strohweg 91
22590 Nürtingen",DE11772322050451070078,JB-2038-6418-BANK,Europe/San_Marino,836797423,Aserbaidschan,"24.377,13 €",will.html,ti,Bihari languages,4f:63:c4:63:f7:f3,Reinhardt AG,15:54:40,DE,db-32.suessebier.de
"Emanuel-Schacht-Ring 5
97315 Forst",DE85907682759410286676,JB-0656-2529-BANK,Africa/Sao_Tome,209904311,Gibraltar,"6,51 €",Sonntag.flac,bn,Marathi,36:10:28:ec:44:fd,Schinke Liebelt GmbH,10:33:56,DE,lt-96.schmidtke.com
"Nils-Matthäi-Weg 254
87687 Kelheim",DE76691735035663780494,JB-2939-7129-BANK,Asia/Colombo,60,Thailand,"8,31 €",natürlich.js,brx,Serbian,84:f6:fa:dc:b8:41,Losekann,08:04:14,DE,lt-38.van.de
"Kobeltgasse 9/4
71706 Demmin",DE42814980385509250791,JB-5697-1936-BANK,Indian/Mahe,1315,Österreich,"11.301,70 €",unser.csv,ve,Abkhazian,18:45:f6:8a:a7:18,Riehl,04:02:26,DE,desktop-92.koehler.com
"Misichergasse 789
44507 Eisleben",DE74808520740996970431,JB-4590-4689-BANK,Pacific/Nauru,563,Madagaskar,"68,58 €",es.js,cy,Georgian,bf:05:00:2a:9b:f3,Haase,01:44:12,DE,desktop-62.baum.com
"Guido-Spieß-Straße 7
05298 Staßfurt",DE46462810468150387078,JB-6489-4239-BANK,Europe/Budapest,551932587,Chile,"99.828,06 €",halbe.csv,it,Maori,6f:72:74:3b:71:fe,Hertrampf Reuter AG & Co. KGaA,14:27:35,DE,db-11.pergande.de
"Ackermannallee 41
61951 Altentreptow",DE33749116889852198804,JB-1539-1614-BANK,America/Guyana,206,Laos,"2,89 €",Junge.html,szl,German,d8:6a:e6:5a:16:94,Jacob,09:34:29,DE,srv-05.eimer.net
"Bauerallee 0
50636 Zeulenroda",DE96167437728410446572,JB-0206-0560-BANK,Africa/Lusaka,1303040,Iran,"69.226,53 €",daran.avi,ti,Burmese,84:b8:d6:85:4b:83,Carsten,19:14:12,DE,db-66.schomber.net
"Eberthallee 4
48234 Wesel",DE13097102089355072331,JB-5093-0232-BANK,Europe/Budapest,38120,Litauen,"1,61 €",nass.wav,fr,Maltese,aa:d0:29:df:74:7e,Keudel,09:13:55,DE,email-39.eimer.com
"Birgitt-Vogt-Weg 287
77199 Lüdenscheid",DE58639100816672246269,JB-3501-3707-BANK,Europe/Bratislava,8,Tokelau,"59,19 €",scheinen.png,bn,Bihari languages,ff:f1:06:15:f0:2f,Stiffel AG & Co. KG,18:19:27,DE,db-00.anders.org
"Britta-Boucsein-Straße 44
95544 Havelberg",DE30069450603364016438,JB-3382-4144-BANK,Asia/Pontianak,39345,Tokelau,"3,74 €",Fisch.avi,ts,Slovenian,4f:76:2a:5e:7f:71,Roht,23:16:29,DE,srv-15.klotz.org
"Vollbrechtplatz 06
05057 Main-Höchst",DE29517694864769179142,JB-1970-7550-BANK,Asia/Baku,48,Südafrika,"8,78 €",Tag.key,cs,Malayalam,47:96:24:ac:95:49,Pärtzelt Seip Stiftung & Co. KGaA,10:27:57,DE,db-04.weimer.com
"Ernstweg 6
73383 Sankt Goarshausen",DE74580941048732952564,JB-0945-3992-BANK,Pacific/Fiji,137171081,Nicaragua,"4,59 €",werfen.html,yo,Burmese,72:cc:36:3d:a2:8b,Schleich AG,15:01:14,DE,srv-30.graf.com
"Schottinring 79
91345 Ansbach",DE38588243448906579029,JB-4413-7193-BANK,Asia/Qatar,11756944,Mikronesien,"25.348,26 €",Schluss.txt,doi,Oriya,99:07:62:cc:a6:5e,Junk GmbH,11:42:40,DE,srv-82.fischer.net
