laptop-80.steiger.com,Walloon,2008-12-11 12:08:05,07:31:36,Central African Republic,ed:dc:fd:a5:b7:d5,1999-11-01,0,$4.37,dz,Ostermundigen,CH
laptop-72.wegmann-zollinger.com,Romansh,1971-02-17 17:23:06,22:33:38,Cyprus,51:df:5e:e2:f6:22,2007-08-11,6028,$9.43,ht,Buchs,CH
web-97.ruegg.net,Croatian,2015-09-09 02:14:10,13:10:05,Guatemala,be:3e:8f:e7:bc:85,1974-12-20,529535,$354.38,ber,Bulle,CH
lt-13.schmid.biz,Kurdish,1981-12-10 20:04:13,22:49:22,Lebanon,d4:05:d8:92:5b:ed,1982-08-14,729036,$14.82,az,Birsfelden,CH
db-09.ernst.biz,Marathi,1975-09-09 01:06:54,01:34:15,Kazakhstan,73:03:7e:aa:7f:0a,1986-05-30,742493,$968.33,bhb,Frauenfeld,CH
email-57.zimmermann.com,Thai,1973-11-13 23:51:40,15:42:25,Botswana,cb:65:04:0e:b7:9f,1977-08-07,43,"$76,960.57",ug,Dietikon,CH
web-86.bernasconi.info,Pali,1994-04-26 13:25:07,05:02:47,Canada,74:f2:de:21:3d:6c,1982-06-24,722359106,$395.15,it,Versoix,CH
email-11.lustenberger.com,Kikuyu,1982-06-21 18:58:54,01:58:39,Tonga,1a:a1:07:ff:2d:d5,2014-09-02,99,$36.07,szl,Plan-les-Ouates,CH
db-66.burri.com,Manx,1971-01-26 00:05:02,06:33:56,France,23:01:28:b6:6b:4a,2016-12-29,5631951,"$4,717.62",doi,Val-de-Ruz,CH
srv-99.fehr.net,Hebrew,2019-01-19 03:54:28,21:52:11,Benin,4a:c1:31:67:84:be,2006-03-25,100,$5.71,yue,Plan-les-Ouates,CH
laptop-81.thommen-schaller.biz,Mongolian,2007-09-01 13:29:16,09:55:42,Barbados,4e:9a:bd:18:91:ac,1995-02-02,55213,$8.31,el,Davos,CH
desktop-51.hasler.com,Macedonian,1997-07-24 10:18:56,12:39:55,Tonga,04:39:b0:60:ff:95,1979-04-24,724850700,$6.26,az,Zofingen,CH
email-11.hoffmann.com,Avestan,1993-10-01 19:34:34,09:08:00,Spain,20:df:e0:ac:82:ea,1979-07-29,727037383,"$9,809.04",ga,Münchenbuchsee,CH
desktop-17.tobler.com,Swati,1990-09-09 23:02:12,09:01:59,Malawi,18:ed:3f:13:c6:c1,1976-04-05,831744081,$86.26,ps,Uzwil,CH
laptop-53.kaiser-brunner.com,Swati,2000-03-26 01:04:37,05:31:29,Papua New Guinea,6d:53:76:e1:00:7b,2007-06-06,6654,"$46,283.93",lo,Brugg,CH
web-38.meyer.info,Fijian,2023-01-24 07:02:35,12:49:41,Romania,6e:b5:27:27:3a:e6,1983-10-11,38724393,"$4,794.52",tg,Onex,CH
web-52.steinmann.com,Hiri Motu,1999-01-29 00:26:14,22:00:00,Bahrain,d5:3a:09:d8:0d:d0,2008-09-16,46554,$887.68,bhb,Chur,CH
lt-40.eugster.com,Aymara,1995-04-23 23:38:20,21:53:28,North Korea,a1:3a:bd:65:3f:28,2001-03-02,91,$4.18,ja,Zug,CH
email-13.furrer.com,North Ndebele,1979-01-02 22:35:04,10:53:31,United States,34:be:04:50:30:7a,1999-09-19,45370690,$8.45,my,Gossau,CH
email-96.schwarz.info,Persian,1985-01-10 11:45:22,05:05:24,Guinea,88:5f:49:d7:ae:70,1999-08-05,5223,$3.85,tl,Veyrier,CH
lt-12.bosshard.com,Ossetian,1974-11-07 09:35:05,21:37:09,Vanuatu,56:04:96:41:4c:93,2023-05-19,8808,$89.29,sa,Val-de-Ruz,CH
laptop-67.bucher.com,Maltese,1993-06-11 19:49:02,06:42:54,Senegal,b3:d3:8b:64:f8:4b,1987-05-27,91034,"$88,984.58",mai,Suhr,CH
email-59.baumann.com,Maori,1990-02-25 08:02:50,13:13:02,South Africa,59:28:3e:30:8d:4a,2020-07-13,307446307,"$10,676.65",tt,Reinach,CH
desktop-69.stauffer.net,Galician,1983-06-21 20:13:08,19:07:00,Costa Rica,ee:99:1b:26:e1:52,2004-05-16,88455298,"$56,606.53",yo,Rheinfelden,CH
laptop-40.sporri.com,Hungarian,1993-06-29 18:43:07,17:40:46,Austria,b7:c2:dc:fc:9c:39,1997-07-09,1,$606.34,ky,Bellinzona,CH
srv-23.kalin.com,Latvian,1979-06-02 07:33:09,10:22:58,Tonga,b1:43:85:5c:17:a8,1992-08-09,893,"$5,898.80",dz,Schwyz,CH
email-10.kessler.com,North Ndebele,2003-12-31 08:59:51,02:11:34,Mauritania,44:fa:ca:63:d3:ab,1992-06-24,418013556,$308.53,shs,Weinfelden,CH
lt-14.schlatter.com,Urdu,1975-05-29 17:53:10,12:51:42,Paraguay,25:f2:ce:eb:61:58,1995-08-18,299,"$3,055.81",wal,Schlieren,CH
web-34.hofstetter.com,Occitan,2010-08-16 06:58:33,18:57:58,Libya,91:1b:05:eb:1a:80,2005-11-07,16999139,$96.68,sk,Kriens,CH
lt-39.keller.info,Igbo,2022-02-02 06:09:23,07:43:24,Croatia,67:c6:0f:0e:36:19,1979-09-24,53,"$42,403.13",st,Wohlen,CH
email-51.kern-ernst.com,Navajo,2023-04-10 05:39:51,04:42:43,Guinea,0d:84:e6:79:e6:3e,2013-04-07,83,$6.31,ml,Worb,CH
web-78.tobler-isler.info,Turkish,1982-09-11 16:57:27,22:49:35,Cyprus,8f:30:4d:e2:c5:6d,1974-11-06,63991,$76.78,pa,Biel/Bienne,CH
web-72.leunberger.net,Ganda,2008-07-21 04:13:08,21:04:31,Albania,84:81:9a:0e:ff:10,2021-01-28,28621,$279.78,doi,Emmen,CH
laptop-45.hafliger.com,Catalan,1975-04-29 17:19:21,12:25:24,Cuba,09:69:73:06:42:d1,1979-02-09,602,$8.13,ig,Thun,CH
laptop-06.vogt.com,Luba-Katanga,1987-05-27 04:06:29,06:07:48,Tonga,33:d2:fe:3b:93:ee,1993-08-30,608457,$2.11,hy,Villars-sur-Glâne,CH
web-43.ruegg-suter.com,Komi,2008-10-25 23:14:21,09:36:50,Lebanon,e5:e7:5f:4b:0e:32,1985-10-13,796291,"$4,423.22",kw,Onex,CH
email-93.gut.info,Sango,1998-03-04 03:43:43,08:44:21,Georgia,78:6b:d4:16:be:78,1970-03-09,989,$17.98,kn,Birsfelden,CH
desktop-07.meister.net,Corsican,1989-10-19 22:12:00,10:57:13,Tanzania,9c:75:67:3c:0a:fd,1997-01-14,50,$6.77,lt,Rheinfelden,CH
email-98.sutter.com,Tsonga,2005-10-13 01:46:10,01:10:06,Slovakia,63:28:c1:13:bc:69,2022-11-26,900458,"$9,129.58",brx,Wallisellen,CH
desktop-26.schuler-felder.com,Hebrew,1979-05-09 09:59:26,09:58:20,Turkmenistan,3a:22:5f:3e:83:cc,1999-11-14,6,$912.23,zu,Wetzikon,CH
email-74.schar.com,Zulu,2008-06-03 05:22:12,09:00:07,Iran,2e:d3:71:07:e6:35,1995-05-27,8248698,"$78,654.54",he,Kriens,CH
lt-84.ernst-meier.com,Romansh,2016-04-01 01:34:27,23:03:26,Bolivia,00:ee:a6:2a:2d:ef,1994-08-09,17,"$5,909.33",raj,Naters,CH
lt-61.maier.com,Serbian,2003-01-20 01:49:19,18:45:51,Laos,cf:51:06:8c:ea:78,2016-02-29,18,"$26,106.37",ps,Spiez,CH
desktop-70.burri.com,Akan,1985-10-11 00:03:30,03:03:46,Syria,b0:0c:46:29:07:bd,2022-03-21,3,"$5,499.37",crh,Vevey,CH
srv-89.bucher.com,Kalaallisut,2007-04-06 00:37:09,11:44:13,Ukraine,5e:32:72:20:d4:a3,1973-10-05,1328,$2.90,nso,Naters,CH
db-11.forster.info,Dutch,1986-11-08 11:39:13,22:27:13,Slovenia,93:85:51:7f:b1:b1,2017-07-28,2472,"$9,443.06",cs,Val-de-Travers,CH
db-99.kern-lanz.biz,Marathi,2016-12-04 21:56:58,21:51:56,Uganda,2f:6d:05:38:23:93,2009-03-17,67911,$81.00,apn,Aarau,CH
lt-30.roos.com,Hindi,2002-06-11 21:45:57,13:44:25,Marshall Islands,b2:e1:e2:f2:44:78,2009-07-15,54,$949.18,ar,Romanshorn,CH
srv-74.steiger-mettler.com,Uzbek,1996-03-20 10:58:13,14:29:00,Turkmenistan,85:57:d0:00:c7:fa,2004-11-22,9,"$78,957.61",mt,Freiburg,CH
db-87.zingg.com,Avestan,1998-02-21 12:12:53,02:34:13,Senegal,2d:d3:7d:76:49:e7,2005-10-06,8,$951.87,sat,Rapperswil-Jona,CH
db-18.stucki.com,Japanese,2005-09-03 22:16:29,10:19:29,Saint Kitts and Nevis,a8:5d:94:7e:16:c7,1981-09-29,5,$4.08,sk,Rapperswil-Jona,CH
lt-87.bar-gasser.com,Tatar,1996-10-26 12:40:32,01:32:46,Slovenia,cb:d8:0c:57:ed:bd,2010-02-27,10251,"$26,682.03",am,Muttenz,CH
web-45.kern.com,Sardinian,1989-10-15 23:05:30,05:27:22,Guinea-Bissau,52:ac:9a:6c:30:44,2001-07-29,1133,"$84,539.96",hsb,Maur,CH
db-68.schlatter.net,Malay,2019-11-16 04:06:10,06:19:14,Swaziland,1b:dc:a4:79:95:2b,2008-02-11,2,$377.80,pa,Locarno,CH
srv-13.betschart-portmann.info,Galician,1998-12-03 04:59:33,09:28:36,Lesotho,41:4b:bd:6a:6b:83,1970-11-25,15181461,$691.45,wal,Wallisellen,CH
srv-92.gut.com,Lithuanian,1990-10-04 23:01:13,20:36:35,Bahrain,8b:96:a4:c5:07:de,2020-01-27,1422,"$9,563.81",it,Dietikon,CH
lt-95.bernasconi-gloor.net,Slovenian,1971-04-19 10:27:49,18:12:51,Iran,20:c6:b0:02:c4:78,2009-04-26,770,$2.77,bem,Binningen,CH
laptop-24.hofer-egger.net,Bengali,1991-06-09 09:17:41,03:36:57,Georgia,04:c4:2b:0b:7d:be,1982-04-26,43575938,"$48,739.44",crh,Einsiedeln,CH
desktop-35.kagi-knecht.org,Slovak,2008-07-24 17:49:20,23:12:46,Barbados,e7:3d:b5:7b:37:92,1977-12-25,8965,$972.57,et,Payerne,CH
db-07.schwab.com,Interlingua,2013-10-24 16:43:43,05:49:54,Libya,8f:84:65:ec:ab:b8,1988-10-12,8353263,"$5,651.45",uk,Ecublens,CH
desktop-54.kessler-gerber.org,Avestan,1977-01-27 09:56:15,17:17:09,Seychelles,56:ff:73:2e:6e:bd,2022-08-31,410593,"$66,954.91",kw,Belp,CH
lt-61.hug-stettler.com,Persian,1974-07-27 23:22:31,00:21:31,Cameroon,66:f7:27:a7:bf:26,1973-08-02,460,$2.64,pt,Schaffhausen,CH
laptop-07.gerber-senn.net,Chamorro,2015-08-04 16:29:34,23:16:29,Italy,27:6e:aa:ac:fe:dc,1971-03-15,121364,$0.41,bo,Gossau,CH
laptop-36.berger-wagner.com,Georgian,1987-11-18 03:22:58,19:39:49,SÃ£o TomÃ© and PrÃ­ncipe,f9:0a:3e:cf:97:b0,1977-01-10,75246,"$5,831.23",sv,Allschwil,CH
lt-64.frei.net,Inuktitut,2012-04-06 16:33:31,09:10:38,Italy,82:03:98:13:8f:c8,1971-09-02,615753582,$212.15,nr,Horgen,CH
desktop-36.sporri.biz,Hausa,2001-01-21 23:59:45,04:03:15,Fiji,4b:cd:9d:e3:d8:8e,1994-03-07,38074,$1.21,nds,Uster,CH
laptop-54.frey.com,Kalaallisut,1979-05-17 11:59:52,19:34:49,Liberia,99:a8:77:9b:e7:30,2009-01-09,2,"$3,583.17",ig,Crans-Montana,CH
srv-05.moser.com,Galician,1971-11-16 12:24:52,12:15:06,Iceland,10:13:55:5e:aa:d7,2010-04-24,7117,"$10,487.67",gv,Brugg,CH
email-84.gasser-scharer.com,Macedonian,1972-12-18 10:35:47,21:08:57,Syria,fb:b4:70:4d:f5:25,2016-10-25,193,"$99,492.51",nso,Münchenbuchsee,CH
lt-02.wuthrich.com,Zhuang,1985-02-05 00:30:26,21:16:57,Malta,81:0d:bb:0d:ce:7b,1971-12-31,18953,$7.03,cmn,Volketswil,CH
srv-60.kaufmann.biz,Tamil,2008-09-20 21:56:55,18:39:36,Uzbekistan,68:3f:42:f1:b6:7b,1998-11-06,5871,"$83,901.19",ckb,Risch,CH
db-03.braun.com,Breton,1993-10-23 08:54:40,09:48:14,Ghana,a5:4b:8b:9a:89:a8,2009-05-30,40,$54.95,sw,Thun,CH
email-87.gerber.org,Inuktitut,1991-05-15 14:26:44,14:43:31,Saint Lucia,27:df:6a:b7:1f:7d,1990-07-11,288197937,$9.00,te,Küsnacht,CH
lt-62.gut.net,Chechen,2011-05-31 17:28:11,01:46:04,Norway,22:b0:4c:b3:79:3d,2022-12-20,628379220,$15.37,so,Belp,CH
laptop-94.winkler.com,Greek,2014-03-26 01:56:27,10:52:59,Singapore,c9:17:0d:c9:58:47,1973-07-10,174,$13.27,sw,Lancy,CH
lt-89.schmid.com,German,2010-06-02 07:59:15,15:04:13,Malaysia,2d:22:e6:fe:97:75,1975-06-01,22,"$1,820.42",pa,Wädenswil,CH
db-46.stalder.info,Aragonese,2021-12-04 16:12:58,00:14:20,Uzbekistan,b9:b9:40:9a:9b:4e,2020-01-20,3403,$4.43,ti,Illnau-Effretikon,CH
web-52.graf-fluckiger.net,Interlingua,1987-01-02 05:37:48,07:13:49,Tonga,ca:c0:1d:b5:cb:c9,1974-01-22,26,$2.28,ko,La Chaux-de-Fonds,CH
db-10.bar-staub.info,South Ndebele,2000-02-10 15:09:53,08:49:06,Tunisia,14:8e:d0:0d:3a:49,2010-08-13,646508448,$0.86,fy,Spreitenbach,CH
email-02.ammann.com,Avaric,1978-08-28 06:08:43,02:27:28,Turkey,b7:87:75:83:07:e0,1978-01-10,83217,$82.40,ti,Gland,CH
lt-80.stadelmann.biz,Limburgan,1999-07-19 08:04:42,00:33:36,Nauru,a7:c9:45:55:35:13,1990-07-15,72000,$57.52,ckb,Küssnacht,CH
email-98.sigrist-braun.com,Bihari languages,1976-12-03 20:08:33,20:56:12,Palau,86:82:89:90:ec:75,1991-01-05,9212,$43.07,fo,Steffisburg,CH
srv-44.forster.com,South Ndebele,1974-09-03 15:57:46,11:24:50,Slovakia,ca:60:2f:aa:87:94,1973-05-17,1399762,$17.63,gv,Affoltern,CH
desktop-06.mayer.com,Romansh,1976-05-01 09:43:41,00:45:32,Nigeria,f2:a3:e9:76:cb:37,2008-01-18,801716,$148.91,vi,Lugano,CH
desktop-74.siegrist.com,Kongo,1981-12-29 18:31:34,09:32:28,Bolivia,80:be:e2:48:f7:33,1988-10-14,618,$434.11,as,Luzern,CH
lt-46.hodel-ackermann.org,Afrikaans,1986-07-31 19:00:21,14:28:51,Sierra Leone,52:6d:52:8f:2e:66,1978-09-04,92980630,$3.58,ayc,Crans-Montana,CH
laptop-59.schaller.com,Nauru,1974-01-07 01:54:13,12:07:50,United Arab Emirates,2b:c9:61:1a:83:a0,2004-04-29,48,$1.87,br,Möhlin,CH
db-60.hafner-seiler.com,Afrikaans,1989-11-05 01:40:28,12:38:24,Botswana,b0:9c:30:1d:5b:de,1994-10-08,3469236,$9.40,lb,Weinfelden,CH
desktop-30.staub.com,Bulgarian,2011-09-15 10:52:13,22:25:44,Latvia,08:5f:21:2e:18:ff,1990-12-21,486,$495.04,ti,Solothurn,CH
web-07.mayer.org,Indonesian,2003-06-28 02:04:47,00:04:18,Finland,9d:c4:1a:5d:af:c7,2019-07-29,4543,$39.66,lo,Herisau,CH
db-50.lustenberger.com,Malayalam,1975-01-01 19:47:05,21:25:26,Belarus,ba:9b:da:d7:e5:13,1988-07-23,741827674,"$41,268.37",ja,Buchs,CH
laptop-78.schlatter.com,Irish,1993-08-10 12:16:07,11:11:40,South Africa,8f:45:88:e2:2f:53,1973-05-02,1,$46.85,ts,Dübendorf,CH
desktop-91.thommen.com,Chinese,1984-06-02 00:14:33,08:40:36,Syria,82:55:03:e4:32:b7,1980-03-12,6240295,"$14,718.49",oc,Prilly,CH
srv-00.vogt-hotz.com,Hebrew,1988-08-16 02:23:26,03:25:21,Zambia,80:e1:dc:4d:d7:b1,2003-02-17,956009,$459.51,mr,Veyrier,CH
email-71.grob.com,Thai,2020-12-21 13:24:33,17:07:43,India,a7:54:19:62:18:19,1973-03-21,250,$1.43,eu,Sitten,CH
desktop-47.hotz.com,Kongo,2020-08-21 23:55:33,23:32:10,Benin,33:8a:81:9a:f9:8d,1972-06-16,222,"$35,661.34",mn,Weinfelden,CH
desktop-89.scheidegger.com,Bengali,2007-07-30 23:13:27,22:03:27,South Korea,5e:d7:fd:9d:fd:34,1970-10-01,8,$997.17,sk,Villars-sur-Glâne,CH
desktop-87.bar-meili.com,Hiri Motu,1983-09-12 18:34:48,02:36:20,Comoros,a6:03:fb:a2:e2:74,2011-01-11,638,$74.33,sid,Steinhausen,CH
web-67.suter-martin.com,Corsican,1973-11-14 11:07:39,01:22:56,Ghana,12:42:40:16:fc:89,2009-02-24,366157,$31.02,an,Neuhausen,CH
email-48.meister.net,Twi,1987-08-05 14:20:27,19:53:20,Finland,be:27:89:93:03:e3,1989-08-26,6,$897.89,st,Montreux,CH
laptop-62.stadelmann.com,Uzbek,2009-04-09 22:11:00,17:28:03,Japan,ff:72:b0:81:5d:89,1997-05-22,61900969,$99.88,gez,Allschwil,CH
laptop-09.egger.biz,Spanish,1980-06-06 19:00:47,16:10:42,CÃ´te d'Ivoire,87:86:54:b0:88:f8,1975-03-07,932075,$38.58,nb,Einsiedeln,CH
db-10.keller-mayer.com,Turkmen,2015-09-28 16:43:39,05:01:41,Mexico,14:c2:95:7d:5b:3a,2017-07-19,6,$19.18,nds,Hinwil,CH
laptop-48.zehnder.info,Aragonese,1996-10-01 14:43:12,05:06:06,Cambodia,8e:4c:5f:d5:b2:07,2010-05-05,99037,"$31,529.58",en,Belp,CH
lt-62.maier-michel.com,Interlingue,1972-09-06 11:10:44,03:17:55,Belize,6c:45:01:85:cd:63,2016-02-19,76144,$15.69,kok,Bulle,CH
web-42.hug.com,Dzongkha,1999-10-14 20:42:38,23:40:36,Latvia,40:54:93:5f:53:a6,1992-02-25,26,$4.49,the,Kreuzlingen,CH
laptop-24.braun.info,Spanish,2007-07-17 15:42:32,01:50:15,Egypt,bc:1c:7b:3e:d6:94,1990-04-06,405225357,$921.03,gez,Dietikon,CH
srv-69.grob.com,Limburgan,2016-08-12 13:27:25,07:24:51,Republic of Ireland,f7:5e:b2:2e:4e:53,1975-11-07,62524655,$138.81,gv,Arbon,CH
laptop-00.lustenberger.org,Xhosa,1997-10-22 07:41:43,19:23:41,North Korea,2c:2e:d0:e6:4a:7f,1980-06-15,122,"$13,551.15",ko,Reinach,CH
laptop-53.egli-iten.com,Korean,1999-08-02 02:45:19,11:29:16,Belgium,7c:bf:1c:2a:dc:19,1991-04-28,0,$23.65,nr,Renens,CH
email-44.kaiser.com,Yiddish,2010-08-06 05:15:54,16:21:19,Libya,2b:26:20:42:59:e1,1971-07-28,584537743,$766.22,sl,Kloten,CH
srv-38.staub.com,Icelandic,1980-07-25 03:59:06,05:47:23,Russia,b1:7a:70:c7:25:5c,1971-07-10,2912,"$56,602.47",ks,Chêne-Bougeries,CH
lt-19.egli-schar.com,Spanish,1981-10-09 23:30:23,03:44:40,Niger,ce:e2:e0:39:0e:b7,2009-10-19,223,$10.96,zh,Lausanne,CH
email-28.moser-zehnder.com,Tsonga,1982-03-03 14:07:04,03:23:35,Norway,3c:80:a8:81:2a:b4,1999-09-19,8,$49.45,sw,Naters,CH
email-55.schafer.com,Abkhazian,1995-06-28 20:27:26,00:56:03,Togo,21:f8:9e:a3:bc:09,1990-03-31,61,$8.37,ce,Bülach,CH
laptop-60.kessler.biz,Avestan,2019-09-04 00:11:59,17:41:27,Comoros,6e:b4:99:70:18:e9,1983-10-13,889,"$46,085.40",hu,Siders,CH
email-50.leu.com,Tahitian,2005-10-28 13:52:58,02:14:30,Cameroon,52:a8:e7:8c:53:07,2022-05-24,824,$934.73,mag,Oberwil,CH
laptop-09.hodel.com,Divehi,1984-09-13 03:59:04,02:11:00,Bhutan,d1:f8:86:db:d8:a0,2004-02-15,275,$22.95,fr,Opfikon,CH
web-25.sidler-meier.net,Swedish,1977-08-21 09:54:07,05:24:55,Malta,bb:e5:1b:86:e7:95,1971-08-04,635151,$3.97,fy,Frauenfeld,CH
laptop-87.maier-schenk.com,Tajik,2008-09-01 04:29:06,23:37:21,Kyrgyzstan,81:3a:d3:9e:50:53,1993-09-17,575,$6.06,sr,Genf,CH
lt-06.brunner-schnyder.com,Chichewa,1980-01-21 20:00:24,09:11:34,Moldova,6a:81:38:f0:83:8c,1981-09-24,61168500,$53.05,pl,Sursee,CH
web-03.schafer.biz,Ewe,2006-02-02 03:07:04,16:47:36,Turkmenistan,f2:b1:03:3b:df:74,2011-12-06,2,$35.65,sw,Pfäffikon,CH
desktop-55.wettstein.net,Telugu,1997-06-14 16:01:58,10:34:44,Haiti,ff:54:22:b7:a7:54,2019-08-21,52,"$62,678.15",lb,Wallisellen,CH
lt-58.meili.com,Avestan,1975-01-30 19:46:03,03:20:16,Iceland,b7:f1:da:e1:e4:5a,1974-09-29,45662536,"$7,855.02",mag,Martigny,CH
db-60.huber.com,Tsonga,1989-05-21 16:56:17,20:32:33,SÃ£o TomÃ© and PrÃ­ncipe,94:c2:82:3a:66:b8,2014-10-03,99,$8.45,et,Montreux,CH
web-85.lanz-steffen.net,Komi,1974-05-06 16:38:50,19:34:15,Papua New Guinea,e3:9f:c5:1d:6b:69,1995-10-17,2419254,$66.30,nb,Maur,CH
laptop-78.berger.com,Avaric,2019-08-20 01:11:17,20:07:47,Panama,a5:f1:f9:94:07:84,2003-11-23,2,$5.60,ig,Buchs,CH
desktop-86.lehmann.biz,Lao,2007-04-07 13:12:18,02:13:27,Malta,7d:d6:f7:86:b4:cd,1976-01-27,1351986,"$7,144.61",fil,Vevey,CH
laptop-58.schmid.com,Tibetan,1999-04-05 02:48:03,07:48:48,Kiribati,64:ac:f7:9f:96:f8,2004-06-25,725,"$64,455.33",sw,Zollikon,CH
srv-34.gross-furrer.net,Indonesian,1977-01-12 23:09:18,04:49:07,Denmark,0a:f1:bd:ad:24:f5,2004-12-17,7,$9.97,ik,Locarno,CH
srv-16.stauffer.com,Ukrainian,1979-08-29 14:49:40,14:37:12,Dominican Republic,80:b9:24:14:c8:28,2012-02-02,46330,$160.08,wo,Wallisellen,CH
srv-95.maurer.com,Cree,2001-02-14 12:44:48,02:03:39,Canada,5e:b9:83:7f:8a:b6,1987-07-28,8161061,$21.38,sr,Allschwil,CH
srv-00.kung.com,Luba-Katanga,2009-10-06 09:15:18,18:57:24,Mozambique,18:2e:9e:f1:6d:f9,1981-04-19,98,$92.80,is,Gland,CH
lt-69.fischer-ott.biz,Hungarian,1980-09-15 04:30:25,12:07:17,Bhutan,04:36:b4:b9:ef:a1,2020-09-05,1614242,"$6,134.76",dv,Freiburg,CH
srv-87.egger.com,Pali,1993-10-17 11:44:25,18:12:06,Botswana,31:1e:8f:02:7a:6d,2006-04-26,95085014,"$29,561.67",sa,Bern,CH
srv-88.graf.org,Estonian,2005-10-01 19:54:36,23:26:15,Brazil,49:50:59:06:61:c3,2006-11-15,1556,$4.95,tg,Langenthal,CH
web-46.hotz.com,Occitan,2018-01-04 23:47:41,16:43:52,Iceland,48:6a:5b:9b:54:74,2005-05-31,684352946,$30.87,li,Oftringen,CH
srv-21.albrecht.biz,Cree,1989-10-29 00:49:49,18:03:45,Zimbabwe,8e:73:c9:ce:b6:70,1996-01-21,640633121,"$1,814.27",szl,Altstätten,CH
db-56.giger-wenger.org,Sardinian,2013-05-08 06:19:28,04:50:23,Philippines,ef:77:f7:93:b8:3b,1985-10-06,895,"$3,348.23",ast,Lausanne,CH
web-40.staub.com,Hebrew,1970-04-20 08:08:23,12:12:20,Seychelles,36:ac:9c:f5:ce:92,1980-11-16,230353,$5.56,lo,Rheinfelden,CH
desktop-98.zimmermann.com,Kinyarwanda,1999-04-23 13:08:30,13:01:42,Grenada,a2:44:75:c3:84:98,1995-11-06,763682,"$39,261.46",br,Arth,CH
laptop-38.christen-ott.com,Ojibwa,1983-06-12 13:19:53,18:43:52,Switzerland,63:86:ff:fc:37:e2,1970-12-06,96,"$5,281.06",ak,Muri,CH
email-21.bar.info,Romansh,1996-06-03 07:05:14,01:45:49,Estonia,94:bf:ce:c9:19:01,2017-11-09,25,"$4,317.83",gu,Yverdon-les-Bains,CH
email-17.lustenberger.info,Manx,2021-07-26 05:34:12,23:47:02,Kiribati,90:ec:28:b9:7b:50,1976-07-11,71,$3.95,the,Chur,CH
srv-37.sidler.com,Hausa,1992-09-12 23:50:29,12:42:22,Brunei Darussalam,a8:49:85:9c:40:4f,2020-07-13,858,$0.74,kk,Uzwil,CH
laptop-69.gloor-frey.com,Lingala,2004-01-01 21:41:50,07:07:52,New Zealand,f2:aa:23:1b:78:07,1982-12-16,7965237,$80.73,bho,Mendrisio,CH
laptop-53.schwarz-stockli.com,Tagalog,1974-12-12 19:59:54,21:36:05,Bulgaria,7f:50:b0:fa:f7:0f,1980-12-13,782927,$566.15,nn,Siders,CH
desktop-34.frey-leu.com,Tswana,2023-03-27 21:50:56,02:37:28,Thailand,c7:88:47:74:57:e7,1994-05-23,74292221,"$78,762.49",uk,Locarno,CH
lt-56.wirth-amrein.biz,Abkhazian,1995-07-10 11:29:14,12:47:13,Nepal,8f:32:7b:70:1f:a6,1971-05-04,951147,"$35,408.15",ta,Olten,CH
email-91.fischer-hofstetter.net,Spanish,1996-12-25 10:13:08,14:47:15,The Gambia,1e:14:7c:c2:29:40,2014-08-19,465741217,$4.91,hak,Dübendorf,CH
lt-10.winkler-wettstein.info,Kurdish,1996-12-28 11:52:29,13:03:08,Taiwan,72:b1:7a:b5:60:17,2004-05-03,3073,$37.79,gez,Kreuzlingen,CH
db-46.egger-schar.net,Cree,1973-11-26 17:28:21,22:25:37,Paraguay,41:d5:19:5e:42:34,1980-01-23,13,"$8,273.38",tcy,Rapperswil-Jona,CH
email-04.bucher.com,Tswana,1997-03-24 21:40:22,20:23:54,Uganda,65:77:fe:8c:20:17,1973-09-23,374,"$72,265.73",nhn,Steinhausen,CH
laptop-86.sutter.info,Hausa,1995-05-05 11:53:11,05:01:45,Israel,04:4d:81:77:39:59,1989-11-29,500741359,$6.05,fa,Wettingen,CH
email-56.ernst-peter.info,Chechen,2017-04-24 11:45:12,12:42:21,Bangladesh,dd:c0:90:4e:50:0d,1997-03-11,83611,$7.87,se,Worb,CH
laptop-63.michel.net,Latvian,2013-08-06 02:51:50,00:03:58,Panama,1d:45:d7:d3:f7:2d,1998-09-26,21998,"$8,791.39",shs,Münchenbuchsee,CH
laptop-35.schuler.com,Western Frisian,1976-08-09 06:49:45,16:59:00,Belize,db:c8:9d:93:90:ed,2017-04-18,4,$32.92,hi,Val-de-Ruz,CH
srv-39.lang.com,Oriya,2006-09-02 12:31:26,09:45:48,Central African Republic,a2:73:1d:8a:ca:c6,2015-06-04,92770,"$5,950.11",hne,Veyrier,CH
desktop-33.widmer-widmer.net,Limburgan,2004-04-02 13:04:56,05:51:07,Singapore,0f:cf:72:55:50:e5,1997-03-26,56,$276.50,ne,Rapperswil-Jona,CH
db-80.kuhn-baur.com,Avestan,2010-12-17 02:36:13,14:29:17,Libya,67:bd:bb:f3:5d:04,2010-08-05,9443244,$34.29,pa,Schaffhausen,CH
srv-88.mettler.com,Sindhi,2015-05-17 22:21:00,06:24:57,Kenya,3d:01:ab:52:a4:c0,2004-11-19,51316,"$89,334.60",fil,Montreux,CH
desktop-08.ammann-meili.com,Mongolian,1971-09-26 09:36:18,02:57:10,Mauritius,69:0f:fc:72:f0:11,2005-04-05,2,$108.88,ur,Mendrisio,CH
db-95.meili-kalin.com,Sindhi,1988-11-07 17:16:45,13:21:07,Venezuela,6a:96:94:f0:4f:0b,1972-01-15,29,"$3,817.31",kok,Einsiedeln,CH
desktop-51.vogel-hofer.org,Dzongkha,1986-03-05 07:24:40,14:59:12,Bosnia and Herzegovina,c0:58:25:91:17:cb,1980-05-31,278,$96.08,yo,Onex,CH
lt-25.vogel.com,Croatian,2009-07-01 22:52:14,05:21:22,United Arab Emirates,b1:93:5e:77:5c:9f,1970-01-04,28,$36.92,sc,Aarau,CH
email-18.schaller.org,Georgian,1979-08-16 00:21:22,19:56:36,Mali,96:85:b9:57:1c:eb,1981-01-29,5725,$3.16,tg,Worb,CH
desktop-72.kohler.com,Galician,1996-03-15 15:53:00,02:12:57,United Kingdom,2e:05:f0:01:35:16,1972-12-04,9342,$2.75,sat,Crans-Montana,CH
laptop-80.baumgartner.com,Japanese,2017-03-01 13:16:47,07:13:41,Saint Vincent and the Grenadines,78:db:b0:5a:af:c1,1999-10-18,417,$769.14,sr,Aigle,CH
srv-31.senn.net,Chichewa,2013-02-13 17:35:49,08:36:20,Turkey,fa:f5:71:43:d8:40,1979-02-12,919,$3.95,et,Bulle,CH
email-53.forster.info,Kirghiz,1971-08-20 00:12:28,00:48:03,Somalia,dd:2e:58:90:b6:28,1998-06-01,30983,$202.02,nan,Einsiedeln,CH
email-55.roth-meyer.com,Dzongkha,1975-04-12 22:16:51,10:42:19,Tanzania,49:19:41:ff:64:da,2007-07-29,3740,$0.28,gez,Bulle,CH
srv-67.mettler-lanz.org,Sindhi,2004-03-20 03:50:24,16:07:47,Burkina Faso,9d:0d:99:27:cc:46,1995-07-01,4923701,$5.74,mk,Zug,CH
email-69.schaller.com,Shona,2008-09-13 09:40:18,02:57:39,Niger,5f:16:71:6a:05:04,2020-04-18,8666,"$5,358.29",ca,Zofingen,CH
lt-08.huber-fluckiger.com,Hausa,2014-06-10 13:18:41,10:29:41,Greece,3c:2a:40:06:36:9b,2003-05-24,6010,$7.54,fi,Le Grand-Saconnex,CH
db-22.wirth.biz,Maori,1996-10-09 04:59:31,00:46:36,Germany,5c:18:a6:b9:58:1f,1978-11-22,521,"$88,514.56",ar,Münchenbuchsee,CH
web-16.bieri-kohler.org,Navajo,1992-04-18 00:54:45,00:54:19,Bolivia,90:e7:29:69:6c:92,2009-08-03,2,$162.58,da,Locarno,CH
email-27.arnold.com,Uighur,1977-03-03 00:59:30,22:19:29,Greece,b5:41:60:b2:f4:16,2020-02-07,63772133,"$1,022.87",bho,Bellinzona,CH
laptop-46.keller-lutz.com,Latvian,1980-11-02 17:40:22,03:48:07,Luxembourg,04:80:1c:ff:a4:7c,2006-11-19,0,$14.50,oc,Glarus,CH
email-08.steinmann.net,Romansh,2011-03-29 01:24:01,12:00:03,Guyana,e3:b7:f6:ed:0a:fe,1971-07-05,37,"$7,585.04",eo,Grenchen,CH
db-04.hug.info,Bengali,2018-05-04 04:13:46,17:39:32,Honduras,03:fa:e5:af:79:7d,2004-05-09,34654,$901.40,szl,Birsfelden,CH
email-75.hoffmann.biz,Aymara,2014-11-16 07:30:04,01:50:05,France,51:22:ed:59:47:34,2020-08-26,41813,$890.62,yi,Richterswil,CH
srv-30.schneider.org,Corsican,1986-10-20 12:57:44,18:14:06,Croatia,6d:9c:31:74:70:75,2004-10-20,4130737,"$9,592.15",zh,Suhr,CH
db-39.hermann.com,Estonian,2005-06-08 04:34:18,18:38:22,Brazil,7e:03:a3:62:48:3d,1999-05-02,3,$705.72,id,Thônex,CH
db-18.kaiser.com,Walloon,1984-09-13 01:32:40,04:57:05,Nicaragua,fe:51:ce:a9:57:b9,1974-01-23,10,$963.53,tl,Worb,CH
lt-91.schmid.net,Tamil,1973-01-29 04:30:52,21:31:47,Samoa,1d:ab:2e:4f:ac:b0,1999-12-03,5113290,$5.48,ckb,Gossau,CH
web-29.kessler-bolliger.com,Malayalam,2022-11-12 14:13:48,01:51:35,Burkina Faso,cb:0a:c2:db:99:15,1996-09-07,417963968,"$18,475.32",nr,Glarus,CH
lt-56.stettler.info,Russian,1991-03-21 05:08:42,02:15:26,Kyrgyzstan,5f:df:f1:55:6b:35,1986-03-22,551,$29.94,shs,Luzern,CH
email-69.gross.com,Kazakh,1975-02-28 16:58:45,00:39:22,Bangladesh,84:e5:c1:09:27:c2,2005-06-11,99,"$7,330.24",ig,Glarus,CH
laptop-27.hurlimann-betschart.com,Turkmen,1977-08-05 12:39:31,21:24:51,Romania,9d:0d:21:06:67:a3,2010-05-11,971843,"$7,720.51",ta,Cham,CH
email-70.staub-gross.biz,Hausa,1985-12-19 03:10:14,07:18:12,Malta,b4:f0:be:03:44:f8,2021-09-05,42221694,"$85,860.18",gv,Aesch,CH
db-39.schneider.biz,Tajik,2019-05-30 23:17:17,07:06:24,Mauritius,ac:88:30:7d:a0:94,2017-11-29,206,$7.21,eu,Einsiedeln,CH
web-46.fankhauser-frei.info,Sanskrit,1974-04-24 05:35:25,19:11:39,Zimbabwe,ad:f5:cc:6d:b4:4b,2006-07-07,7039862,$136.52,bg,Maur,CH
srv-88.kern.com,Kazakh,1970-01-07 16:09:45,21:20:16,Burkina Faso,20:73:2b:53:a6:d0,2006-04-09,2119902,$59.44,mk,Thun,CH
laptop-98.hug-schaller.com,Manx,1994-01-03 09:21:42,11:44:28,Brunei Darussalam,a6:b7:d5:82:ef:cb,1971-06-11,565124,$27.53,li,Ittigen,CH
srv-33.meili-mettler.info,French,1988-11-10 13:09:41,07:48:46,Cape Verde,06:4b:17:0e:27:d5,2021-11-26,809124933,$247.65,tr,Val-de-Travers,CH
lt-35.steinmann.com,Slovenian,2008-11-07 09:14:08,22:22:10,Jordan,ee:b5:78:6c:60:f8,2013-11-22,39223,$7.42,kl,Ecublens,CH
laptop-77.braun-stocker.biz,Sango,2017-03-15 08:06:32,18:46:05,Lebanon,1e:49:3b:05:85:39,2001-02-11,223424,"$21,790.84",fy,Vevey,CH
srv-83.martin.info,Avaric,2006-07-25 12:16:19,06:48:15,Taiwan,10:91:92:79:2f:0b,1983-06-20,80,"$17,903.34",nl,St. Gallen,CH
desktop-70.tobler.com,Lithuanian,2001-04-29 17:30:57,01:23:28,Bhutan,97:51:c4:b7:f2:0d,1975-04-10,58942,"$7,751.13",ru,Wil,CH
laptop-55.berger.net,Georgian,2000-11-11 19:07:08,15:12:19,Norway,00:89:91:21:4d:28,1991-06-05,59391,"$1,356.31",ts,Oftringen,CH
desktop-99.stettler.com,Slovenian,1980-10-18 21:30:49,00:33:05,Greece,05:09:4c:3d:5d:02,2018-09-28,266623,"$4,213.17",unm,Zollikon,CH
email-46.hermann.com,Hausa,1971-12-20 16:43:03,06:01:12,Ghana,7d:65:73:9a:d9:94,2014-08-01,3,$889.77,mi,La Tour-de-Peilz,CH
email-37.gasser.net,Uighur,2008-03-07 21:45:21,07:09:34,Kenya,0b:89:0d:13:62:95,1979-01-02,1,"$52,040.64",unm,Veyrier,CH
web-22.gut-staub.org,Navajo,2002-04-19 11:37:09,14:25:43,Turkey,f0:b9:70:37:cd:b3,1970-02-04,7158,"$8,530.54",te,Val-de-Ruz,CH
email-11.zimmermann.com,Western Frisian,2021-11-09 11:09:40,04:16:28,Republic of Ireland,50:88:69:ad:50:35,2021-07-23,28552302,"$8,588.96",ber,Renens,CH
web-51.bosshard.org,Slovak,1995-04-09 06:19:16,15:22:15,Romania,e1:bd:2a:72:e0:ff,2006-03-16,744059384,$5.52,uz,Davos,CH
db-67.steiner.org,Kanuri,1994-04-17 18:25:27,15:07:39,Vanuatu,f4:5c:51:dd:01:59,2004-05-26,3963,$230.85,szl,St. Gallen,CH
srv-06.bar.org,Afar,1970-01-29 00:51:59,19:29:35,Azerbaijan,d4:8c:d5:01:b8:a3,2006-03-21,89682,"$2,347.31",ln,Solothurn,CH
laptop-62.frey-maurer.com,Basque,2009-12-02 11:40:15,13:49:30,Yemen,2e:8b:cc:e2:99:47,1996-10-19,949,$2.15,id,Ecublens,CH
email-21.brun-baur.com,Sinhala,1992-07-04 02:34:58,23:44:51,Sudan,3e:af:53:41:51:23,1978-08-07,408664187,"$11,896.96",so,Morges,CH
srv-72.steiger-sidler.org,Akan,2020-06-28 04:19:33,11:58:01,Mauritania,ff:f2:f6:44:a0:d4,2009-03-12,484,$2.48,or,La Tour-de-Peilz,CH
laptop-55.frey.com,Croatian,1985-02-02 06:28:56,05:34:07,Mauritius,6f:08:e8:f3:9d:d4,1989-09-30,20,$31.82,tr,Naters,CH
srv-47.steiger.org,Telugu,1971-12-26 18:49:24,03:45:44,Eritrea,07:e5:f2:4d:1c:e0,1984-10-02,99,$0.92,unm,Flawil,CH
desktop-95.egger.com,Tajik,1985-11-24 03:21:50,06:36:47,Hungary,8a:01:ef:bb:dd:f3,1994-07-22,3,"$69,843.79",eo,Gland,CH
laptop-40.kaser-eugster.com,Inuktitut,1973-06-13 21:13:48,03:48:33,Angola,49:0e:dd:cc:9b:01,1972-05-16,6893885,$39.47,tig,Herisau,CH
laptop-14.pfister-widmer.info,Albanian,1987-06-10 00:59:13,01:34:29,Kyrgyzstan,f0:91:36:d3:5c:97,1994-11-02,618,$1.10,kok,Thun,CH
web-94.schoch.com,Danish,2020-07-29 23:05:52,19:43:31,Estonia,4d:c7:45:2e:e9:73,2001-09-29,7492,"$24,896.41",ka,Aigle,CH
srv-33.rey-senn.com,Pali,2001-09-04 08:24:10,10:44:43,Andorra,24:d4:3a:11:b9:b3,1994-07-03,30,"$9,426.34",az,St. Gallen,CH
srv-37.frei.com,Malagasy,1980-07-17 21:45:06,21:38:42,Angola,52:0d:4f:b8:d9:4b,2010-11-05,80774,$784.94,fr,Wil,CH
desktop-33.schneider-meyer.info,Quechua,2008-10-08 03:57:22,11:30:19,United Kingdom,34:50:13:e2:84:0e,1978-05-22,10,$874.92,iu,Altstätten,CH
db-24.hirt.org,Dzongkha,1986-07-10 04:43:24,01:23:48,Ukraine,36:6e:3c:65:07:13,2005-05-31,397417010,$74.53,ga,Aigle,CH
laptop-72.walder-stocker.com,Maltese,2003-02-28 00:16:25,13:15:27,Poland,62:03:de:f6:c3:8a,1990-02-13,1677,$46.74,af,Le Grand-Saconnex,CH
srv-16.bucher-bolliger.com,Sanskrit,1993-04-27 02:37:05,08:19:21,El Salvador,1f:04:65:27:b8:9a,1992-07-10,47630710,"$5,839.17",sd,Urdorf,CH
web-51.lanz.org,South Ndebele,1992-07-24 15:58:29,20:33:05,Liechtenstein,e0:80:06:07:6f:36,1989-02-06,852307,"$6,495.95",sat,Uzwil,CH
desktop-31.wirth.net,Bosnian,2001-05-04 20:46:44,00:45:20,Federated States of Micronesia,bd:25:f2:c1:dd:9b,2002-05-18,7,"$1,252.24",ml,Wetzikon,CH
db-72.schoch-scheidegger.com,Bulgarian,2010-08-05 23:51:41,03:13:28,Bolivia,b8:82:05:2e:5c:2e,1991-04-06,735,"$5,782.24",ky,Zug,CH
db-77.scherrer.net,Turkmen,1987-12-04 09:01:49,11:28:36,SÃ£o TomÃ© and PrÃ­ncipe,ac:ea:ab:6a:f3:80,2010-05-27,9809520,"$83,144.15",sat,Kloten,CH
db-55.wirz.net,Oriya,2021-09-15 16:36:09,01:58:53,Turkey,7c:c3:a8:a0:b9:d5,1999-01-14,254,"$25,686.28",quz,Wil,CH
email-36.wirz.com,Igbo,2016-01-21 16:39:19,13:15:48,Austria,b8:82:be:2c:c3:79,2003-08-28,66298329,$55.56,nds,Lyss,CH
desktop-06.stocker-hodel.com,Ganda,1974-05-07 18:29:03,13:08:58,Democratic Republic of the Congo,9d:06:66:14:65:03,2014-07-24,4134,$56.65,gl,Küssnacht,CH
web-40.kohler-suter.info,Swati,2006-05-01 09:59:08,22:46:15,Niger,ee:72:7b:29:e0:10,2010-08-04,169983,"$1,399.56",th,Sitten,CH
db-53.kern.com,Kashmiri,1977-08-16 07:18:31,12:57:10,Austria,95:62:41:f1:9d:47,2011-10-16,7584454,$27.80,bho,Emmen,CH
email-95.rey.com,Interlingua,2000-12-08 21:17:23,16:47:23,Somalia,de:7e:fc:b4:6c:c5,1979-10-16,63511497,$5.26,my,Worb,CH
srv-64.schoch-kuhn.com,Slovak,2004-03-31 22:12:23,02:33:56,Tanzania,8e:de:8f:00:6f:9b,1987-06-05,92789481,$4.67,bem,Arbon,CH
email-54.meier.biz,Sinhala,1989-06-29 07:20:41,17:57:54,Chad,47:f0:d0:b0:70:36,1970-09-29,1,"$52,089.13",os,Münchenbuchsee,CH
desktop-63.wagner.net,Tonga,2018-02-07 00:15:31,12:41:07,Bahamas,e7:b5:46:5a:7a:bc,1991-07-22,67,$32.03,byn,Steinhausen,CH
srv-23.betschart.info,Sango,2002-06-02 22:49:19,17:32:07,Mali,0d:76:45:0b:81:c2,2015-05-13,1951962,"$80,996.68",hy,Onex,CH
srv-87.blum-bosshard.com,Ojibwa,1990-04-13 12:00:12,05:24:10,Ukraine,d1:bb:b3:06:a0:61,1983-04-13,80307,"$7,494.21",th,Frauenfeld,CH
lt-38.stalder-hoffmann.biz,Turkish,2015-02-05 03:06:47,11:23:36,Moldova,92:11:7f:3f:14:b9,2019-12-12,65,"$6,728.30",nn,Prilly,CH
web-83.bauer.com,"Sotho, Southern",2013-12-01 06:31:47,23:18:18,Swaziland,8c:3a:2b:c4:aa:07,2007-11-01,824,$27.36,yi,Birsfelden,CH
laptop-42.fuchs.com,Navajo,1993-05-11 21:30:49,13:22:49,Malawi,8d:c8:2f:d1:11:82,1977-10-15,951882781,$228.28,ps,Prilly,CH
email-62.luscher.org,Thai,1979-02-12 13:07:06,07:40:53,Israel,89:71:15:98:f8:12,1988-04-16,91,$49.81,sc,Schaffhausen,CH
lt-68.stalder.com,Avaric,2015-08-08 19:03:20,20:11:46,Syria,5c:5a:83:00:fd:4a,1984-12-31,9082,"$96,482.36",bs,Bellinzona,CH
email-74.stalder.net,Welsh,1997-01-25 08:31:27,20:44:31,Malaysia,c1:91:70:7f:86:d5,2020-06-01,5,$81.96,ne,Zofingen,CH
db-05.weibel-schurch.info,Corsican,1970-08-12 00:45:20,13:11:13,Somalia,93:f2:c4:d7:da:f9,1980-01-21,2196734,$9.90,dz,Naters,CH
laptop-58.probst-winkler.com,Romansh,1999-12-19 02:46:55,23:14:17,Palestine,16:dd:a4:19:a3:29,2005-11-15,598979,$152.33,mn,Meilen,CH
desktop-96.maier-zurcher.org,Tagalog,1994-04-28 04:57:16,23:57:37,Bulgaria,7a:75:57:aa:87:2c,1990-09-17,5,"$7,802.09",unm,Luzern,CH
email-60.burri-bucher.com,Abkhazian,2015-08-12 18:06:01,18:04:56,Cambodia,30:ee:15:96:ab:1d,2011-04-16,2061431,"$91,376.05",wa,Baar,CH
srv-86.iten-steinmann.org,Japanese,1998-05-06 20:21:23,02:12:17,Uruguay,f3:03:e3:44:90:e1,2004-04-06,99626,"$57,037.97",cv,Thun,CH
email-01.baur-baumgartner.com,Hungarian,1978-02-13 20:13:12,21:05:04,Afghanistan,3d:c9:9b:81:9c:d7,2019-10-17,2477993,"$35,266.42",kl,Horgen,CH
srv-38.wehrli-ammann.org,Panjabi,1974-02-10 04:28:44,10:36:40,Israel,3b:6c:93:f5:cd:47,1970-06-23,79,"$72,268.19",os,Romanshorn,CH
web-10.schoch-fehr.info,French,2011-01-19 23:27:58,07:07:17,Marshall Islands,58:ad:72:46:2f:1c,1971-11-22,448168070,$4.97,my,Versoix,CH
desktop-51.schoch.info,Portuguese,1996-12-29 12:01:04,02:27:32,Fiji,39:11:21:e9:4b:e9,2000-09-19,89907,$832.10,gl,Crans-Montana,CH
srv-56.stucki-schar.com,South Ndebele,1976-05-05 18:54:31,19:51:25,Kuwait,a9:09:96:0c:86:b6,2020-12-23,934,"$27,466.08",yue,Illnau-Effretikon,CH
db-71.jenni.org,Armenian,1975-11-02 12:10:29,13:39:23,Chad,94:e8:82:e0:62:21,2001-05-22,40,$517.56,bn,Bellinzona,CH
lt-62.wagner-wuthrich.com,Swahili,1990-04-20 00:14:42,04:49:42,Burundi,13:34:2f:19:6a:12,2019-06-01,39,$5.34,the,Münchenbuchsee,CH
db-31.ammann.biz,Tonga,1979-03-06 10:54:44,12:51:38,United Arab Emirates,cb:a9:8c:ff:d7:f4,1986-09-22,9842,"$8,465.52",wae,Pfäffikon,CH
laptop-51.fluckiger.org,Ido,1984-03-14 12:49:28,08:37:35,Mongolia,48:a2:53:99:95:48,1970-07-05,0,$5.27,tig,Steffisburg,CH
lt-23.schwab.net,Dutch,2019-11-16 12:31:49,21:47:35,Czech Republic,a5:4c:64:8a:81:05,1978-04-04,7528645,$407.87,fy,Vevey,CH
laptop-45.albrecht-egli.com,Bulgarian,1991-11-27 08:35:06,11:44:13,Central African Republic,c2:07:40:b4:11:ce,2008-08-11,918,$2.00,sd,Opfikon,CH
desktop-43.hafner-graf.biz,Urdu,2005-04-24 23:39:46,08:13:39,Greece,24:72:7c:b3:3a:46,1979-09-28,4,"$65,754.42",xh,Rheinfelden,CH
srv-09.hermann.com,Dutch,2009-09-10 11:45:30,13:30:36,Malawi,09:a9:48:06:e8:07,1971-07-01,372878451,"$98,407.79",wa,Allschwil,CH
srv-59.scherrer.org,Nauru,2003-03-24 15:06:13,06:15:21,Tunisia,8a:19:c9:16:1a:d0,2020-07-10,797414,$250.83,ro,Oberwil,CH
desktop-26.hafner.com,Bengali,2014-10-31 08:12:05,14:10:02,Australia,49:5d:27:37:96:a9,1991-05-16,24,"$77,238.53",si,La Tour-de-Peilz,CH
laptop-53.fankhauser-baumann.org,Norwegian,1994-07-26 13:57:13,05:38:32,Canada,e0:8d:24:50:6c:53,2005-03-24,326692,$297.59,hsb,Wetzikon,CH
lt-95.jost.org,Maori,1971-08-22 18:08:52,16:26:07,Cambodia,1c:0d:93:ee:06:1e,1999-10-26,52799470,$65.75,kw,Bülach,CH
email-06.baumann.info,Belarusian,2014-05-16 12:03:47,13:23:04,Papua New Guinea,54:ab:29:fd:d3:25,2012-07-24,88,$743.78,et,Schaffhausen,CH
laptop-23.schenk-staub.biz,Twi,1994-03-18 06:26:01,13:25:02,Equatorial Guinea,ce:ce:f2:71:8b:aa,1982-10-28,24,$65.91,apn,Yverdon-les-Bains,CH
web-49.bucher-sutter.com,Georgian,1997-09-26 22:30:06,23:29:43,Uruguay,25:56:88:e7:4d:f6,2009-07-04,912565372,"$14,475.39",raj,Meyrin,CH
desktop-35.roos.com,Bulgarian,1999-06-15 17:08:44,06:12:37,Comoros,75:f0:20:82:4a:af,2019-05-30,758391,$63.88,ce,Pratteln,CH
lt-42.stauffer.com,Rundi,1994-12-06 13:42:45,16:35:20,Brunei Darussalam,9f:14:6c:f2:f8:da,2013-05-29,341556626,"$4,263.45",rw,Rheinfelden,CH
web-94.wegmann-zbinden.info,Romanian,2012-06-23 19:46:00,22:02:18,Malawi,c7:a9:64:02:57:63,1991-10-20,650024,"$9,117.74",dz,Freienbach,CH
srv-03.michel.com,Latvian,1972-01-02 03:49:21,18:21:15,Peru,5a:e2:26:05:1a:b1,2005-12-25,4265879,$98.38,cs,Regensdorf,CH
lt-05.ziegler.com,Catalan,2017-12-06 19:08:03,18:03:06,Zimbabwe,1c:2c:8e:42:f0:5e,1995-10-03,28,"$29,246.51",ku,Pfäffikon,CH
desktop-10.christen.org,Estonian,1983-01-24 11:51:49,05:35:57,Liechtenstein,39:94:7e:8e:7f:5c,2021-11-27,2942,$981.53,tt,Romanshorn,CH
laptop-94.zehnder.com,Tajik,2019-04-30 23:12:37,01:33:00,Democratic Republic of the Congo,0f:f7:68:c3:2d:6c,2004-08-15,63551231,$9.64,crh,Thônex,CH
desktop-58.beck.com,Wolof,1971-12-16 17:18:03,07:33:31,Taiwan,71:41:10:e3:b9:cf,1982-12-26,3409,$91.62,sv,Rheinfelden,CH
web-11.lutz-keller.com,Faroese,1979-08-16 08:33:57,11:30:05,Cyprus,18:cf:ea:11:8b:16,2004-04-20,76878070,$388.92,bn,Wohlen,CH
lt-89.arnold-frey.biz,Bengali,2001-02-13 20:19:11,18:24:18,Panama,58:64:be:3d:08:4e,1984-07-22,14143,"$46,788.13",bo,Lausanne,CH
lt-57.christen-walder.biz,Hiri Motu,2022-04-10 17:21:22,07:54:33,Chad,60:a0:30:cc:db:69,1993-08-22,7,"$9,111.31",csb,Winterthur,CH
db-38.fischer.com,Romansh,1988-01-06 18:11:14,19:16:32,Uzbekistan,ea:84:e9:8e:d1:f9,1986-07-24,93180,$9.58,so,Allschwil,CH
srv-14.steiger.com,Central Khmer,2010-08-15 11:46:34,23:21:24,Israel,76:0a:d7:72:c7:81,2007-08-28,254708,$463.13,es,Bellinzona,CH
desktop-01.kagi-aebi.com,Aymara,1981-05-23 23:04:16,13:20:22,Guyana,cb:b6:14:69:fe:68,1986-10-12,84,"$38,559.17",xh,Maur,CH
db-37.bieri.com,German,1993-09-30 12:10:29,06:27:11,Zambia,6a:b6:08:d8:f4:af,2015-03-12,82652,"$6,368.25",cmn,Wald,CH
lt-11.walter.biz,Esperanto,2010-12-14 03:09:24,02:15:57,Guinea-Bissau,97:34:4d:29:fb:f0,2014-10-08,63605725,"$36,593.26",an,Baar,CH
email-08.studer.com,Kikuyu,1990-03-07 02:58:56,15:01:17,Kyrgyzstan,48:08:a2:b5:ed:17,1990-07-02,92784279,$64.49,ja,Pratteln,CH
email-82.walter.net,Malagasy,2023-07-04 21:39:25,12:01:28,Saudi Arabia,81:69:55:56:d7:74,1989-02-19,238008762,"$79,316.84",de,Rapperswil-Jona,CH
laptop-18.frick.com,Polish,2017-04-03 20:34:50,16:21:43,Federated States of Micronesia,8b:95:26:bf:4b:55,2006-07-01,15,$36.25,ckb,Nyon,CH
laptop-96.kohler.biz,Afar,1984-04-07 01:48:26,17:31:58,Central African Republic,4c:74:b6:68:30:34,1981-07-20,10588,$77.04,ss,Naters,CH
srv-31.eichenberger.com,Sango,2006-06-13 06:57:33,04:00:03,Oman,20:81:eb:42:72:d1,1977-07-17,9,"$3,527.03",be,Pratteln,CH
srv-93.tanner.com,Malagasy,2023-02-19 05:02:25,23:50:55,Dominican Republic,63:20:16:b7:96:98,1999-02-11,9741,"$4,796.29",ve,Flawil,CH
email-87.jost.biz,Yiddish,1976-06-25 04:48:17,01:33:17,Ecuador,f7:81:97:8a:96:59,2007-05-31,3,"$2,099.46",nn,Emmen,CH
lt-99.schlatter-iten.com,South Ndebele,1986-04-15 02:54:56,20:32:50,Iran,f2:d1:12:cf:c3:c1,1970-03-24,4805,$5.40,ps,Küssnacht,CH
db-85.lutz-bachmann.com,Wolof,1970-07-27 22:38:29,00:27:10,Japan,d4:64:cc:1a:b6:5d,2012-04-04,823,$1.59,ur,Gossau,CH
email-22.blaser.biz,Ossetian,2003-03-02 23:39:40,13:48:16,Iraq,ba:12:e2:a3:24:f2,1978-01-25,286,$2.82,niu,Meyrin,CH
web-86.maurer.info,Cree,2006-06-25 22:40:37,21:01:07,Lebanon,13:7d:5a:d1:f6:47,1987-02-11,9799768,$941.86,sd,Baar,CH
lt-61.baumann.com,Catalan,2002-01-06 17:40:28,08:04:33,Uganda,7d:1c:b9:05:81:e5,2010-12-16,98165111,$214.68,apn,Onex,CH
desktop-55.hermann-muller.net,Sindhi,2001-11-24 13:00:36,13:02:37,Djibouti,a7:ff:1d:49:78:62,1981-06-18,40421,$7.50,tcy,Horgen,CH
db-31.schoch-kern.com,Inuktitut,1995-01-24 19:26:37,18:35:28,United Kingdom,c8:ad:ed:b3:9a:7f,1997-11-23,9101,"$12,447.19",bem,Altstätten,CH
desktop-75.portmann.biz,Somali,1992-03-10 22:34:50,11:33:15,Tunisia,af:9c:6e:13:5a:df,2019-02-23,644248,$7.74,mhr,Rapperswil-Jona,CH
srv-80.schlatter-meister.com,Amharic,2014-02-08 09:27:16,03:05:00,Uzbekistan,12:fe:0d:55:25:e3,1974-09-01,8,$250.31,kw,Gland,CH
srv-44.zurcher.net,Tibetan,2003-03-20 09:59:11,00:59:57,Malta,9b:af:4f:7f:79:45,2017-02-03,669070,$592.84,uz,Monthey,CH
srv-92.wettstein-gerber.biz,Cornish,1990-11-17 09:54:09,20:40:28,Republic of the Congo,5e:f2:64:8c:27:09,2005-08-16,45033053,$0.15,nds,Riehen,CH
laptop-71.ernst.biz,Hebrew,1974-02-08 14:43:17,13:17:18,Gabon,c1:9a:28:3c:ef:aa,1976-01-12,37110094,"$84,400.85",kn,La Chaux-de-Fonds,CH
srv-99.kaiser.com,Hebrew,1981-05-05 05:34:26,02:20:52,Kyrgyzstan,f6:f7:bc:18:c5:df,2008-01-31,189765,$172.68,ro,Liestal,CH
desktop-76.seiler.net,Indonesian,1999-03-13 23:09:39,06:34:46,Burundi,47:97:2a:bc:e5:bd,1979-08-14,93413,$4.36,fr,Flawil,CH
lt-15.hurlimann.com,Bulgarian,2006-09-23 01:14:53,22:44:02,Canada,60:36:c3:2b:7b:e1,2004-09-05,44,$2.52,fur,Meyrin,CH
laptop-70.schaub-schoch.biz,Mongolian,2003-02-01 06:30:28,18:03:32,Namibia,6a:0f:93:01:90:5a,1978-09-10,6640,$0.78,so,Rheinfelden,CH
email-57.baumann.biz,Aragonese,1991-03-17 17:08:20,20:06:42,Nauru,1e:c9:c5:78:74:8a,2016-05-29,6468,$3.69,oc,Chur,CH
laptop-20.aebi.com,Dzongkha,2012-06-20 00:20:39,00:58:31,United Kingdom,9e:e6:42:ba:7a:ca,1982-11-13,9501,$0.02,mhr,Ecublens,CH
desktop-02.roth.net,Persian,1987-05-23 17:09:57,12:13:23,Taiwan,0e:0f:79:77:b6:3d,1995-02-14,84,"$9,518.62",bem,Wald,CH
desktop-99.stockli.info,Chinese,1997-09-06 08:11:32,23:49:03,Bhutan,bd:e4:30:ec:67:66,2014-04-16,288,"$49,201.49",ms,Flawil,CH
srv-23.bieri.biz,Inupiaq,1996-02-13 21:39:21,01:57:18,Uganda,28:48:d7:a0:15:84,2003-09-14,387206,"$5,042.74",gl,Muttenz,CH
desktop-16.scharer-stauffer.biz,Yiddish,2023-08-08 01:33:50,07:32:02,Kyrgyzstan,01:f7:98:73:50:22,2002-01-03,1310,$56.14,ts,Gossau,CH
web-43.winkler.com,Sardinian,2010-01-27 03:14:10,00:11:51,Somalia,a8:e4:fb:ce:b4:9f,2017-05-05,5098336,$622.06,fil,Rapperswil-Jona,CH
srv-45.erni.com,Afrikaans,1997-10-26 12:42:37,22:09:51,Zimbabwe,ea:8e:60:0a:18:2a,2012-04-13,475831,"$85,107.35",shs,Renens,CH
desktop-62.roos-kung.com,Tagalog,2003-12-04 11:11:59,07:25:35,Bulgaria,24:15:73:f8:ac:93,1991-10-25,86224870,$753.69,km,Morges,CH
srv-96.kunz.com,Latin,2010-10-25 09:21:52,07:12:35,Armenia,57:0e:63:6a:93:e3,1984-12-09,268829,$7.74,vi,Morges,CH
desktop-99.senn-knecht.org,Lingala,1994-02-18 00:06:48,09:01:59,Cape Verde,12:67:fe:10:57:a3,2023-05-13,50852,$938.59,nhn,Zollikon,CH
email-83.zurcher.com,Walloon,1999-04-30 03:27:59,17:06:29,Peru,3f:5f:50:f2:21:a5,1997-09-02,435400170,$784.98,mni,Wädenswil,CH
lt-34.suter-haas.com,Chichewa,1999-10-11 18:49:31,21:41:11,Marshall Islands,a1:a7:38:67:ca:3a,1984-10-02,91,"$68,717.47",wo,Horw,CH
srv-96.muller-gfeller.com,Sango,2003-11-15 13:09:54,23:36:45,Palestine,34:d2:98:ee:77:92,2010-06-14,45,$0.34,ku,Hinwil,CH
laptop-97.ackermann.org,Slovenian,1991-11-02 16:49:44,19:14:05,Finland,fc:45:f3:83:ec:46,2014-03-07,51,$7.56,ve,Nyon,CH
email-95.brun-hauser.com,Lithuanian,2016-01-13 01:04:17,20:51:25,Syria,a8:b6:de:4b:ab:24,1998-06-27,28740,"$9,022.05",mt,Buchs,CH
desktop-79.beck.com,Norwegian Nynorsk,1988-01-23 00:23:58,15:09:42,Namibia,7d:2d:7c:0a:f7:22,2017-03-26,765046856,$94.58,lo,Wohlen,CH
email-21.lehmann-wirz.net,Lithuanian,1988-04-14 11:02:42,15:37:16,The Gambia,d1:bf:3f:96:d4:d7,1982-03-18,5,$366.34,li,Uster,CH
lt-40.meier-zollinger.info,Uzbek,2010-09-10 08:00:42,04:36:45,Maldives,03:d1:1e:41:6b:8d,2005-09-27,294,"$79,503.91",gez,Wädenswil,CH
srv-20.aebi-brun.com,Burmese,1976-10-30 23:50:20,15:44:48,Trinidad and Tobago,ef:d8:69:0f:5b:7c,2016-08-06,884,$411.00,nan,Vevey,CH
db-41.friedli-maurer.biz,Chuvash,1992-03-28 13:52:28,23:27:07,Somalia,02:f2:8f:dd:3c:cc,2005-02-24,209610,$963.34,so,Küsnacht,CH
db-78.lustenberger.com,Inuktitut,1972-06-22 23:12:40,13:14:52,Madagascar,f8:00:c5:f8:39:77,1980-09-22,230546,$825.33,af,Ittigen,CH
email-69.hoffmann-furrer.net,Kalaallisut,1975-06-15 03:49:12,22:18:31,Laos,a0:ef:fc:bc:ce:3e,2004-06-25,59913,"$9,748.74",zu,Carouge,CH
desktop-83.wegmann.com,Chuvash,2007-03-23 15:41:46,19:02:21,France,f8:8f:50:ff:5b:d1,1981-02-03,57815663,"$25,045.49",nb,Freiburg,CH
email-37.vogt.biz,Afar,1995-12-31 20:15:50,23:10:04,Samoa,9b:a6:17:c9:51:08,2005-11-15,35,"$79,408.52",kn,Ebikon,CH
desktop-86.felder.com,Maori,2017-09-25 23:03:10,13:41:23,El Salvador,ce:44:6c:4b:06:bd,2002-08-24,2,"$7,363.96",el,Oftringen,CH
email-97.stockli.com,Akan,2008-09-11 08:59:38,15:03:03,Kenya,b7:4d:5e:6f:fa:25,2003-03-19,1,$790.68,tr,Chêne-Bougeries,CH
srv-64.kessler.com,Oromo,1972-06-03 15:24:08,15:54:09,Ethiopia,b9:da:2c:76:b7:53,2010-05-09,99318335,$16.72,vi,Steinhausen,CH
laptop-99.leu.com,Tsonga,2004-05-22 15:43:04,08:01:39,United Arab Emirates,a2:ed:1d:a4:c9:1a,1979-07-18,7748132,"$2,924.96",es,Bern,CH
lt-31.roth.com,Portuguese,2010-12-01 07:43:54,03:28:45,Malawi,dc:d0:e8:dc:14:1e,2023-08-26,43629,"$29,508.48",ve,Emmen,CH
email-53.schneider.com,Sardinian,2018-01-28 22:18:25,13:06:52,Saint Lucia,08:0f:b5:ad:75:82,2001-03-04,0,$1.07,id,Affoltern,CH
web-04.baur.com,Bambara,2022-07-26 04:43:34,14:36:13,Suriname,43:7c:a6:77:13:0c,1989-08-21,4,$585.52,wal,Bern,CH
email-21.buhlmann-luscher.net,Marathi,1982-10-03 19:03:48,16:31:14,Denmark,fe:d4:a9:17:ed:a4,2016-07-21,304719,$8.71,az,Arth,CH
desktop-45.mayer-wyss.com,Belarusian,2002-04-15 00:39:28,22:04:27,Eritrea,55:cf:08:50:85:61,2014-07-14,83410509,$27.01,ln,Meilen,CH
lt-52.vogt.com,Panjabi,2019-10-14 16:52:19,17:20:51,Australia,71:d7:d1:a2:69:d6,1998-08-30,9960339,$2.12,az,Lyss,CH
desktop-61.blaser.com,Vietnamese,1990-07-27 11:12:52,00:24:36,CÃ´te d'Ivoire,a1:18:9c:ec:19:cf,2001-01-18,29126,"$8,279.23",ml,Münchenstein,CH
srv-55.studer-christen.com,Oromo,2012-05-20 07:00:42,00:05:00,Estonia,1c:ae:9f:05:a1:15,1971-09-24,389,"$8,811.09",fo,Sitten,CH
lt-08.studer.com,Kongo,1983-12-14 16:58:34,09:11:03,Chile,c4:0a:7c:c7:5d:8b,1973-01-27,71,"$96,913.55",fa,Meilen,CH
web-21.keller.com,Swati,1982-02-13 19:46:07,02:56:46,Uzbekistan,14:22:94:f8:24:8b,1993-08-12,225010652,$19.92,tl,Mendrisio,CH
srv-69.wuthrich.com,Samoan,1979-12-15 04:37:26,01:34:59,Gabon,42:8a:9f:a5:ab:3e,1975-02-07,321765574,$60.35,lt,Carouge,CH
email-08.scharer.com,Lingala,2015-08-30 16:16:50,13:07:51,Tuvalu,40:a5:df:30:ec:8e,1976-09-30,49095,"$8,613.45",ff,Reinach,CH
desktop-62.graf-mettler.com,Tonga,2017-12-13 03:04:29,09:17:57,Estonia,20:05:5a:d4:c6:63,2001-04-14,663,"$4,232.41",ta,Opfikon,CH
desktop-42.ziegler.biz,Ewe,1978-04-29 17:11:43,12:15:38,Gabon,46:61:86:67:48:5d,2016-04-19,30,"$84,928.11",pa,Baden,CH
desktop-20.brunner-schnyder.info,Dutch,2002-09-16 11:36:16,08:21:22,Uruguay,6b:77:6a:22:88:1c,2020-02-02,820,$330.02,crh,Steffisburg,CH
srv-29.schumacher.com,Aragonese,2003-11-07 11:42:33,07:35:40,Myanmar,25:da:5e:3f:e8:c1,2016-11-17,6849816,"$56,112.67",mai,Arbon,CH
lt-58.blum.net,Shona,2004-06-01 08:46:44,15:33:39,Chile,7d:95:e7:42:2a:81,2000-03-03,7089,"$6,257.01",nan,Locarno,CH
email-71.stauffer-stalder.com,Amharic,1971-08-22 21:50:20,22:31:26,Equatorial Guinea,d3:38:02:ac:b1:9a,2000-06-13,6332,$323.17,gd,Flawil,CH
db-56.kaser.com,Oriya,2013-08-05 14:40:38,23:44:17,Papua New Guinea,96:7c:14:3f:eb:f0,1977-05-24,51735,"$63,757.67",ar,Lenzburg,CH
email-27.schafer-lehmann.net,Telugu,2019-07-07 08:39:56,23:27:54,Seychelles,ed:3a:b0:15:fc:05,1989-02-27,1315,"$48,913.69",om,Rheinfelden,CH
desktop-08.wirz.com,Cree,1981-04-07 11:53:39,05:10:22,Myanmar,95:2b:62:60:11:94,1997-03-23,26044,$6.10,tl,Altstätten,CH
desktop-94.aebi-bader.com,Pushto,1982-12-13 03:21:08,13:01:20,Armenia,a2:40:7b:e6:54:ad,1988-02-18,6135,$30.77,ne,Wohlen,CH
web-59.schoch-probst.biz,Telugu,2005-07-07 16:31:31,18:07:56,Solomon Islands,5c:15:13:fb:bb:8e,1989-03-15,48,$90.09,te,Emmen,CH
laptop-03.egli-hofer.com,Tamil,1981-03-23 20:39:10,19:05:32,Kuwait,43:ba:d9:7c:b3:cf,2017-12-31,2640777,"$80,187.84",ps,Lyss,CH
srv-49.ernst.com,Esperanto,2022-04-28 02:06:18,03:16:14,Andorra,a2:d5:0c:b0:90:5e,2003-11-22,2,$8.13,vi,Kriens,CH
lt-46.scherrer.org,Chinese,1970-08-26 01:42:04,16:43:00,Papua New Guinea,24:cf:61:b7:b9:dc,1997-03-12,855087,"$79,695.76",oc,Muri,CH
web-32.senn.net,Turkmen,2018-04-17 00:36:04,05:16:33,Lebanon,75:dc:d1:9a:08:13,1973-01-31,837349,$131.31,ug,Kriens,CH
desktop-85.thommen.com,Sichuan Yi,1996-05-16 12:29:48,12:42:07,Kuwait,da:91:bd:73:86:8d,1976-06-14,37481,"$8,232.70",ps,Payerne,CH
lt-49.hofstetter.info,Ojibwa,2012-05-06 16:46:37,16:55:46,Armenia,8f:59:19:a0:32:2d,1990-07-28,3765626,"$94,926.67",ve,Bassersdorf,CH
laptop-95.ziegler-betschart.org,Uighur,1977-01-03 14:29:31,19:20:58,Palau,4e:31:78:3b:bd:3e,2017-08-21,96727,$777.51,ig,Affoltern,CH
web-66.fehr.info,Serbian,1977-04-20 16:58:44,10:25:49,United States,33:9d:8c:25:5f:7f,1997-10-13,903,"$8,137.74",ms,Sursee,CH
laptop-61.giger.org,Marathi,2022-03-24 21:41:07,22:59:47,Belarus,07:46:5b:df:58:7d,1984-05-25,8333,$957.39,dz,Aarau,CH
srv-01.battig.com,Interlingue,1975-05-08 20:07:40,05:26:09,Saint Vincent and the Grenadines,bd:d7:5a:fd:49:30,2004-09-18,80,"$64,428.14",lij,Birsfelden,CH
db-97.geiger.org,Esperanto,2012-04-21 13:36:42,21:04:59,Senegal,bf:b0:6b:92:a4:1d,1972-06-02,630231366,$188.88,ja,Wohlen,CH
email-87.walter-kaser.com,Hiri Motu,2008-06-07 16:09:03,20:43:29,Qatar,78:28:3c:63:64:18,1989-04-15,97072,$662.49,ca,Pully,CH
lt-83.kunz.com,Bulgarian,1993-12-30 01:00:10,02:15:19,Portugal,98:31:16:42:18:af,1996-07-02,175288646,"$25,079.09",byn,Langenthal,CH
email-46.kuhn.com,Georgian,2018-02-02 03:32:05,12:34:29,Egypt,d9:5c:15:79:ab:40,1985-02-05,9,"$24,641.38",ast,Schlieren,CH
web-35.moser.com,Tonga,1992-10-07 17:01:42,17:28:50,Kuwait,68:e7:da:af:5a:a5,2011-12-10,4202762,$60.27,ve,Genf,CH
db-84.amrein.net,Somali,2019-04-04 10:26:36,13:47:10,Andorra,ba:a9:cc:4b:03:4c,2019-01-25,65233,"$58,250.44",wa,Chêne-Bougeries,CH
lt-22.meier.com,Nepali,1985-07-12 00:23:49,11:48:03,Marshall Islands,ea:da:6f:d1:ee:c8,1998-11-08,635566,"$11,787.13",cv,Chur,CH
web-85.brunner.biz,Chechen,1996-02-06 03:37:55,04:11:03,Saudi Arabia,60:b0:b8:c1:cc:2f,1970-06-21,5553796,$45.37,ur,Langenthal,CH
desktop-79.gross.com,Swahili,1984-12-25 16:35:41,10:48:39,Federated States of Micronesia,af:65:77:84:8a:81,1987-10-17,9596,"$4,137.59",rw,Münsingen,CH
srv-24.gasser.biz,Venda,2010-08-04 09:36:28,08:24:45,Gabon,6f:fe:22:19:b1:92,2016-10-16,7,$425.83,kw,Männedorf,CH
srv-58.schenk.info,Interlingue,2016-02-29 02:03:08,05:20:25,Poland,4e:9d:38:84:03:9e,1999-11-07,5241,"$6,578.16",hy,Freiburg,CH
web-59.scharer.biz,Limburgan,1987-04-06 06:50:08,10:41:43,Libya,1a:0b:77:ff:3b:a0,1990-10-06,8703596,$87.67,bo,Lutry,CH
desktop-59.egger-kohler.com,Fulah,2004-07-14 17:52:59,17:35:19,Turkmenistan,b7:2e:a0:3d:cf:1d,2016-12-26,31941,$411.82,crh,Dübendorf,CH
web-65.seiler-amrein.org,Faroese,1978-06-29 08:11:33,13:23:17,Yemen,88:0f:2e:c6:14:7e,1979-09-14,460,$0.65,he,Locarno,CH
web-29.widmer-arnold.org,Sinhala,1981-05-14 12:49:00,03:27:57,Syria,b3:de:0b:42:08:58,2012-05-15,41591145,"$93,674.89",et,Gossau,CH
email-30.meyer.com,Sardinian,1990-08-20 06:56:49,01:14:09,Suriname,8a:92:91:24:ef:19,2015-09-07,1916005,"$57,021.06",hne,Lugano,CH
email-10.herzog.biz,Tamil,2003-05-06 02:43:15,09:40:32,Panama,2c:38:4e:0a:25:e4,2010-05-15,3655020,$4.45,tcy,Genf,CH
laptop-44.meili-schwab.com,Luxembourgish,1972-02-25 20:27:09,10:58:55,Tajikistan,c0:56:e5:a8:c2:b5,2010-06-08,8014,$620.05,sid,Flawil,CH
laptop-44.ammann.com,German,1974-12-26 04:05:34,12:17:40,North Korea,e3:d2:3e:5e:a4:d2,1987-11-12,21548427,"$5,540.39",ber,Arth,CH
laptop-67.huber-kaser.net,Dutch,1981-09-09 16:26:03,22:21:56,Guinea-Bissau,bb:e5:c4:ed:8e:1e,1984-10-21,97078343,$590.42,lg,Monthey,CH
db-81.steiger-hess.com,Tamil,2017-04-23 00:11:25,22:16:46,Colombia,e8:a0:39:fd:db:66,1976-10-02,412006606,$8.48,bo,Emmen,CH
lt-46.schnyder.info,Serbian,1984-09-27 13:45:51,19:30:08,New Zealand,e2:6e:58:c5:4d:2c,1971-07-18,30717229,$3.76,nr,Delsberg,CH
lt-35.ferrari.com,Dzongkha,1994-10-20 15:59:05,10:47:10,Nauru,cd:76:76:28:7c:6a,2011-07-21,837023589,"$2,443.17",te,Risch,CH
laptop-12.bauer.info,Maori,2019-12-12 12:21:48,15:45:02,Belarus,8d:50:ce:cd:53:27,1972-11-29,446,$6.33,id,Sitten,CH
email-04.burri.com,Marshallese,1983-05-24 14:50:59,06:25:43,Tajikistan,17:49:35:be:58:83,1997-05-19,207283725,$84.35,ka,Gossau,CH
laptop-43.felder-grob.com,German,2017-07-28 12:55:21,15:41:35,Guatemala,d1:06:c4:95:41:50,1971-11-02,7,"$1,847.72",de,Sursee,CH
lt-59.wuthrich.org,Vietnamese,1998-11-25 06:51:48,08:31:24,Bhutan,80:90:7b:1d:52:d6,2012-06-29,521240122,$18.88,lv,Reinach,CH
desktop-13.jost.com,Uzbek,1981-09-13 13:20:26,16:16:43,Vietnam,3b:0b:18:6c:ba:75,2012-07-13,83779846,$792.92,eu,Einsiedeln,CH
srv-46.martin-gross.net,Bislama,1991-09-25 00:02:55,18:23:18,Mali,ee:e6:85:56:4d:48,1974-05-08,14100,$194.02,hak,Wald,CH
db-33.betschart.com,Tigrinya,1977-07-06 01:56:54,11:00:16,Djibouti,2d:70:77:c9:56:2e,1983-05-26,8818252,"$62,199.01",apn,Wil,CH
lt-90.lang-blum.info,Dutch,1970-05-18 20:09:21,16:55:20,Slovakia,f0:73:49:8e:40:f5,1985-05-26,3,$5.03,mr,Sarnen,CH
desktop-31.staub.com,Slovenian,1975-02-16 23:32:39,17:32:35,Mexico,b3:41:58:b5:bc:dd,2013-03-25,791242856,$91.39,lij,Romanshorn,CH
db-61.hug.com,Chichewa,1975-06-13 09:18:35,23:25:34,Tonga,f3:44:49:b3:57:26,2002-02-23,34919,$9.11,sq,Versoix,CH
lt-58.wettstein.biz,Kanuri,1981-06-17 03:18:59,02:20:48,Sudan,b7:62:ad:68:17:12,2010-05-07,562,"$93,870.34",af,Zollikofen,CH
desktop-65.imhof.com,Sichuan Yi,2006-11-15 06:34:04,18:14:00,Germany,39:42:bb:24:53:92,1995-03-12,799534,$61.51,ast,Wald,CH
email-16.mayer.com,Tigrinya,1987-07-15 11:28:11,07:08:45,Botswana,25:4c:40:f4:7f:dc,1986-07-28,5890,$41.99,brx,Val-de-Ruz,CH
email-46.favre.com,Polish,1979-07-23 19:50:03,21:28:32,Czech Republic,39:56:9c:28:47:03,2020-10-30,25,$728.29,fr,Chur,CH
srv-56.kunz.info,Sango,1978-07-23 05:24:21,23:18:23,Brazil,97:f2:66:0c:a2:40,2009-12-04,2,$115.85,en,Volketswil,CH
email-86.schwab.info,Georgian,2006-05-24 15:31:07,05:44:33,Qatar,ed:29:4d:c5:a9:9c,1975-09-01,648010,$482.76,ti,Zollikofen,CH
web-36.luthi.com,Estonian,1973-04-19 22:47:36,05:12:30,Central African Republic,a9:c4:45:86:1f:08,2006-04-23,87358,$37.92,sv,Zürich,CH
srv-39.zehnder.net,Central Khmer,1973-01-29 20:47:11,05:53:21,Bolivia,21:0a:92:1f:4a:7d,1974-04-02,11571395,$984.45,he,Val-de-Ruz,CH
email-77.zehnder-merz.com,Kongo,1974-11-07 09:54:32,22:45:10,Chad,ed:61:20:0a:0e:26,2017-05-24,420967876,$8.95,bo,Münsingen,CH
laptop-70.graf-wuthrich.com,Sinhala,1973-10-13 17:21:42,11:08:50,Georgia,37:e0:c5:ae:99:4f,1995-01-30,21596158,$36.57,wa,Muri,CH
srv-99.ritter-weibel.org,Samoan,2006-12-21 10:18:41,17:06:55,Trinidad and Tobago,30:9b:6c:49:a1:dc,2008-11-15,67183339,"$47,060.76",tn,Allschwil,CH
web-69.studer.info,Lithuanian,2017-12-05 09:08:35,05:52:29,Pakistan,60:39:67:55:0a:6a,1973-06-14,3559693,$983.01,cs,Binningen,CH
desktop-82.jaggi.net,Cornish,1982-12-31 23:16:14,13:35:07,Palestine,48:c4:83:09:90:aa,1977-11-30,165,"$85,648.93",unm,Delsberg,CH
web-28.meyer.com,Zhuang,2018-06-07 13:48:18,00:04:34,Azerbaijan,f9:d3:47:9b:c9:e0,1988-04-10,48,"$3,246.47",bs,Yverdon-les-Bains,CH
db-24.bernasconi.net,Russian,2017-04-17 19:12:31,08:30:28,United States,e9:61:42:0d:d9:44,1984-09-07,4,"$3,486.67",hu,Zug,CH
lt-81.ziegler.org,Malayalam,1988-06-09 14:55:01,19:49:36,Colombia,7b:98:22:d7:b1:a8,2021-12-10,77,"$8,640.19",de,Locarno,CH
desktop-97.senn-ruegg.info,Marathi,1990-02-18 23:14:26,15:01:20,France,3a:48:e5:42:af:3b,2000-03-26,5,"$85,136.41",lo,Montreux,CH
web-79.felder-zingg.com,Latvian,1982-03-23 21:49:21,12:10:21,Tuvalu,7f:df:6e:1d:c4:69,2011-05-16,20591862,$1.50,ga,Wettingen,CH
srv-44.keller-hartmann.com,Sundanese,2023-04-07 15:37:55,16:13:13,Luxembourg,45:71:e8:7a:1d:65,1973-03-02,6029,"$99,426.07",ce,Gossau,CH
srv-01.egli.info,Kalaallisut,2017-10-14 21:24:28,12:29:04,Sweden,53:1c:25:61:e0:03,1986-06-14,4169809,"$27,317.10",si,Dübendorf,CH
lt-68.ernst-lustenberger.net,Bulgarian,1999-06-30 17:38:09,08:08:55,Mauritania,54:7a:2b:db:88:95,1992-11-21,362,$6.80,pt,Payerne,CH
email-22.ferrari-probst.org,Georgian,1990-08-09 20:21:12,18:21:58,Bolivia,97:26:7b:37:b1:3a,1974-08-01,760291933,$1.26,en,Baar,CH
lt-14.schafer.info,Portuguese,1997-12-06 15:45:28,11:10:41,Tonga,f9:19:62:8f:9d:dd,1981-02-09,717560,$17.63,pa,Lutry,CH
email-68.grob.biz,Norwegian Nynorsk,1973-10-07 21:30:14,22:37:42,Bolivia,07:db:f9:ca:33:22,1994-12-21,24816992,"$6,696.42",ta,Zofingen,CH
laptop-32.martin.com,Yoruba,2014-11-27 07:55:54,07:38:20,New Zealand,60:b7:f3:76:10:08,2017-11-16,6318,"$6,153.89",wal,Schlieren,CH
lt-11.jenni.biz,Macedonian,2021-06-13 11:30:25,01:16:43,North Macedonia,c4:1e:0d:40:5e:a7,1980-07-27,67933353,"$64,532.56",ur,Wetzikon,CH
laptop-15.bianchi.biz,Norwegian Nynorsk,1998-06-20 11:38:11,06:03:15,United Kingdom,6d:c6:ff:eb:05:90,1972-10-13,133,$2.60,my,Aarau,CH
web-31.peter.com,Icelandic,1992-07-08 21:48:15,01:32:35,France,70:b5:55:ba:40:80,1994-02-02,416414,$49.13,ks,Altstätten,CH
db-63.schmidt-ziegler.org,Komi,1973-05-21 09:42:09,07:11:48,Monaco,0d:08:f0:9f:cb:de,2023-03-20,83,$3.37,vi,Brig-Glis,CH
db-79.ziegler-zurcher.com,Finnish,1972-05-31 02:06:47,17:32:36,CÃ´te d'Ivoire,bf:7f:8a:67:0a:ef,2003-03-09,372,"$33,603.20",rw,Solothurn,CH
laptop-61.fluckiger-hug.com,Panjabi,2010-02-08 19:49:42,09:43:15,Belarus,cc:e8:1b:98:83:aa,2017-05-20,970912,$981.03,ka,Worb,CH
srv-90.portmann-hodel.com,Tswana,2000-06-17 05:48:23,04:53:23,Nigeria,bc:04:18:05:06:b4,2022-11-13,33,"$51,039.94",br,Horw,CH
laptop-09.luscher-kohler.biz,Latin,2020-10-25 20:25:57,07:23:31,North Korea,3f:1c:ac:ae:c6:a3,1996-11-29,9,"$83,198.02",wo,Wallisellen,CH
desktop-21.fankhauser.com,Luba-Katanga,2017-06-06 12:04:14,15:17:53,Norway,72:f9:c6:c8:9f:ed,2006-03-14,8296409,"$6,871.99",it,Freiburg,CH
laptop-95.leu-stucki.com,Avaric,1986-03-06 14:23:42,14:49:53,Albania,d3:43:12:ec:c4:73,1989-01-27,99720809,$402.28,bg,Worb,CH
desktop-00.tanner.com,Hindi,2018-01-23 00:53:25,12:24:06,Greece,11:7b:51:e7:16:ee,1994-08-07,872690705,"$89,042.54",ve,Affoltern,CH
web-64.blaser-steffen.biz,Latvian,2015-11-07 01:44:49,06:17:57,Portugal,7a:6d:4c:68:48:2d,2000-12-11,51,$431.03,iu,Neuhausen,CH
srv-39.schwab.com,Samoan,2003-10-03 15:34:04,14:44:05,Venezuela,c2:74:16:52:5e:6b,1996-02-14,3232709,"$92,696.53",bs,Einsiedeln,CH
lt-42.bianchi.info,Kazakh,2004-04-18 11:00:04,14:39:39,Algeria,5b:d9:1e:c7:47:31,1988-01-11,772934,"$7,225.48",th,Spiez,CH
web-66.bianchi.com,Finnish,1977-09-15 14:26:22,17:36:50,Liberia,b8:3a:84:6f:4e:b0,1980-02-03,4396860,"$7,649.33",so,Liestal,CH
lt-80.steffen.com,Tatar,1971-05-21 14:37:30,13:24:01,Albania,58:37:64:bd:ae:78,1973-10-16,54,$436.92,ts,Zofingen,CH
email-71.meyer.com,Albanian,1988-08-10 17:31:22,10:00:07,Sweden,94:8b:fa:60:25:74,2016-01-05,2682598,"$90,021.90",hne,Gland,CH
lt-73.stauffer.com,Hausa,1970-09-25 22:45:20,10:06:36,Fiji,96:13:cd:19:0f:d6,2001-09-21,7801,$5.54,ku,Basel,CH
web-35.forster.org,Uzbek,1970-05-19 11:58:49,18:56:11,Papua New Guinea,16:29:63:7c:9f:39,1992-12-02,1,$719.05,bs,Thalwil,CH
lt-62.siegrist.com,Georgian,2018-04-23 14:06:45,21:43:53,Sudan,33:8b:28:bd:d5:dc,2012-10-02,61,$62.67,da,Möhlin,CH
lt-96.hofmann-bieri.com,Hiri Motu,2020-08-01 15:04:42,00:26:43,Panama,bc:5c:a9:f0:04:45,2021-08-16,55083,"$7,452.47",kok,Versoix,CH
desktop-67.christen-ferrari.com,Breton,2005-11-15 18:26:26,17:34:23,Equatorial Guinea,e7:a4:21:82:ee:04,1998-12-29,7748,$837.72,tk,Naters,CH
lt-15.vogt-zollinger.com,Sango,1997-01-17 14:17:24,09:02:21,Bolivia,98:6f:42:6b:42:3f,2018-05-22,438,$6.20,ar,Davos,CH
email-14.schmidt.com,Xhosa,2023-04-11 02:35:16,18:05:57,Jamaica,99:21:0d:85:72:f0,1974-05-29,974213475,"$95,621.10",mni,Wohlen,CH
db-04.arnold.info,Swedish,1999-11-05 05:55:13,08:36:22,Colombia,4c:ab:0d:3f:56:35,2003-12-19,4177,"$1,833.28",dv,Ittigen,CH
srv-61.muller-hirt.net,Serbian,1972-02-28 09:19:54,08:05:49,Equatorial Guinea,d6:b8:a2:cd:69:29,1995-01-02,4,$2.13,lv,Stäfa,CH
web-28.brun-haas.org,Sundanese,1977-01-19 08:45:23,12:53:22,South Korea,55:b7:2b:56:b0:fa,1986-02-02,625077,$41.56,ha,Oftringen,CH
desktop-98.hauser.com,Basque,1977-01-30 19:14:49,03:07:11,Armenia,b9:4e:09:23:2b:dc,1997-02-02,879562831,$8.03,ts,Affoltern,CH
db-52.baumgartner-mayer.biz,Faroese,1989-06-19 18:54:05,16:23:29,Saudi Arabia,0e:f9:ad:68:d4:13,2013-08-29,80,$6.13,ps,Rüti,CH
laptop-59.stocker-stettler.com,Tatar,1974-03-09 19:27:20,09:07:48,Djibouti,a2:67:9a:6b:26:4e,2017-04-24,917,$672.72,raj,Morges,CH
laptop-04.haas.com,Yiddish,2015-05-31 03:25:14,05:22:53,Malta,8d:9e:ba:cb:2c:05,2019-10-14,94714,"$1,995.08",nhn,Steinhausen,CH
lt-70.hirt.com,Wolof,1974-02-01 01:01:54,01:46:24,SÃ£o TomÃ© and PrÃ­ncipe,f7:29:eb:af:e9:35,2000-12-09,9950030,$7.43,dz,Locarno,CH
email-43.winkler.com,Tigrinya,2003-10-09 13:30:22,12:46:51,Tanzania,3e:74:e5:14:67:68,1997-03-19,230205340,$7.76,nso,Kriens,CH
srv-88.lutz-stutz.com,Tatar,2018-03-22 14:12:53,11:06:12,Bosnia and Herzegovina,a8:da:c6:b1:7d:fd,2000-03-22,759,$54.38,et,Männedorf,CH
web-58.lustenberger.com,Nepali,2001-04-09 01:32:17,10:54:16,Dominican Republic,2e:29:78:15:ce:6d,1982-02-09,836620,$216.71,ml,Genf,CH
lt-73.berger.biz,Estonian,2001-03-21 22:04:18,10:44:01,Portugal,d5:5f:8a:3f:e0:ce,2018-09-29,355,"$18,638.29",tr,Pully,CH
srv-00.sidler-kaser.biz,Interlingue,2019-02-28 08:51:20,08:52:28,Sierra Leone,e7:14:88:27:f7:a7,1971-02-15,9541,"$4,407.23",eo,Rheinfelden,CH
email-44.gerber-siegrist.com,Rundi,1998-08-25 17:00:57,19:07:42,Senegal,86:a7:8b:90:13:75,2015-06-07,90718,"$2,214.94",sv,Riehen,CH
srv-37.kunz.net,Latvian,2005-11-03 01:20:08,22:49:58,Romania,90:89:1a:68:09:44,1998-05-19,50128474,"$14,052.83",zh,Arth,CH
srv-17.ott.com,Basque,2013-07-22 22:00:27,09:00:20,Germany,af:75:e7:7a:88:19,1997-03-04,0,$49.65,hr,Yverdon-les-Bains,CH
desktop-53.gasser.org,Ojibwa,1993-06-01 15:38:37,01:48:05,Republic of the Congo,ea:91:9d:56:1b:74,1973-05-19,2,$74.65,ku,Spiez,CH
laptop-94.hodel-portmann.com,Mongolian,2008-07-28 15:18:56,11:15:46,Liechtenstein,52:9c:de:3b:be:8a,2021-05-09,0,$640.22,uz,Emmen,CH
srv-19.fankhauser.com,Bulgarian,2010-12-22 09:50:23,15:00:29,Bahrain,e0:48:1f:c2:9a:e3,1976-10-30,40979,$720.98,sc,Rüti,CH
db-75.zurcher-lutz.com,Twi,2013-03-26 13:33:56,08:45:44,Mongolia,c0:7d:5b:7c:43:dc,2006-09-26,55,$49.90,cv,Emmen,CH
laptop-84.jost.com,Japanese,1983-03-13 16:33:16,15:48:07,Vanuatu,e2:25:17:91:e0:89,2001-05-05,300197313,"$6,664.96",pt,Maur,CH
laptop-25.stucki-martin.net,Bashkir,2019-06-30 19:41:53,20:10:53,Pakistan,bd:d8:5f:78:68:7b,1972-03-10,840735,"$5,843.70",nso,Wettingen,CH
desktop-93.bernasconi.net,Malay,2017-04-06 06:16:19,06:32:53,North Korea,df:2d:d2:ea:09:3a,1997-02-17,9674,"$64,833.88",bs,Lyss,CH
desktop-79.blaser.biz,Catalan,1972-08-25 09:30:52,12:35:05,People's Republic of China,aa:48:2d:00:3f:1b,2011-05-25,6,$9.19,ka,Pfäffikon,CH
srv-83.hafliger-bucher.biz,Fijian,1982-07-22 02:00:58,20:08:48,Austria,4c:c2:b7:12:ab:8a,1977-04-09,802,$408.90,shs,Allschwil,CH
desktop-14.thommen.com,Maori,1988-06-24 01:29:38,13:19:39,Canada,37:b9:c3:c5:50:61,1979-12-07,696,$846.18,os,Crans-Montana,CH
srv-02.wolf.com,Ojibwa,1998-05-25 06:22:36,13:03:27,Norway,e3:1d:46:8e:1a:e1,2009-11-26,749849,"$15,562.27",fil,Schaffhausen,CH
lt-28.ackermann.biz,Luba-Katanga,2017-08-25 15:47:18,09:31:15,Gabon,b5:bb:64:3d:64:11,2004-02-03,239,$510.22,sr,Münsingen,CH
srv-76.kalin-hermann.biz,Tatar,2023-08-02 23:29:23,19:00:21,Bosnia and Herzegovina,db:b8:a0:d6:d4:f5,2007-03-14,569214,"$61,713.81",the,Crans-Montana,CH
lt-43.steiger-luthi.com,Russian,2019-06-01 08:12:40,12:08:22,Chad,6d:ee:a2:a9:1b:dc,2018-08-21,355294,$0.56,ts,Gland,CH
desktop-08.kalin-friedli.com,Swahili,1970-08-22 03:08:52,12:48:43,Niger,b9:fe:d3:79:67:5f,1991-08-26,180380,"$52,012.93",ast,Veyrier,CH
email-37.schaller.com,Bislama,1992-03-15 14:50:21,07:57:42,Marshall Islands,c9:ab:11:4a:0d:1a,2018-05-31,920,"$1,287.16",en,Spiez,CH
laptop-94.tanner.com,Ganda,2011-12-30 00:01:47,22:49:30,Grenada,95:06:ef:53:68:02,1977-10-12,8930358,$2.43,nl,La Chaux-de-Fonds,CH
web-02.schaller.com,Ido,1970-02-27 19:17:02,07:03:52,Cuba,db:e2:0f:f9:15:80,1987-12-20,357,$24.88,tig,Glarus,CH
laptop-57.gasser.com,Irish,1997-02-01 01:45:32,03:43:05,Belize,7a:2f:53:21:6b:83,1987-03-18,73,"$4,557.23",sl,Steffisburg,CH
lt-59.grob.com,Welsh,1992-06-12 20:39:00,04:14:42,Nicaragua,ea:9c:76:67:95:fd,1991-08-15,32442334,"$57,289.65",or,Vernier,CH
laptop-87.benz.com,Manx,1982-11-20 14:46:19,12:27:25,Saint Kitts and Nevis,29:6c:dd:36:a0:ff,1983-08-20,9,"$52,151.18",ckb,Mendrisio,CH
srv-68.stettler-hauser.biz,Bulgarian,1994-09-01 10:21:54,16:18:07,Peru,cc:e2:c5:32:f7:37,2012-10-28,7752,$6.08,the,Zug,CH
lt-51.gloor-felber.com,Limburgan,2008-12-30 21:13:24,22:15:00,Myanmar,08:49:5d:55:2e:59,2015-01-31,4,$69.90,xh,Möhlin,CH
desktop-24.schneider.net,Komi,1970-04-11 18:21:42,05:42:45,Belarus,64:d5:a3:4c:d5:f5,1991-06-23,4,$4.41,tl,Cham,CH
srv-22.fuchs.info,Chinese,2006-12-15 12:23:01,12:23:43,Romania,77:b8:b2:1b:4c:1b,1998-12-07,574406008,"$23,009.50",xh,Lugano,CH
email-44.stocker.com,Turkmen,1973-06-25 13:19:18,14:51:17,Mauritius,0f:53:84:bf:d7:6f,1987-06-13,811677155,$3.08,ik,Frauenfeld,CH
lt-63.schenk.com,Croatian,1982-11-01 05:12:21,09:49:36,Nauru,37:70:84:d8:b0:4e,1991-07-18,3107,$384.05,brx,Amriswil,CH
web-89.furrer.com,Malagasy,2004-04-12 12:45:09,22:27:19,Mali,81:9b:8d:47:67:1d,1993-06-29,585673,$459.29,ss,Emmen,CH
lt-35.bernasconi.com,Ossetian,1975-11-10 11:12:50,19:07:55,United Arab Emirates,dd:3f:62:29:36:88,1988-07-28,32851,$2.91,ve,Risch,CH
desktop-20.kagi-frey.info,Norwegian Nynorsk,2009-10-06 05:47:38,11:09:04,Kazakhstan,7f:3e:72:0c:28:ff,1990-07-03,9387040,$18.89,hne,Monthey,CH
db-86.zingg.org,Danish,2002-10-09 19:51:51,02:59:13,Malta,71:68:26:4f:6f:2b,2005-02-26,25,$573.72,cmn,Rapperswil-Jona,CH
web-46.pfister-kaiser.biz,Luba-Katanga,2021-03-01 04:28:22,16:41:08,Eritrea,7f:dd:72:09:8d:40,2005-04-17,8,$52.91,brx,Lyss,CH
db-57.hasler.com,Tswana,2015-09-30 05:37:11,09:18:47,Colombia,b5:9b:1b:cb:69:02,1978-04-18,7513,$918.54,mn,Steffisburg,CH
lt-15.sporri.org,Italian,1988-07-11 06:54:32,12:15:34,Singapore,38:d0:28:68:42:a7,1981-09-19,1267626,$0.28,apn,Onex,CH
email-71.ruegg.com,Kongo,2011-05-10 02:26:57,20:51:20,Greece,d3:b8:aa:08:b9:9b,2022-11-23,147857667,$882.98,wa,Grenchen,CH
email-17.suter.com,Amharic,1970-05-02 00:34:28,07:01:08,Uruguay,c6:54:17:41:8f:48,2018-10-25,6,"$6,100.08",mk,Arbon,CH
web-36.tobler.com,Luxembourgish,2013-08-25 01:07:16,22:38:11,Tuvalu,fe:5f:32:8a:d1:e3,2010-01-24,855083,$350.26,se,Prilly,CH
lt-70.staub-wuthrich.info,Kalaallisut,2000-09-03 18:00:46,21:21:39,Myanmar,99:82:0b:f2:8a:32,2009-12-03,4,"$32,748.45",an,Renens,CH
laptop-04.ziegler.com,Cree,1999-11-09 12:13:56,15:04:59,Turkmenistan,86:23:19:36:9b:7d,1973-09-24,6307446,$27.38,yue,Solothurn,CH
desktop-17.schnyder.com,Maori,2007-05-11 21:34:48,18:44:29,Qatar,0f:79:fb:cc:2a:b7,2002-02-12,486332,"$1,063.79",lzh,Flawil,CH
lt-39.walder.com,Romansh,1971-01-05 16:32:26,02:17:47,Democratic Republic of the Congo,5d:5d:55:c3:27:4d,2011-11-20,799841500,$40.50,gu,Wald,CH
desktop-17.hafliger.com,Afar,1996-04-30 09:05:14,16:52:54,Guinea-Bissau,5f:b8:9d:e8:aa:a8,1994-01-23,214,$119.88,sl,Lausanne,CH
lt-39.erni.com,Icelandic,1974-07-22 11:38:25,05:52:12,Montenegro,ce:b6:d0:27:c9:c0,1982-02-06,9,$7.93,az,Muri,CH
db-92.huber-meili.net,Russian,2017-04-21 00:31:16,11:23:15,Kyrgyzstan,ce:e0:d4:9a:8e:19,2011-11-02,4398,$440.76,gd,La Chaux-de-Fonds,CH
srv-72.schuler-geiger.com,Walloon,2012-11-11 21:48:20,04:20:37,Tuvalu,ce:6f:d2:2e:b7:a8,1982-01-22,34836,$50.80,hsb,Gossau,CH
desktop-90.zollinger.com,Welsh,2021-08-30 11:14:06,10:37:33,Brazil,29:71:8c:86:3f:62,1989-09-08,1648776,"$1,318.84",an,Richterswil,CH
desktop-25.schaller.org,Kazakh,2001-12-29 04:18:17,15:09:51,India,01:f9:5f:2d:95:86,1985-10-03,277,$94.61,he,Oftringen,CH
web-83.buhler.com,Tajik,2014-07-26 10:41:00,06:51:18,Morocco,4e:2e:a2:42:b9:76,1977-05-04,8,$4.01,fr,Winterthur,CH
web-05.huber-felder.com,Danish,1995-07-04 03:01:34,11:29:43,Central African Republic,9c:ad:42:3b:af:cd,2014-11-18,293061,$60.54,lg,Davos,CH
lt-08.albrecht-rey.com,Chichewa,2017-03-14 13:17:52,18:46:04,Sweden,f4:cd:a0:2d:cc:de,2004-11-21,3662031,$94.29,bem,Brugg,CH
email-32.betschart-egli.info,Tamil,2018-02-13 12:45:58,22:05:43,Fiji,3a:26:21:92:02:82,2020-12-04,5725424,$965.23,fr,Luzern,CH
srv-02.schar.com,Javanese,1983-05-07 09:36:02,06:17:29,Moldova,9e:ac:b7:26:88:51,2006-04-24,2122,$622.09,is,Lutry,CH
desktop-77.hess.net,Albanian,1977-12-30 21:35:15,17:26:58,Portugal,2d:6c:ac:10:1c:22,2002-11-23,1610591,"$28,135.55",bg,Wil,CH
db-33.bernasconi.com,Russian,2014-05-19 12:12:32,05:20:53,Grenada,13:e7:61:7d:e9:e2,2014-10-05,713403,"$2,331.89",mai,Basel,CH
srv-04.bar.com,Abkhazian,1992-09-09 14:18:06,00:45:30,Brazil,dd:b0:10:41:f8:4c,2005-02-21,62,$6.46,ak,Münchenbuchsee,CH
lt-73.widmer.com,Esperanto,2013-08-25 23:44:06,23:03:28,Iraq,31:d8:22:85:6c:57,1995-09-28,19297507,$3.54,ko,Crans-Montana,CH
srv-49.stadelmann.info,Portuguese,1982-06-20 05:32:37,06:34:46,Chile,67:39:66:b8:cf:f5,2007-06-09,1075,"$26,770.00",nr,Veyrier,CH
db-41.lanz-brunner.com,Tibetan,1973-09-02 09:36:58,11:09:15,Haiti,96:20:a8:a0:4d:d4,2016-03-05,5151234,$2.84,mai,Villars-sur-Glâne,CH
db-84.baumgartner.org,Tsonga,2000-11-01 08:28:42,04:57:25,United Arab Emirates,00:61:63:c9:b5:a4,2021-05-24,66,"$8,594.66",fil,Dietikon,CH
srv-90.bachmann-sporri.com,Swati,2016-05-07 12:46:38,14:15:57,Kyrgyzstan,5a:70:7f:a0:31:4f,1993-03-19,34700,$8.65,gl,Sursee,CH
lt-57.benz.biz,Central Khmer,1993-06-09 15:36:14,20:55:27,Qatar,b3:0f:d7:1c:ce:77,2020-06-16,33,$500.75,hu,Ittigen,CH
desktop-85.luscher-hermann.org,Afar,1992-05-31 07:21:04,14:02:43,Switzerland,3b:46:1c:16:8f:46,2013-12-08,444038872,"$5,748.23",aa,Steinhausen,CH
db-08.tanner.biz,Serbian,2022-04-14 08:53:04,23:28:48,Equatorial Guinea,6a:be:95:0d:8b:7f,2019-05-10,3178,"$67,763.35",xh,Meilen,CH
db-24.fuchs.biz,Zhuang,2006-04-02 19:59:46,12:15:26,Saint Vincent and the Grenadines,8a:c8:d4:1e:fe:6f,1970-01-03,6175141,"$16,105.74",sat,Köniz,CH
email-70.schlatter-maurer.com,Uighur,2006-03-24 04:56:34,10:35:27,Kyrgyzstan,f5:80:93:ab:90:44,1983-04-02,4656,"$93,414.52",li,Gossau,CH
db-98.naf.com,Danish,2016-06-20 06:07:48,13:32:04,Malawi,0d:46:9b:dc:f4:99,1979-10-08,4570,$2.51,ml,Pfäffikon,CH
web-73.mayer.org,Uighur,1995-11-20 03:55:44,20:00:37,Guyana,05:35:40:b4:02:be,1999-09-13,80672742,"$39,688.07",pl,Steinhausen,CH
lt-08.brun-roth.info,Italian,1995-05-06 01:49:35,10:48:44,Greece,92:05:56:3b:3a:5b,1982-05-11,4834,"$79,555.17",the,Horgen,CH
db-18.hafner.com,Samoan,2002-05-20 20:09:35,16:58:24,Haiti,0d:4d:1a:a7:d4:e9,1995-03-18,7646,"$35,122.07",hr,Volketswil,CH
web-41.sporri-wettstein.org,Italian,1991-11-09 21:45:16,04:02:09,Taiwan,0c:86:b7:ad:d7:b8,1977-07-28,8058,$4.68,da,Muri,CH
web-27.furrer-lang.com,Irish,1991-05-20 07:48:30,21:23:08,Ghana,16:d2:b8:29:a6:19,1978-01-04,7265,"$1,863.49",ayc,Amriswil,CH
lt-26.arnold-aebi.com,Church Slavic,1970-04-30 22:23:48,08:07:07,Nigeria,cb:f7:6d:53:75:e5,2017-09-28,634593962,$69.58,kn,Uzwil,CH
laptop-30.schmid-zollinger.com,Maori,1990-11-15 21:11:17,04:35:48,Madagascar,48:e5:07:06:01:2c,2000-01-30,99707,$90.62,ky,Birsfelden,CH
web-99.buhlmann.com,Maori,2007-09-03 11:20:44,22:18:07,Ukraine,b2:88:fe:f9:a6:4b,2008-07-21,756810,"$4,795.39",crh,Davos,CH
srv-62.fankhauser-battig.com,Dutch,1995-01-14 23:50:17,22:31:29,Argentina,5a:24:24:e2:8d:b4,1990-11-25,8054602,$659.98,so,Bern,CH
lt-15.schar.com,Rundi,1995-03-02 10:02:36,21:58:03,Sudan,9d:a1:13:57:e8:81,1972-08-22,5,"$53,974.99",id,Birsfelden,CH
email-08.schwarz.com,Wolof,1978-11-11 19:57:44,05:33:18,Central African Republic,b4:83:6f:60:96:5c,1974-05-05,245,$691.59,fo,Horgen,CH
srv-04.isler-kunz.info,Norwegian Nynorsk,2016-07-21 05:48:39,21:39:44,Kenya,3e:6b:4c:2b:13:86,1970-02-10,419,$303.95,gu,Münchenbuchsee,CH
email-18.maier.biz,Tamil,2006-02-10 05:12:30,22:27:52,Laos,10:61:bf:8b:3c:4a,1970-12-14,11,$8.05,lb,Thalwil,CH
desktop-59.portmann-ziegler.info,Tonga,1970-04-04 21:38:59,10:37:56,Vatican City,51:55:a0:eb:c6:03,2011-11-22,1,"$19,787.85",eo,Regensdorf,CH
laptop-99.schurch.info,Zulu,2018-09-04 13:08:51,20:22:29,Central African Republic,a8:4e:43:74:98:3c,1990-11-17,533,$763.22,pt,Zollikon,CH
email-75.senn-frei.com,Romansh,1989-10-22 13:05:30,04:10:18,Hungary,a4:dd:16:fc:88:9f,2000-03-18,59402397,"$93,169.16",xh,Brig-Glis,CH
email-69.vogel-schneider.com,Lingala,1970-03-24 23:26:25,04:58:19,Angola,a1:d1:77:1a:61:59,2005-02-26,857669,$7.92,sl,Aesch,CH
laptop-72.albrecht-hasler.com,Nauru,1979-10-25 22:42:29,06:06:06,Tanzania,b5:0d:d1:61:7b:1f,2005-07-08,304868,"$88,340.61",gd,Pully,CH
db-61.hurlimann.net,Malayalam,1970-12-22 09:30:14,23:55:03,Iraq,1f:f7:34:f0:d7:d7,2012-12-20,749597714,$67.08,sd,Herisau,CH
desktop-15.hess.com,Igbo,2002-10-14 12:42:38,00:16:25,Cape Verde,a1:2d:ce:5e:52:98,1972-09-12,2,$348.42,cs,Martigny,CH
desktop-01.wolf-buhler.com,Kinyarwanda,1999-11-29 04:33:56,02:52:48,United States,ff:29:a4:32:7c:54,2011-08-31,2,"$71,413.50",am,Morges,CH
srv-19.hess-michel.biz,Esperanto,1972-08-27 11:25:28,03:19:15,Croatia,44:b6:b1:0a:1f:6f,2009-07-26,23649251,"$19,038.95",crh,Köniz,CH
email-68.ackermann.biz,Slovak,1978-12-11 02:32:18,09:07:10,Paraguay,a0:86:3d:a4:e3:c9,2021-05-02,3354813,$7.22,wae,Carouge,CH
laptop-71.schar.info,Pali,2004-10-27 13:53:29,09:15:31,Kenya,fe:2d:ca:34:12:16,2017-12-06,3456,$723.64,fur,Lausanne,CH
email-61.baur.com,Kuanyama,1986-12-30 06:43:00,03:54:03,Kazakhstan,23:a6:fd:a7:d5:0c,1977-11-24,70,$9.45,uk,Gossau,CH
db-56.kaiser.net,Twi,1987-05-03 09:40:58,08:24:14,Uzbekistan,14:66:c6:8a:9a:e9,1978-04-16,17554,"$16,203.96",lb,Ecublens,CH
laptop-24.pfister.net,Icelandic,2016-08-23 12:36:44,15:28:20,Democratic Republic of the Congo,b1:f6:0b:68:ec:b7,1975-01-15,5,"$99,550.93",bho,Frauenfeld,CH
laptop-05.roth.net,Sindhi,1980-10-05 23:27:40,11:34:09,Japan,cf:1d:57:22:4c:6e,1973-10-25,0,"$40,498.85",el,Meyrin,CH
email-03.bieri.com,Malagasy,1984-09-24 20:54:07,19:41:16,Cyprus,c9:34:3d:d2:d9:9e,1995-02-16,75663649,$0.29,yue,Gossau,CH
desktop-17.stalder-walter.com,Marshallese,1979-11-29 01:07:58,20:09:59,Ghana,cd:2b:c3:fe:86:9f,1984-11-17,4843,$709.10,ast,Adliswil,CH
lt-84.graf-beck.net,Thai,2001-06-03 16:57:36,20:30:12,Barbados,aa:e3:b5:21:ee:07,2000-03-06,99124,"$8,235.93",ast,Gossau,CH
db-29.schnyder.info,Slovak,1990-09-22 02:34:17,07:53:29,Lebanon,d3:a8:2e:0d:12:e8,1978-01-28,44,"$33,003.66",is,Payerne,CH
laptop-54.felder.net,Mongolian,1994-03-04 00:35:03,06:31:21,Botswana,12:9b:b0:d7:3d:24,2001-09-04,17,$0.20,lo,Pratteln,CH
desktop-92.bucher.com,Aragonese,2009-07-10 02:00:25,14:26:00,Belarus,ad:ce:52:ba:ee:09,1994-11-24,52527,$6.81,mg,Kloten,CH
laptop-75.brun.biz,Vietnamese,1984-07-08 06:33:28,15:58:59,Zambia,76:e2:07:15:d6:c1,2003-02-05,7291198,$13.29,km,Monthey,CH
email-94.brun.biz,Somali,1995-07-02 15:58:30,02:56:29,Jordan,0a:36:b5:03:9f:ea,1999-06-18,4636426,$754.10,sw,Weinfelden,CH
srv-08.schmidt-kaser.com,Malay,2017-04-24 16:00:00,17:37:55,Kyrgyzstan,63:05:3e:2c:fb:6b,2014-09-28,916574651,$6.47,wal,Crans-Montana,CH
laptop-61.meyer.com,Oromo,1991-04-04 13:25:27,16:59:34,Turkey,0f:85:56:6e:f2:0a,2019-01-13,6484848,$21.37,pap,Grenchen,CH
db-15.erni-kaser.com,Kongo,2017-05-16 03:16:41,16:56:13,Palestine,5f:76:c8:71:4c:da,2020-11-18,661532,$22.20,de,Uster,CH
email-21.wyss-felber.info,Ganda,2002-04-15 12:22:34,05:31:43,Vatican City,09:a6:26:5a:ba:9c,2001-03-22,53922,"$3,705.34",nan,Zofingen,CH
desktop-92.ammann.com,Kazakh,2006-07-23 06:35:23,01:54:42,New Zealand,ba:9f:f8:6f:a8:0c,1988-08-25,145,"$9,291.65",yue,Möhlin,CH
web-52.sidler.com,Nauru,2018-07-29 22:44:12,08:36:55,New Zealand,7a:e5:73:6f:ee:c0,2014-12-29,8050,"$14,386.11",ms,Rüti,CH
email-83.winkler.net,Urdu,1989-03-14 22:04:21,13:49:31,Yemen,a6:27:56:e7:40:11,2006-09-15,96094105,$5.95,or,Renens,CH
desktop-19.egli.net,Amharic,1978-07-11 08:44:56,14:21:55,Angola,29:f6:b5:60:39:7c,2003-07-20,7158,$182.29,pt,Montreux,CH
desktop-46.ernst.com,Interlingua,2007-08-27 21:38:47,01:09:27,North Macedonia,7d:ea:b1:ac:25:9d,2010-09-16,816,$44.23,pap,Romanshorn,CH
srv-68.buhlmann-bucher.com,Italian,2016-04-29 20:59:03,16:48:46,Georgia,d6:46:c7:89:1f:c2,2021-09-19,355851,$79.70,lt,Montreux,CH
email-95.steinmann.com,Komi,1979-05-19 10:08:04,08:00:47,Saint Kitts and Nevis,e1:ac:fb:75:83:e4,1973-04-27,5287,$760.76,ha,Dietikon,CH
db-02.felber-baumgartner.com,Abkhazian,1991-10-16 08:41:25,07:42:23,Maldives,83:1d:e3:af:ff:70,1972-10-27,1,"$62,495.63",eu,Münsingen,CH
laptop-39.merz-forster.com,Kalaallisut,1994-01-17 18:01:41,22:19:20,Israel,7e:21:e0:b6:b0:58,1980-03-14,93780,"$30,350.56",is,Küsnacht,CH
desktop-00.gross-senn.com,Thai,1970-08-04 13:23:45,07:50:06,Gabon,2c:29:80:89:da:11,1989-04-15,5614411,$9.96,quz,Liestal,CH
lt-51.hafner.info,Afrikaans,2020-03-08 22:08:46,12:08:43,Cameroon,b1:d4:1d:75:be:52,1978-12-19,3703829,"$6,174.95",ta,Männedorf,CH
laptop-28.stutz.biz,Japanese,1985-01-19 16:56:14,18:04:02,Bhutan,fe:ba:49:4e:6e:b1,1982-05-05,919664882,$15.84,ga,Freienbach,CH
desktop-49.kagi-tanner.com,Haitian,1981-11-05 22:19:57,20:32:05,Mongolia,61:a3:22:c0:d0:c0,2017-12-16,2821,"$67,652.68",ps,Adliswil,CH
web-89.stutz-jenni.net,Catalan,1998-02-17 13:44:16,15:28:17,South Africa,11:36:04:e4:d2:fc,1972-02-22,7,$785.73,wa,Gossau,CH
email-04.graf-steiner.com,Estonian,1973-11-25 09:24:04,10:20:59,Democratic Republic of the Congo,4d:97:e2:ca:b7:d0,1982-09-10,8,$1.75,mk,Zofingen,CH
db-27.scheidegger.com,Sinhala,1976-03-08 08:31:16,13:14:54,Georgia,05:16:09:ae:a5:68,2012-11-29,38,"$7,366.34",mt,Dübendorf,CH
desktop-86.hartmann.com,Chuvash,2009-12-23 10:26:05,17:57:56,Albania,37:8e:cd:16:c9:97,1994-09-09,344,"$25,157.77",tr,Baden,CH
web-59.zollinger.com,Italian,2013-05-25 19:44:39,21:11:44,Dominican Republic,72:60:b6:2d:b3:81,1993-09-05,435857561,$75.55,vi,Pully,CH
web-82.baumann.com,Tatar,1981-03-09 21:10:24,01:43:48,Botswana,d8:4f:72:17:92:e4,1983-07-31,79882684,"$64,634.71",sc,Chêne-Bougeries,CH
desktop-48.bernasconi.biz,Chechen,1993-07-03 22:07:07,03:14:16,Japan,f3:63:fe:e1:32:4c,2002-08-01,810767780,"$5,052.18",gez,Wetzikon,CH
email-12.fischer.com,Dzongkha,1976-09-07 16:39:39,13:26:51,Togo,a7:97:71:e7:68:60,1992-03-22,92571940,"$20,362.37",cs,Vevey,CH
laptop-29.hartmann.biz,Dzongkha,1989-04-23 21:20:24,23:48:12,Botswana,f4:27:a7:d5:84:0e,1988-09-01,796570,$82.56,hu,Arth,CH
desktop-03.roth.com,Maori,1982-01-22 04:12:00,21:25:19,Colombia,b0:32:e5:30:6c:86,2003-10-05,7436078,$4.10,ru,Steffisburg,CH
laptop-35.felber.info,Croatian,1993-07-18 07:29:52,20:00:10,France,23:21:99:ec:c9:37,1974-01-19,2901350,"$78,124.43",da,Freiburg,CH
laptop-37.betschart.org,Japanese,1989-06-26 12:06:30,23:57:35,Central African Republic,cd:d0:3f:5d:ce:bd,2000-09-06,13,"$5,198.91",lo,Uster,CH
lt-32.probst.com,Breton,1973-11-06 19:43:02,10:39:45,Vanuatu,03:30:fb:19:02:e5,1999-12-27,63718,"$98,036.55",nr,Biel/Bienne,CH
laptop-26.wirth.com,Ewe,1997-12-09 15:34:57,13:04:18,Mongolia,c1:9f:52:20:74:1d,1985-12-19,140380,"$4,159.69",lo,Sursee,CH
web-47.schaller.com,Luxembourgish,1981-03-09 22:54:28,00:30:42,India,5c:f2:cd:4f:ea:4a,2009-08-11,19325643,$13.86,my,Ittigen,CH
db-04.weibel.com,Armenian,1990-10-03 02:09:07,12:28:26,Liberia,0f:52:a6:63:f7:0d,2002-07-30,9397,"$64,436.29",fo,Arbon,CH
laptop-57.wyss-schnyder.info,Croatian,2013-12-20 11:53:53,06:42:25,Kenya,1c:3e:de:f3:b9:83,2012-09-24,576645417,$82.27,ce,Vernier,CH
desktop-52.weber-hess.net,Zulu,1981-06-21 02:38:13,01:43:37,Azerbaijan,09:f7:fc:ee:ca:e5,1991-10-16,7833,"$84,248.71",so,Lausanne,CH
srv-73.gloor.com,Uzbek,1994-03-11 15:43:46,03:32:13,South Korea,d9:63:9d:fa:09:9b,2018-05-18,299482811,"$93,110.49",ts,Rheinfelden,CH
web-96.frick-rey.net,Malayalam,1987-03-24 00:15:46,21:31:09,North Macedonia,dc:1a:9c:1d:b5:95,2009-04-15,47403,"$2,200.20",tcy,Dietikon,CH
lt-88.gut.com,Tsonga,1979-06-10 10:01:39,06:03:15,Mali,bb:ca:06:39:d4:9a,2007-11-26,618968,$438.33,bo,Regensdorf,CH
laptop-28.gross.com,Xhosa,2012-09-10 05:45:18,20:51:46,Ethiopia,3b:c2:f9:5d:e3:c1,1992-01-17,122538,$0.18,cv,Mendrisio,CH
web-62.studer-knecht.com,Walloon,1992-10-26 17:47:19,18:26:46,Antigua and Barbuda,ed:a3:dc:2a:de:8a,2008-04-18,6957,$703.53,sv,Liestal,CH
db-75.schumacher-albrecht.biz,Azerbaijani,1996-08-20 23:39:53,16:24:38,Madagascar,09:1e:8a:a6:7a:47,2008-07-12,545920880,"$8,896.28",doi,Baar,CH
db-18.staub.net,Tswana,2017-11-08 20:42:36,06:40:40,Tanzania,8d:66:80:4a:73:11,2006-03-15,83745087,$6.24,ast,Münchenbuchsee,CH
email-44.widmer-iten.com,Occitan,1992-05-27 17:00:09,00:23:58,Belarus,21:94:34:61:65:a3,1998-11-30,920651244,$516.89,ber,Plan-les-Ouates,CH
web-20.siegrist.com,Fijian,2008-08-21 09:05:56,18:03:41,Bahrain,0e:59:57:b4:a7:8e,2003-07-27,4,$6.81,ff,Renens,CH
email-05.baumgartner.net,Tswana,1971-02-08 13:29:24,19:41:37,Turkmenistan,ff:28:c0:9b:41:bc,1994-02-19,2316231,$604.36,sa,Cham,CH
web-09.bieri.com,Hausa,2012-09-27 12:40:43,21:46:50,Antigua and Barbuda,e7:2d:2f:31:51:61,2002-10-25,175971124,$5.41,lg,Naters,CH
email-28.ziegler-jaggi.com,Bengali,2003-11-02 17:23:09,02:43:21,Marshall Islands,fc:14:84:8d:4e:71,1976-08-24,13,"$48,239.08",ce,Wettingen,CH
laptop-57.thommen.info,Avaric,2005-04-03 17:18:11,05:32:38,Mauritania,37:da:36:db:f8:73,1982-06-13,7,$2.39,da,Uster,CH
desktop-90.mader-huber.com,Panjabi,2009-01-10 07:23:19,23:26:59,Vietnam,3d:5c:20:12:5e:e4,2009-10-18,361,"$2,148.25",gez,Romanshorn,CH
db-06.kessler-fischer.com,Tsonga,1983-07-03 20:00:34,03:14:59,Kiribati,2f:dc:87:39:85:ec,2010-01-14,5,$16.88,sk,Ecublens,CH
db-81.koch.com,Herero,1982-11-10 17:27:51,23:32:58,Samoa,3b:21:26:00:86:fc,2001-09-18,963479,$5.64,ce,Arth,CH
lt-65.roth-baumgartner.com,Faroese,2020-11-22 11:49:36,18:24:16,Cuba,34:be:ac:51:c4:8c,2022-06-18,3793,"$8,390.71",lt,Zug,CH
web-34.huber.com,Bihari languages,1973-01-14 09:07:19,12:15:41,Thailand,49:0a:31:bd:20:a0,1982-02-27,28776420,$9.82,ff,Richterswil,CH
lt-73.stocker-wenger.net,Kongo,2002-07-27 15:38:48,17:49:44,Laos,ff:ec:53:fc:af:4d,2017-02-21,828996981,$178.11,gv,Sursee,CH
db-61.egger.net,Persian,1982-08-22 13:51:37,22:06:54,Mozambique,23:26:b5:7b:3b:17,1976-03-30,9097,"$7,169.03",ce,Solothurn,CH
db-42.gerber.com,Gaelic,1988-10-14 17:16:57,09:00:44,Saudi Arabia,90:1a:33:f6:07:79,2014-06-30,61341333,$66.59,br,Möhlin,CH
lt-33.kohler.com,English,2021-05-16 22:15:02,16:24:37,Bulgaria,46:b6:80:74:ad:19,2021-06-28,743,"$4,646.99",my,St. Gallen,CH
email-88.gfeller.com,Romanian,1975-09-15 08:55:38,17:55:47,Albania,15:80:19:31:48:ab,1983-05-31,4,"$9,355.64",nr,Sitten,CH
lt-42.ruegg.net,Portuguese,1990-04-23 04:27:55,03:10:28,El Salvador,96:35:c8:53:c5:42,1991-02-02,8495689,$8.86,de,Zürich,CH
email-47.mayer.com,Panjabi,1971-06-29 14:47:32,19:41:22,Honduras,68:d0:3c:d1:17:27,2013-12-26,344290671,"$4,648.66",sl,Val-de-Ruz,CH
db-37.wyss.biz,Kannada,2015-02-06 18:12:02,14:18:27,Oman,6f:25:9c:e2:3d:be,1970-05-17,712052337,"$3,238.08",brx,Pully,CH
desktop-31.marti.com,Gaelic,1980-09-14 18:47:16,20:13:06,United Kingdom,c7:2b:2d:c4:03:ec,1989-03-14,510,$0.75,pap,Wohlen,CH
srv-89.benz-leunberger.com,South Ndebele,2016-09-20 07:46:25,15:59:38,Chile,6f:18:9d:70:17:2e,2000-11-05,7,$85.26,hsb,Nyon,CH
db-21.schuler-giger.net,Fulah,1970-11-05 18:54:57,08:07:29,Liechtenstein,f0:49:3f:67:de:2d,1981-08-14,1,$390.48,cs,Genf,CH
desktop-57.forster.com,Spanish,2020-12-30 19:30:07,06:27:22,New Zealand,05:c5:7b:18:d4:00,2019-10-02,63453826,$51.23,lzh,Risch,CH
desktop-39.zurcher.com,Greek,1976-11-24 13:11:40,21:02:10,Papua New Guinea,a8:7f:b6:c9:4b:0f,1975-11-29,2,$635.06,szl,Basel,CH
db-16.geiger-frei.com,Zulu,2003-06-15 11:37:52,00:17:46,Israel,3e:30:bc:fb:e6:7c,2012-03-13,811,$483.84,gv,Wil,CH
lt-56.stadelmann.com,Tsonga,2019-06-27 06:21:06,17:51:35,Finland,72:7a:87:d8:72:06,1975-03-23,59,$37.10,ak,Muttenz,CH
db-90.gut.com,Latin,1980-04-02 12:53:40,00:52:15,Vietnam,35:ab:58:73:20:ea,2020-08-24,959,"$42,718.17",aa,Zürich,CH
laptop-66.isler.com,Avaric,2021-08-25 07:25:11,12:43:58,Tanzania,e3:89:d2:e7:ca:fc,1973-01-22,3691,$35.75,wo,Buchs,CH
laptop-84.bianchi.net,Ido,1986-09-02 04:49:21,02:33:58,Vanuatu,2e:49:bd:3d:a6:ed,1984-10-03,96,"$5,159.26",the,Bernex,CH
web-01.siegrist.com,Korean,1975-11-29 14:54:20,08:51:24,Turkey,59:bc:29:4a:1d:34,2009-09-27,62372259,$2.60,cmn,Binningen,CH
laptop-25.bauer.com,Twi,1977-09-24 19:17:45,20:19:23,Democratic Republic of the Congo,45:ed:89:cc:02:d9,1997-05-28,1619878,$66.02,ky,Siders,CH
laptop-28.kessler.com,Luxembourgish,2005-06-08 06:18:41,00:13:39,Trinidad and Tobago,3c:ca:c1:10:63:a9,1975-07-23,744,$4.70,it,Langenthal,CH
email-79.zollinger.com,Kanuri,1980-09-30 05:03:44,01:30:42,Saudi Arabia,0c:5d:df:0f:61:12,1997-06-23,7020,$3.61,mn,Buchs,CH
email-90.frei-favre.com,Assamese,1998-06-13 14:01:06,22:07:25,Moldova,c7:f7:2d:07:f2:f5,2015-07-22,5,"$9,100.99",lij,Le Grand-Saconnex,CH
lt-21.merz.biz,Greek,2007-10-18 11:48:17,14:28:26,Benin,cd:27:fd:54:60:21,1984-07-24,61928782,$94.57,mk,Schwyz,CH
desktop-75.schweizer.com,Bislama,2000-06-01 13:09:09,01:52:39,Germany,79:9b:64:e2:0d:6c,1970-11-23,23,"$4,363.91",kl,Thônex,CH
srv-35.beck.com,Luba-Katanga,1985-08-17 04:24:33,05:37:49,South Africa,80:0f:7f:fb:47:ad,1994-08-05,874014888,$7.17,or,Birsfelden,CH
srv-65.frei-bachmann.net,Navajo,1983-06-13 00:00:24,12:20:47,Senegal,f8:15:34:cb:df:3d,1973-01-28,1,"$69,408.06",tl,Ecublens,CH
desktop-81.geiger-frei.com,Interlingua,2001-01-11 12:39:40,11:37:49,Saint Kitts and Nevis,94:7e:6e:d8:b9:34,2005-07-02,24979,$1.54,wa,Genf,CH
desktop-46.meyer.com,Navajo,1995-08-14 08:47:41,12:13:53,Samoa,b4:27:20:3d:7e:85,1991-08-06,415087031,"$3,503.82",brx,Oftringen,CH
srv-69.brun.com,Hiri Motu,1970-10-29 03:25:06,13:12:13,Vietnam,2f:b0:96:80:1b:c2,2020-04-30,8,$2.51,lg,Buchs,CH
srv-16.maurer-peter.com,Xhosa,2010-12-21 01:56:43,23:47:19,Uganda,d7:47:89:be:a1:f0,1972-11-27,67750,$62.00,ru,Binningen,CH
email-46.hurlimann.com,Sanskrit,1995-01-03 11:24:02,15:49:38,Haiti,82:30:c3:44:84:78,2001-07-31,265215449,"$38,256.21",kw,Affoltern,CH
srv-00.steinmann.net,Lingala,1996-07-09 02:51:56,06:51:14,Benin,f7:e1:21:49:d3:94,2011-11-26,430111701,$82.21,ku,Payerne,CH
db-09.scheidegger-hurlimann.com,Swedish,1996-04-04 20:17:59,07:48:44,Iceland,09:02:ab:86:54:40,1989-11-07,95659,$15.05,cy,Plan-les-Ouates,CH
db-99.meier.info,Zhuang,1972-07-04 04:45:05,06:47:08,Estonia,cd:00:eb:db:ed:1e,2006-09-10,58,"$11,718.15",tn,Chur,CH
email-41.lutz-schmid.com,Kikuyu,1983-03-18 13:36:19,03:55:11,Indonesia,9a:fc:11:e3:ac:12,1971-01-23,520712,$514.01,be,Küsnacht,CH
email-30.stockli.net,Interlingue,2017-05-02 03:24:02,10:52:47,Niger,21:51:b4:64:b3:82,1988-02-29,5,$5.80,ik,Regensdorf,CH
web-77.schar-favre.org,Komi,1975-02-15 15:06:18,20:52:46,Kuwait,d2:de:63:73:dd:71,2005-04-30,959264,$607.01,cs,Brugg,CH
laptop-00.graf.com,Sanskrit,1978-03-17 18:36:19,22:49:32,Bangladesh,6b:77:aa:28:a1:bb,1999-06-22,57795,"$33,719.77",eo,Wädenswil,CH
lt-16.favre-sigrist.com,Telugu,1970-05-31 00:51:38,11:20:10,Italy,fe:33:cf:c4:e5:8f,2016-12-28,87,"$2,999.41",cs,Münsingen,CH
web-57.hafliger.com,Aragonese,1997-12-15 08:46:40,15:29:02,Equatorial Guinea,d2:87:7e:d6:94:63,1999-11-22,776561708,"$30,939.05",yue,Wädenswil,CH
srv-18.walter.com,Occitan,1985-05-11 19:26:54,12:59:07,Democratic Republic of the Congo,1d:00:15:ad:4e:3b,1991-08-09,9,$73.06,doi,Romanshorn,CH
laptop-48.gross.com,Kuanyama,2000-02-20 13:54:36,13:56:35,Madagascar,8c:8f:78:b4:78:54,2008-07-30,496653035,$96.03,kw,Affoltern,CH
db-49.bolliger.com,Chuvash,1971-12-17 22:34:16,19:06:35,Poland,e7:8b:87:e4:a4:b7,1975-08-13,72116,"$67,749.12",kn,Buchs,CH
srv-37.wagner.net,Sanskrit,2008-01-18 16:56:08,04:27:22,Serbia,c1:ac:9f:2f:67:0f,1985-02-03,70470,$5.32,doi,Lutry,CH
desktop-38.hafliger-hoffmann.com,Kinyarwanda,2007-08-08 17:38:00,19:31:22,Niger,b2:a8:ef:da:42:60,1977-04-22,29522,"$84,738.95",nr,Küssnacht,CH
laptop-22.zehnder.info,Luba-Katanga,2001-01-23 20:42:43,06:16:30,Botswana,b6:5a:01:ae:5a:88,2015-04-02,990868919,$0.97,iu,Prilly,CH
srv-21.steiger.info,Luxembourgish,2020-07-09 01:30:23,05:47:14,Canada,41:a5:fa:e5:6a:a5,1970-12-16,4,$56.79,kk,Worb,CH
web-89.zehnder-ziegler.org,Tamil,2009-10-12 02:48:25,11:14:29,East Timor,ed:c5:da:e6:eb:7f,2015-01-05,445,$1.69,sid,Luzern,CH
srv-95.martin.com,Lao,1976-06-25 22:49:15,13:14:57,Niger,ec:78:aa:1c:60:d5,1995-05-03,9,"$46,661.99",mni,Münsingen,CH
web-41.stutz-wegmann.com,Assamese,1976-10-28 15:18:20,03:52:37,Cameroon,06:a5:e1:cb:53:d0,1971-02-26,6,"$97,725.06",ka,Mendrisio,CH
lt-60.schaller-schaller.com,Sinhala,1978-10-11 21:17:19,01:38:43,Turkmenistan,2e:ea:d0:de:42:59,2014-03-21,2141,$7.71,mai,Zug,CH
lt-33.scheidegger-lutz.biz,Oriya,1992-08-27 08:42:36,02:04:30,Portugal,35:32:98:b5:c7:7d,1985-12-14,69,"$79,236.76",ig,Bellinzona,CH
desktop-01.kaser-gerber.com,Sardinian,1978-06-24 08:44:16,07:00:18,Iran,20:e5:92:b3:21:6a,1972-06-05,545216,"$8,807.44",gv,Volketswil,CH
db-33.aebi.biz,Nepali,1987-03-30 11:06:58,15:57:21,Eritrea,28:2d:39:15:a7:bb,2005-01-01,590746072,$924.56,lij,Wald,CH
db-81.bader.com,Yiddish,2001-10-02 00:50:39,21:56:13,Canada,a1:2a:be:9e:47:78,1988-02-09,965788467,$23.00,crh,Romanshorn,CH
db-20.buhlmann.com,Kannada,2016-09-21 08:37:42,22:50:25,Germany,c4:6e:53:54:66:d0,1970-02-04,28,"$94,923.71",nn,Sarnen,CH
email-25.wettstein.net,Kashmiri,1988-08-26 01:15:32,22:09:10,Palestine,da:65:4d:c4:db:39,1988-04-19,8,"$6,214.27",cs,Risch,CH
laptop-32.fluckiger-hunziker.org,Malay,1978-05-11 05:40:09,22:27:25,Equatorial Guinea,b2:f6:82:44:90:6f,1971-08-22,4652273,"$9,099.72",tg,Basel,CH
web-33.steffen-kagi.com,Lithuanian,1975-11-05 07:42:57,23:54:20,Colombia,5f:70:50:31:9d:77,2018-04-26,68381753,$3.11,mk,Dübendorf,CH
desktop-25.lutz.com,Nauru,2005-03-29 13:57:58,23:05:52,Brunei Darussalam,aa:77:fe:8c:dd:05,2007-01-05,550435,$14.06,tk,Schwyz,CH
db-05.hunziker-bachmann.com,Tonga,2005-12-16 18:59:46,07:52:54,Morocco,ec:a9:2b:13:33:00,1981-05-03,731,$39.45,brx,Allschwil,CH
laptop-76.lanz.biz,Burmese,1985-05-10 02:05:22,10:21:52,Portugal,8b:e4:30:12:1d:c5,1982-09-25,3,"$8,597.27",gez,Muri,CH
db-16.naf.com,Venda,1984-01-19 01:35:16,03:26:55,Angola,7a:d7:6f:1c:21:5e,1985-02-24,754,$44.47,hi,Thônex,CH
laptop-72.suter-hess.com,Chinese,1999-07-08 07:09:35,19:11:22,Tunisia,7c:af:1b:b7:ff:a3,1995-08-15,3,$6.20,raj,Affoltern,CH
laptop-34.furrer.biz,Luba-Katanga,1983-12-14 13:41:45,04:05:31,Nigeria,5b:91:e9:50:97:9f,2015-11-21,1592104,$0.65,bem,Chêne-Bougeries,CH
lt-74.ziegler-fehr.org,Romansh,1986-01-01 18:03:33,05:10:32,Tunisia,b0:8d:a2:7b:8b:2f,2017-12-08,31,$42.62,hak,Onex,CH
srv-02.schenk.com,Tajik,2023-02-26 00:23:52,22:40:50,Slovenia,78:7e:57:e1:6c:bc,1990-12-16,39286128,$97.87,mr,Baden,CH
laptop-24.frei-merz.com,Zhuang,1993-02-23 05:35:17,08:12:35,El Salvador,5c:4e:5c:f4:e7:f1,2004-07-14,19401243,"$6,815.11",sk,Bassersdorf,CH
email-42.leunberger-haas.net,German,1992-09-08 01:30:50,17:22:40,Saint Vincent and the Grenadines,5b:14:11:f8:d5:48,2008-07-04,62014,$30.41,tl,Schwyz,CH
desktop-74.baumgartner.com,Nepali,1987-09-30 14:39:39,07:04:26,Italy,bb:13:4d:7b:58:6f,1981-10-12,11,$0.12,nb,Herisau,CH
lt-54.schenk-staub.org,Bengali,1971-06-16 01:05:31,17:47:03,Nigeria,fa:bc:2b:61:fe:1c,1987-07-01,12,"$1,900.42",ik,Basel,CH
srv-16.eugster.com,Irish,1999-10-21 02:36:51,12:38:41,Senegal,94:de:70:1a:c8:e4,1976-09-06,6,"$53,218.28",or,Renens,CH
email-20.frey-wyss.com,Aymara,2015-02-12 01:24:34,19:17:22,Uzbekistan,e5:a8:ca:c1:ab:ff,1998-04-30,91,$0.30,tcy,Reinach,CH
email-28.gerber-isler.org,Macedonian,1975-09-23 02:14:15,21:09:15,Senegal,51:9a:0c:54:97:de,2022-11-19,2,$947.79,ur,Schaffhausen,CH
desktop-92.fuchs-zollinger.com,German,2021-07-18 02:48:23,06:22:46,Guinea-Bissau,08:15:63:4a:8c:bf,1995-11-20,82948607,$30.51,de,Richterswil,CH
srv-73.sutter-leunberger.com,Telugu,2020-06-22 08:36:24,11:28:47,Czech Republic,b6:05:7d:ce:5c:3a,2015-01-12,8127611,"$30,928.60",ro,Kriens,CH
lt-11.luscher.net,German,2005-10-30 15:04:18,15:00:54,Turkey,1b:c2:0e:16:71:7f,2001-12-15,47268569,"$6,715.23",ig,Brugg,CH
lt-40.fluckiger-kalin.com,Azerbaijani,1977-11-06 00:02:06,11:05:41,Lesotho,2e:b5:55:26:d9:d9,2019-08-02,27427,$42.86,de,Wädenswil,CH
lt-94.martin.com,Telugu,2015-07-16 12:17:58,23:45:07,Chad,d8:f0:17:11:42:b5,1974-11-28,61,"$55,579.63",niu,Plan-les-Ouates,CH
srv-47.brun-zbinden.com,Swahili,1976-07-11 21:16:46,11:00:42,South Korea,af:cf:70:90:64:99,2022-07-29,641,$952.79,uz,Plan-les-Ouates,CH
laptop-44.schaller.org,Occitan,1986-03-10 03:48:46,04:50:12,Czech Republic,66:a5:33:e5:a4:37,1997-08-04,34654400,"$60,338.53",doi,Schlieren,CH
web-86.bar-wirz.com,Norwegian,1972-02-14 09:00:38,04:22:51,Bosnia and Herzegovina,f3:7a:c2:ae:0a:46,1993-02-12,298667578,$5.94,lg,Thalwil,CH
web-84.gerber.net,Finnish,1990-03-16 03:36:26,19:49:11,Comoros,78:cd:2b:b3:18:f0,1992-02-27,97554399,"$1,134.24",el,Frauenfeld,CH
laptop-93.wirth.com,Sango,2014-05-16 21:46:18,15:06:21,Thailand,e1:51:0f:b0:13:dc,2007-02-10,6,$305.74,kl,Mendrisio,CH
email-38.arnold.info,Amharic,1995-03-06 04:06:43,12:38:18,Nepal,b3:93:7e:9c:13:32,1980-07-07,709257774,"$51,198.96",lb,Val-de-Travers,CH
db-20.senn-schwab.org,Kuanyama,2016-06-25 05:40:32,01:48:47,Malawi,d9:45:9f:cb:df:6e,1987-07-11,81,$19.51,th,Wettingen,CH
db-54.seiler-kalin.com,Catalan,1976-10-25 18:21:30,02:23:39,People's Republic of China,ae:5b:a9:14:16:2c,1981-04-12,17569,$0.95,vi,Gossau,CH
srv-98.gerber-winkler.com,Tsonga,1982-02-21 00:35:11,06:40:35,Costa Rica,8e:cc:72:3d:2a:db,1981-01-21,12850,"$13,756.48",pa,Münchenstein,CH
db-00.bernasconi.com,Sinhala,2002-06-26 04:06:45,16:45:39,Costa Rica,a0:8b:ec:93:9a:ee,2013-07-08,8788,$977.87,mt,Ecublens,CH
db-16.naf.com,Kongo,1989-05-08 00:28:50,15:44:59,Argentina,c0:74:bd:63:63:f3,2011-02-03,39,$70.62,ha,Schwyz,CH
lt-61.egger-schar.com,Igbo,2003-12-28 06:22:37,17:16:58,Fiji,50:82:56:46:f9:77,2008-03-24,57072523,"$5,374.06",az,Meyrin,CH
laptop-15.kaufmann.net,Croatian,1971-08-24 00:21:36,03:25:03,Comoros,36:82:3c:06:a1:be,1986-04-16,57771735,$0.69,kn,Delsberg,CH
web-29.kern.com,Rundi,1985-07-11 01:18:42,18:57:41,Qatar,79:0d:6a:df:e9:64,1971-07-12,29337,$9.34,sw,Romanshorn,CH
laptop-18.widmer.com,Akan,1984-10-26 06:58:12,02:29:32,Belarus,1b:4a:7a:5f:f1:0e,1993-10-06,510,"$82,628.42",nan,Glarus,CH
desktop-26.stadelmann.net,Latin,2004-07-04 06:54:41,01:10:14,Somalia,2f:b5:b6:11:97:e5,1982-11-28,4123328,"$1,551.60",ti,Pratteln,CH
desktop-98.kagi-brun.org,Tahitian,1972-01-13 23:29:42,10:48:29,Rwanda,92:20:13:bd:18:db,2015-03-27,370,$85.46,ce,Aarau,CH
srv-95.schenk.com,Cornish,2019-01-19 22:53:46,21:39:44,Croatia,5a:48:ff:70:52:2d,2012-05-09,86423,$57.66,bo,Glarus,CH
lt-62.bucher-schmid.com,Aymara,1992-02-09 13:48:25,10:50:14,Italy,5c:2c:1a:b7:a0:3b,1988-08-12,87,$0.03,ur,Yverdon-les-Bains,CH
desktop-50.wolf.biz,Bislama,2003-01-20 12:47:00,19:31:12,SÃ£o TomÃ© and PrÃ­ncipe,8f:b6:63:1c:cc:b8,2010-05-12,9600,"$3,383.52",sa,Worb,CH
laptop-04.hug.com,Dzongkha,2016-04-16 04:31:06,06:18:45,Morocco,3f:bb:33:f5:64:f8,1977-09-08,3,$70.20,ha,Aigle,CH
db-00.gross.com,Italian,2018-04-06 23:00:58,17:03:10,Tuvalu,43:74:61:81:47:6b,1971-12-05,18,$56.75,tt,Freiburg,CH
laptop-16.isler.com,Samoan,1975-04-01 10:21:48,22:35:53,Philippines,58:3d:f2:58:c9:91,1982-04-02,60,$3.30,ro,Monthey,CH
email-65.arnold.com,Dutch,1987-01-03 22:59:05,15:42:58,Malaysia,0c:35:d0:6e:9a:1b,2007-08-02,82065861,"$2,314.68",af,Münchenbuchsee,CH
email-98.fuchs.com,Fulah,2008-03-27 09:05:12,07:32:17,Barbados,d3:97:0d:41:0f:43,1981-08-11,603625455,$65.43,kok,Flawil,CH
laptop-51.mader.com,Twi,2016-12-19 19:23:55,22:50:40,Saint Kitts and Nevis,97:a5:dc:e3:78:38,2005-12-11,1795128,"$6,075.74",os,Grenchen,CH
desktop-85.betschart-wirth.com,Kongo,2008-08-25 19:54:38,09:10:13,United Arab Emirates,da:ca:29:d3:56:46,2005-02-07,2,$716.47,wa,Dübendorf,CH
laptop-44.weber.biz,Sardinian,2022-12-20 02:38:21,16:04:14,Nepal,11:17:8c:4b:74:f6,1987-07-09,2356556,$50.80,pt,Gossau,CH
srv-98.stutz.com,Lingala,1999-07-04 03:14:03,02:01:00,Czech Republic,02:ba:2c:0c:c0:d1,1977-10-24,61338,"$8,059.81",lt,Wohlen,CH
db-58.hofer.com,Marathi,1978-04-09 14:14:02,03:13:27,Iraq,dc:32:50:7c:7c:cd,1993-08-12,86,$127.31,te,Spreitenbach,CH
web-00.fehr.net,Ganda,2020-10-13 01:51:01,19:45:35,Namibia,ba:a4:91:70:40:04,1990-05-13,723463,$2.20,mni,Rüti,CH
web-50.amrein-roth.com,Avaric,1981-12-06 08:09:55,11:15:37,Kyrgyzstan,c5:94:bd:fe:d7:0e,1976-08-12,308629,"$87,930.37",he,Belp,CH
db-02.schuler.com,Maori,1988-05-10 21:26:10,22:49:43,Australia,2b:93:37:21:49:f7,2022-01-08,25,$5.65,or,Bellinzona,CH
laptop-92.scherrer.com,Tswana,2017-08-02 17:24:02,14:25:43,Pakistan,32:0a:ec:9c:dd:db,1976-05-10,370155,$3.73,gu,Oberwil,CH
srv-97.marti-grob.info,Turkmen,1981-08-10 00:10:57,05:29:56,Syria,72:31:8b:6b:0e:5b,1986-08-15,8577666,$2.50,lg,Solothurn,CH
desktop-70.hofmann.net,Tonga,1976-02-20 15:40:13,09:27:56,Slovakia,7e:8c:38:d5:46:59,2003-01-23,67,"$94,509.04",nhn,Naters,CH
lt-38.meyer-thommen.net,Sanskrit,2018-04-07 14:13:40,04:25:15,Fiji,9c:9e:01:6b:b3:1e,1978-08-21,6846076,$5.80,pa,Dübendorf,CH
lt-01.frei.com,Interlingue,2004-05-12 06:34:13,17:54:54,France,54:d4:61:e4:3a:24,1973-08-21,39,$20.17,hy,Baar,CH
email-37.rey.com,Panjabi,1973-05-05 22:40:00,06:15:03,Russia,8d:98:96:3c:5c:8c,2001-03-07,543533881,$7.44,te,Flawil,CH
web-44.schwab.biz,Burmese,1973-07-29 08:36:19,16:20:08,Cape Verde,5f:33:9b:a1:6f:7a,1994-05-02,616,$72.32,nds,Crans-Montana,CH
srv-64.schaub.com,Swedish,1984-06-02 07:21:15,05:18:38,Bhutan,c2:0c:4e:4a:c8:49,1982-12-13,65,$8.96,sr,Bern,CH
db-81.marti.com,Inupiaq,2011-08-17 03:53:38,14:22:10,Brazil,ff:63:c1:55:e7:2e,1982-02-13,812,$28.60,lt,Delsberg,CH
laptop-68.mader.com,Slovak,1972-01-02 03:02:48,09:01:40,Brazil,47:06:dd:46:82:e5,2010-10-28,3364,"$6,560.77",mg,Riehen,CH
db-34.kessler.com,Ewe,2011-09-13 10:20:58,16:47:34,Finland,58:3b:26:91:33:7e,2001-11-01,167519,$9.27,ks,Herisau,CH
email-87.kern-staub.biz,Azerbaijani,1989-08-20 21:57:44,14:46:54,Cuba,46:1e:e5:ae:f7:69,2015-01-20,673194,$938.92,sat,Maur,CH
lt-70.bianchi.net,Serbian,2022-09-23 02:10:43,02:11:30,Belgium,b5:fe:d9:21:52:32,1980-06-20,13417,$3.92,sid,Suhr,CH
desktop-55.hermann-fluckiger.info,Marathi,1982-09-10 23:36:50,22:06:56,North Macedonia,7e:a1:00:78:97:19,1988-03-18,232897,$9.23,eo,Möhlin,CH
lt-49.keller.com,Kinyarwanda,1989-08-02 14:14:27,02:36:08,India,e1:50:2f:13:9b:a7,1993-11-13,66922739,$32.78,km,Siders,CH
laptop-65.blum.com,Hindi,1973-08-07 14:35:10,04:12:05,Germany,ef:ab:a8:87:f8:89,1990-12-17,23,$3.60,zh,Pratteln,CH
web-67.thommen.com,Gujarati,2016-11-30 22:18:56,17:30:32,Belize,a4:70:18:f7:9c:3c,2019-02-01,5,"$40,070.95",tg,Thalwil,CH
lt-65.widmer.biz,Navajo,2008-11-13 23:56:10,02:53:29,Ecuador,90:2f:38:6b:b6:24,2018-11-23,425690,$296.40,bn,Rüti,CH
desktop-29.kuhn-felber.org,Assamese,1987-10-28 13:05:08,21:29:24,Libya,ca:82:55:a0:4d:eb,1982-08-10,56110066,$741.24,the,Illnau-Effretikon,CH
web-85.kaiser.biz,Javanese,1999-12-16 06:06:55,17:02:56,Slovakia,83:5c:a9:23:66:bb,1993-12-29,92,"$37,485.15",or,Meyrin,CH
srv-65.luthi.org,Icelandic,1976-04-04 11:54:31,07:18:29,Mali,e1:f0:5e:8b:fc:b1,1970-06-18,4,$104.79,lv,Oberwil,CH
desktop-01.steinmann.com,Cree,2015-02-03 12:35:59,07:19:07,Saint Lucia,28:98:a1:67:a4:bd,1980-03-05,302685367,$42.35,brx,Dübendorf,CH
web-67.schoch.com,Estonian,1973-02-23 15:09:28,21:00:03,Iran,f3:ca:02:b6:d3:ad,1999-12-05,26,"$12,473.41",an,Horw,CH
web-74.keller.com,Sanskrit,1998-03-11 17:15:38,12:02:57,Democratic Republic of the Congo,d1:ad:5f:93:0d:6e,1987-06-28,691430314,$146.72,iu,Delsberg,CH
web-36.wirth.com,Sinhala,2013-06-27 11:45:44,08:31:03,Cape Verde,fb:61:87:f6:8e:1d,1976-11-07,62607,"$28,161.65",ta,Frauenfeld,CH
web-09.bernasconi.info,Hausa,2003-11-12 18:18:12,13:16:28,Kuwait,b6:06:d1:4c:75:9c,2021-10-28,68477,"$6,254.94",nr,Risch,CH
srv-51.aebi-kuhn.com,Afrikaans,2010-06-29 17:25:06,09:11:53,Republic of the Congo,0a:89:8a:5c:d8:79,2007-09-13,180,$625.71,gv,Glarus,CH
