iso8601,hostname,date,longitude,country,company,language_code,time,timezone,city,random_number
2003-06-09T01:11:30,web-65.atzler.de,1971-07-21,127.910997,Französisch-Guayana,Segebahn auch Schlauchin AG,ur,10:06:05,Asia/Kabul,Herzberg,653
2008-10-10T16:25:58,srv-78.heinrich.de,2002-06-29,-157.117238,El Salvador,Stiebitz GbR,es,17:45:48,Asia/Qyzylorda,Naila,844441
2004-03-13T10:35:36,desktop-40.hauffer.com,2003-10-23,-113.124711,Montserrat,Graf,uk,22:56:40,Atlantic/Reykjavik,Neuss,15
2007-08-22T23:43:21,srv-31.schueler.de,2023-01-29,-129.207354,Frankreich,Mohaupt,sd,22:52:43,Asia/Rangoon,Gardelegen,8604796
2013-06-28T17:23:26,lt-93.hamann.com,1984-02-25,-162.077000,Kiribati,Söding,so,19:10:43,Pacific/Nauru,Eutin,11150423
1980-02-21T05:27:37,lt-66.muehle.net,2017-04-22,-33.015391,Alandinseln,Schleich,ar,22:34:37,America/Costa_Rica,Eisleben,615797732
1981-07-29T12:43:44,lt-33.stoll.com,1973-11-21,-39.424908,Eritrea,Schmidt Wagner GmbH,bn,17:36:09,America/La_Paz,Eggenfelden,1830
2017-08-16T02:10:06,lt-39.wilms.de,1970-08-18,-90.700107,Tschad,Cichorius AG,et,21:37:30,Asia/Hebron,Vechta,137
2002-08-05T03:15:45,email-04.butte.org,2004-01-19,144.200922,Uruguay,Ernst Baum GmbH,as,09:26:26,Asia/Dushanbe,Sömmerda,29
2007-07-30T13:43:56,laptop-73.hauffer.com,1972-02-23,164.913680,Komoren,Hövel Rädel GmbH,aa,18:01:29,Europe/Riga,Wernigerode,629391
2008-07-01T14:05:28,laptop-15.schacht.de,1984-02-20,-105.959205,Mayotte,Schönland OHG mbH,quz,17:09:47,Africa/Abidjan,Bad Kissingen,45338
2009-11-14T00:11:37,srv-04.hofmann.de,1997-05-26,176.757592,Mali,Tintzmann Ring GbR,wae,10:53:30,Pacific/Guadalcanal,Gardelegen,827963308
1984-05-27T11:13:02,srv-49.austermuehle.de,1979-08-03,-54.895701,Gambia,Hande,hsb,19:09:29,Africa/Lome,Beeskow,5
2017-10-26T12:09:16,desktop-15.mosemann.com,1977-11-08,109.832636,Tschad,Schaaf Holsten KG,ia,12:19:14,Asia/Yerevan,Kronach,743564
2011-01-14T02:16:52,laptop-73.jopich.com,1992-08-29,72.576621,St. Pierre und Miquelon,Kobelt e.V.,tk,20:14:43,Africa/Tripoli,Hainichen,3574
2000-04-17T19:11:23,desktop-26.wohlgemut.de,1997-03-19,-117.074702,Suriname,Staude AG,id,16:08:48,America/Guatemala,Marktheidenfeld,3
2010-06-17T09:28:38,srv-14.pechel.de,1980-10-19,4.916571,Mosambik,Ullmann Schulz GmbH & Co. OHG,az,09:26:18,Africa/Cairo,Schlüchtern,27213
2010-12-06T19:13:07,email-26.hering.de,1992-11-28,35.619962,Republik Moldau,Henschel Pruschke GmbH,fr,06:50:29,Africa/Conakry,Kusel,8586685
2001-03-25T18:08:26,web-31.hess.net,1982-03-05,108.331417,St. Barthélemy,Knappe,sr,09:03:07,America/Dominica,Eberswalde,849
1977-12-21T04:35:37,laptop-51.becker.net,1990-04-07,-124.141482,Kuba,Löchel e.V.,el,16:14:33,Africa/Porto-Novo,Kamenz,1723
1991-12-23T08:55:54,db-16.binner.com,1974-06-18,0.258050,Kasachstan,Kranz,sv,04:34:03,Europe/Bucharest,Recklinghausen,70675072
2005-04-23T16:37:36,db-00.wiek.net,1979-03-03,-60.084185,Spanien,Scheuermann Roht GmbH & Co. KG,sq,11:39:54,Europe/Paris,Greifswald,2
1976-07-23T14:11:23,db-93.karge.com,1984-12-08,-169.773894,St. Vincent und die Grenadinen,Girschner,apn,04:38:44,Asia/Gaza,Lübz,65
2018-11-04T00:29:08,db-26.ziegert.com,1997-04-11,119.324625,Liberia,Niemeier,cy,13:01:58,Europe/Tallinn,Grevenbroich,19327
1996-05-14T13:06:46,lt-13.hoevel.com,1974-03-20,-7.151236,Belize,Heß Trapp AG & Co. KG,kn,14:16:19,Pacific/Funafuti,Wolfach,34939
1982-02-21T14:20:15,web-55.ziegert.com,2022-03-18,-45.752660,Republik Korea,Gierschner GmbH & Co. KGaA,mk,01:36:53,Asia/Karachi,Kassel,977
1997-12-06T21:47:48,email-16.bender.de,2012-08-12,162.343801,Kokosinseln,Budig Schinke KG,zh,00:22:17,Asia/Aden,Freital,14462888
2000-08-30T02:11:42,web-30.kaester.de,1972-05-28,-144.036564,Sri Lanka,Metz,de,14:47:27,Europe/Amsterdam,Roding,18
1980-11-28T22:33:14,web-74.taesche.com,1994-04-08,-9.009261,Mauretanien,Jopich KG,sq,11:59:49,Africa/Libreville,Uffenheim,1
1975-03-26T03:47:21,web-31.radisch.org,1975-11-29,117.000082,Andorra,Köster GbR,lo,15:25:39,Europe/Copenhagen,Feuchtwangen,495706
2000-06-27T16:57:14,email-65.ritter.org,1970-08-23,-117.025967,Britische Jungferninseln,Hermann GmbH,ik,22:03:37,Africa/Banjul,Brand,990
2015-06-17T06:04:17,srv-19.sauer.net,1981-01-21,-167.642489,Afghanistan,Bruder,unm,07:44:53,Asia/Tehran,Weißwasser,893658
1998-10-06T20:01:29,email-60.geisel.de,1999-01-23,44.079917,Niederlande,Seip AG,hsb,03:02:40,America/Grenada,Lüneburg,687316200
2004-09-10T14:33:15,lt-17.ziegert.de,2015-04-21,164.994438,Anguilla,Hering Tlustek AG,nso,07:54:52,Europe/Dublin,Dinslaken,5539779
1993-03-29T13:35:28,laptop-28.wagner.de,1973-04-06,15.519133,Kroatien,Mülichen AG,uz,15:32:43,America/Argentina/Buenos_Aires,Brandenburg,951477
2006-07-20T17:10:50,desktop-74.pergande.de,2017-03-24,-164.410191,Turkmenistan,Neuschäfer Pölitz AG & Co. OHG,te,08:07:58,Africa/Bangui,Hamburg,72611343
2006-03-09T10:48:52,laptop-09.muelichen.de,1978-12-16,109.682609,Angola,Holt GmbH,sid,09:49:54,Asia/Seoul,Lüdinghausen,613
2007-02-23T13:30:29,laptop-73.geissler.com,1993-05-12,-1.215517,Portugal,Löffler Drub AG,mk,21:34:38,Asia/Seoul,Bayreuth,143
2008-01-08T13:48:51,web-61.maelzer.net,2022-12-25,40.873493,Benin,Schaaf Hermighausen OHG mbH,gv,22:10:41,Indian/Mauritius,Strausberg,715989
1982-07-22T02:04:32,web-51.johann.de,1974-03-08,-65.378400,Sri Lanka,Liebelt,fil,13:48:10,Europe/Brussels,Stade,871945440
2007-06-17T22:37:54,desktop-32.junk.de,2005-11-11,58.247928,Vietnam,Heidrich,cv,04:28:27,Europe/Chisinau,Euskirchen,326
2012-11-25T18:35:37,email-13.metz.com,1976-09-06,-1.386799,Monaco,Schottin,km,21:45:16,Africa/Maseru,Leipziger Land,62761524
1983-01-06T00:38:46,email-51.stadelmann.net,1973-02-28,-59.775994,Frankreich,Gude Scholtz KG,ms,15:46:04,Africa/Brazzaville,Neustadtner Waldnaab,6542
1995-07-29T01:32:52,web-02.christoph.com,1983-05-26,151.039314,Weihnachtsinsel,Kramer Schmidt AG,pa,16:51:29,Africa/Tunis,Göppingen,519
1981-06-14T14:05:02,laptop-28.seidel.com,1970-12-27,35.156040,Lesotho,Krebs e.G.,ber,08:09:21,Asia/Gaza,Iserlohn,662980
2015-05-19T03:09:03,lt-75.koester.org,1984-09-09,-24.923565,Israel,Karz,bhb,22:42:15,Africa/Addis_Ababa,Nürtingen,12005396
2006-07-26T15:07:12,db-54.loeffler.com,2009-10-03,132.816563,Jersey,Matthäi,or,03:24:32,Asia/Hovd,Sangerhausen,68
2017-12-25T20:14:30,lt-71.sontag.com,2003-03-24,-12.966005,Ägypten,Klemm,ti,02:34:40,Pacific/Tongatapu,Lemgo,542529437
2013-07-01T09:49:53,laptop-15.putz.org,1982-01-14,85.640126,Kasachstan,Bruder,ml,14:21:22,Africa/Bujumbura,Eberswalde,102889125
2004-12-03T10:54:59,db-37.wilms.com,1974-04-06,-145.278443,Republik Moldau,Ladeck Meyer AG & Co. KGaA,kw,19:49:50,Africa/Kigali,Lörrach,7052
2022-05-09T09:33:13,email-49.huebel.org,2022-08-13,26.460418,Kuba,Förster,lv,19:57:47,Europe/San_Marino,Oschatz,901078
1993-02-18T15:43:42,srv-59.junken.com,2018-10-30,-140.809532,Nördliche Marianen,Mans Hartung OHG mbH,fy,18:49:46,Asia/Colombo,Cuxhaven,917026473
2018-05-18T16:37:23,db-32.seifert.com,1995-08-04,34.564198,Sierra Leone,Rosenow GmbH,ht,09:16:20,Europe/Tirane,Finsterwalde,785459
2002-02-19T19:17:41,lt-90.loeffler.de,1997-06-12,-150.665142,Brasilien,Hentschel Stiftung & Co. KGaA,lzh,03:42:54,Asia/Kuwait,Weißenfels,6864
1993-11-15T11:06:38,desktop-40.segebahn.com,1977-10-14,-114.656863,Neuseeland,Mühle,fi,10:23:30,Europe/Podgorica,Gifhorn,7069
2010-08-17T08:18:26,desktop-75.jessel.de,1977-12-25,-23.916929,Demokratische Volksrepublik Korea,Neuschäfer,mn,23:43:43,Africa/Sao_Tome,Sonneberg,1192048
1984-10-07T13:22:53,email-10.juettner.com,1997-08-21,-47.705074,São Tomé und Príncipe,Carsten,nds,15:33:39,Pacific/Apia,Hannoversch Münden,239520
2010-06-21T16:59:04,laptop-82.liebelt.com,2020-11-06,-156.520016,Serbien,Bohnbach,tk,10:27:22,Africa/Kigali,Vilsbiburg,9394
1980-05-03T05:59:17,desktop-18.fischer.de,2018-10-14,-29.681681,Benin,Wende Klotz AG & Co. KG,so,10:38:09,Europe/Tirane,Stendal,7112003
1982-01-14T17:00:10,email-65.weihmann.de,2001-02-04,-175.281169,Niger,Ernst,mt,06:41:34,Europe/Andorra,Geithain,418474370
2017-10-11T20:34:48,lt-54.tschentscher.de,2011-06-16,145.413513,Aserbaidschan,Bloch KG,bhb,08:58:20,Asia/Brunei,Saarlouis,6769
1986-01-28T19:37:08,laptop-07.hahn.com,1989-06-30,-50.443453,Salomonen,Patberg,ce,22:41:50,Africa/Addis_Ababa,Eggenfelden,354
1971-02-08T08:09:56,email-63.drub.com,2009-11-16,18.741733,Marokko,Löwer Loos e.G.,be,04:42:43,Africa/Asmera,Hagenow,3
1989-04-29T02:55:54,laptop-37.troest.com,2021-02-12,34.383308,Ukraine,Schaaf GmbH & Co. KGaA,br,10:59:24,Europe/Moscow,Vechta,88199307
1988-10-23T13:32:46,lt-11.etzler.org,1971-08-12,-83.398662,Nauru,Thies,mg,16:33:53,America/Atikokan,Gräfenhainichen,163109081
1992-01-04T13:17:30,lt-42.klotz.de,1980-06-11,-156.471705,Albanien,Ziegert,ps,21:51:05,Pacific/Easter,Zschopau,25
2016-03-05T11:52:19,srv-68.doehn.de,1992-10-17,-129.453583,Monaco,Pieper Bruder GmbH & Co. OHG,ta,16:09:31,Europe/Andorra,Wittstock,95
1970-09-26T09:03:37,web-11.hornig.de,1981-08-05,-64.372539,Aruba,Girschner GmbH & Co. KG,kl,19:20:26,Africa/Porto-Novo,Paderborn,133
2015-11-14T09:21:11,email-97.schwital.de,1991-08-22,-150.887431,Anguilla,Naser Ebert GmbH,ti,07:55:40,Asia/Jerusalem,Heiligenstadt,91
1987-02-22T05:03:39,web-44.scholtz.com,1976-12-24,-175.790802,Tokelau,Wilms GbR,vi,06:11:41,Asia/Tokyo,Duderstadt,4724270
1994-08-07T00:14:47,laptop-47.gotthard.com,1992-02-10,-128.450381,Italien,Junck Wagenknecht AG,xh,15:03:29,Asia/Taipei,Nürtingen,2342947
2017-03-04T00:55:45,db-95.stiffel.com,2013-10-21,-156.064937,Kongo,Käster Drewes e.V.,unm,11:56:49,Asia/Kabul,Weißenfels,24028920
2001-04-05T20:14:38,srv-60.peukert.com,2006-06-04,59.478519,Schweden,Jockel,ps,19:25:12,Asia/Aqtau,Sebnitz,285697334
2017-10-24T10:43:36,desktop-79.juettner.de,1995-09-09,-46.111966,Angola,Misicher AG & Co. KG,sd,08:37:23,Africa/Malabo,Waldmünchen,36288
2004-08-13T07:58:43,laptop-03.losekann.com,2011-06-30,-91.959494,Island,Biggen Lehmann KG,ku,12:58:36,Africa/Nouakchott,Aurich,921
1980-01-16T12:25:55,srv-65.fechner.de,2006-08-12,175.575147,Serbien und Montenegro,Hövel Mude GmbH & Co. KG,fo,05:05:39,Africa/Mogadishu,Hamburg,3811
2011-08-13T04:29:12,srv-21.mies.de,1997-11-07,-143.299805,Rumänien,Hövel,wo,06:42:19,Europe/Vienna,Uffenheim,345886826
1983-07-09T15:52:00,lt-88.heidrich.de,1994-02-23,147.761961,Puerto Rico,Etzler KG,mr,21:22:33,Africa/Luanda,Hünfeld,58647
1973-11-30T22:12:01,web-70.pruschke.org,2014-07-05,27.274365,Weihnachtsinsel,Ebert KG,ar,23:26:48,Africa/Ouagadougou,Hainichen,83170862
1985-01-20T08:41:42,laptop-38.kensy.de,1984-02-02,-169.297562,Nicaragua,Pruschke OHG mbH,pa,12:28:00,Pacific/Port_Moresby,Coburg,613
1984-12-10T18:37:56,laptop-65.juettner.org,2019-06-25,-10.448115,Nördliche Marianen,Gieß Drewes KG,ne,13:50:05,Asia/Nicosia,Brand,3003288
1980-05-31T18:29:02,laptop-21.bolander.com,1992-07-13,121.121750,Palästinensische Gebiete,Gieß,dz,01:29:46,Africa/Banjul,Nördlingen,710
2021-04-27T10:20:06,laptop-40.kade.org,1992-02-22,117.253227,Mauretanien,Thanel,hu,16:37:30,Pacific/Palau,Hannover,1627004
1989-12-26T22:46:15,srv-54.beer.com,2018-08-16,-150.448267,Niger,Rogner Aumann GmbH,sr,19:35:31,Pacific/Port_Moresby,Hannover,7721680
1979-07-20T19:50:53,desktop-19.naser.com,2004-04-22,-172.139797,Gibraltar,Renner,fa,16:01:57,Europe/Vaduz,Badoberan,23575301
1978-12-30T01:25:49,srv-29.radisch.de,2012-05-22,147.033820,Sudan,Gertz Beyer GbR,csb,22:24:55,Europe/Copenhagen,Miltenberg,1
1987-08-16T04:44:23,email-61.rosenow.de,2002-01-16,-151.940112,Brasilien,Ehlert GmbH,ht,12:46:54,America/Panama,Eisleben,90
2014-05-25T01:54:44,db-52.baum.com,2000-06-15,-84.471361,Äquatorialguinea,Schönland GmbH,ml,10:23:16,Africa/Khartoum,Brand,9106
1984-01-19T13:02:25,web-42.schottin.org,1982-02-05,-136.143070,Äquatorialguinea,Holt,ka,06:29:58,Asia/Nicosia,Dinkelsbühl,93502
1987-09-18T23:34:59,desktop-66.koester.net,1976-08-31,-8.646829,Oman,Tintzmann GbR,en,13:47:56,Asia/Nicosia,Garmisch-Partenkirchen,8438908
1994-07-21T02:18:59,desktop-20.eigenwillig.de,1975-12-06,10.204413,Burkina Faso,Ruppersberger Wieloch OHG mbH,gd,09:51:12,America/Montevideo,Querfurt,51
1975-07-25T03:13:03,srv-88.mans.com,1982-10-07,-143.937910,Australien,Mielcarek e.V.,tg,00:03:06,Africa/Kigali,Neustadt am Rübenberge,9262944
1987-11-01T02:48:50,email-92.seifert.com,2008-08-29,167.970000,Tschad,Seifert Mosemann AG & Co. KG,sl,05:45:28,Asia/Damascus,Osterburg,1581053
1978-05-06T05:36:52,web-30.stahr.de,2005-04-22,-135.340070,Ungarn,Höfig AG,bem,08:36:11,Asia/Omsk,Ansbach,603
1985-07-05T13:50:01,srv-19.conradi.com,1985-03-30,87.010695,Libanon,Drewes Benthin GmbH & Co. OHG,mk,09:15:06,Pacific/Auckland,Gerolzhofen,5136
1994-12-17T11:05:18,email-46.seip.com,2021-01-02,152.489086,Nauru,Sauer Klapp Stiftung & Co. KG,id,15:51:09,Asia/Muscat,Zerbst,98
2018-06-20T02:45:57,srv-74.rogge.de,1980-11-15,-77.244808,Dschibuti,Gute,brx,08:12:48,Asia/Tokyo,Coburg,477
1976-05-22T21:59:21,desktop-18.hering.de,1991-04-11,-14.935014,Argentinien,Klotz,hu,03:39:47,Indian/Comoro,Bad Kreuznach,2088646
1991-09-27T13:21:34,srv-85.schaaf.de,2013-11-02,126.413795,Österreich,Mülichen e.V.,tg,06:10:49,Pacific/Palau,Seelow,479981287
1974-05-02T03:03:31,email-85.eberhardt.net,2008-11-01,104.829874,Griechenland,Pohl,lg,16:07:12,Pacific/Palau,Wiedenbrück,91
1987-02-21T08:21:53,srv-81.maelzer.org,2016-06-22,-147.455360,Kaimaninseln,Kitzmann GbR,ca,03:52:03,Pacific/Apia,Bogen,6485338
2018-03-22T02:44:58,lt-65.mende.de,1989-03-05,-171.350607,Neukaledonien,Kostolzin Stiftung & Co. KG,sd,05:09:07,Asia/Bangkok,Freudenstadt,58135164
2008-06-27T13:29:39,email-22.striebitz.com,1979-08-12,151.302122,Costa Rica,Löffler KG,ar,04:29:22,Asia/Colombo,Brilon,127718764
2014-11-19T00:25:51,db-20.renner.org,1973-04-27,146.484898,Bangladesch,Drubin AG,as,22:20:46,Europe/Ljubljana,Rehau,583984616
1992-01-12T11:30:24,web-53.trubin.de,1999-03-01,-9.554404,Rumänien,Hahn Wilms GbR,bhb,15:10:16,Europe/Sofia,Leipziger Land,494455
1987-06-01T21:04:37,email-80.zaenker.org,2001-08-02,-127.576243,Bahamas,Caspar Drub GmbH & Co. KGaA,nan,11:54:48,Africa/Niamey,Saarbrücken,36508499
1997-05-22T11:16:36,email-06.foerster.net,1973-10-06,29.304383,Dominica,Müller GmbH,is,04:06:52,Africa/Brazzaville,Monschau,198
1999-12-30T19:12:11,laptop-93.seip.net,1984-01-30,95.992368,São Tomé und Príncipe,Ullmann GmbH & Co. KG,st,10:56:30,Europe/Bratislava,Malchin,63115972
1989-05-13T12:44:40,web-10.bloch.com,1974-05-16,172.066821,Turkmenistan,Werner Koch II e.G.,st,00:38:44,Europe/Helsinki,Güstrow,421
2010-03-16T07:09:02,srv-43.klapp.de,1970-11-28,-0.961285,Bangladesch,Meyer Hesse KG,as,13:41:30,Africa/Porto-Novo,Rudolstadt,7297
1996-04-18T00:31:03,lt-35.oestrovsky.de,2019-09-07,-139.338028,Namibia,Wieloch,sv,23:58:49,Asia/Kabul,Erding,12728762
2000-06-20T02:04:17,web-70.wiek.org,1978-12-11,63.716075,St. Kitts und Nevis,Jessel KG,hu,00:06:44,Africa/Sao_Tome,Brilon,732
1995-05-10T14:01:12,lt-79.wagenknecht.com,1970-02-04,-83.503473,Katar,Beier Pechel Stiftung & Co. KG,bs,21:56:18,Africa/Tunis,Rosenheim,644828
2019-10-23T00:53:26,srv-67.lindner.com,1997-12-15,55.833838,Sonderverwaltungszone Macao,Heser AG,crh,02:36:28,Africa/Ouagadougou,Pößneck,93
1979-02-10T22:00:13,db-75.ring.com,1995-06-20,-111.021741,Ungarn,Döring GmbH & Co. KG,hsb,12:31:42,Asia/Phnom_Penh,Husum,51920
1976-08-09T06:52:34,lt-37.fischer.de,1970-01-20,-76.347463,Malaysia,Ditschlerin GmbH & Co. KGaA,fr,15:06:04,America/Merida,Hildburghausen,7698
2016-07-05T11:28:24,srv-01.krein.org,2003-05-02,-20.515297,El Salvador,Ring GmbH,uz,07:18:25,Asia/Phnom_Penh,Teterow,23798366
2015-06-01T23:31:37,email-93.muehle.com,2008-11-16,45.558542,St. Kitts und Nevis,Schinke,dv,20:11:27,Asia/Bangkok,Füssen,4056
2018-04-11T02:11:42,lt-93.holt.de,2020-01-12,38.393530,Israel,Hornig OHG mbH,hak,13:37:06,Europe/Tallinn,Tecklenburg,36293854
1976-01-25T05:11:05,desktop-80.beckmann.de,1994-01-19,64.339081,St. Lucia,Spieß Weinhold AG,wa,00:38:03,Africa/Addis_Ababa,Borna,72868
1993-03-24T10:54:14,web-60.ernst.net,2012-07-19,-44.610055,Schweden,Trubin,sa,14:06:48,Europe/Andorra,Wanzleben,72313
2008-03-01T11:29:43,db-00.hofmann.org,1979-05-27,-154.668176,Vietnam,Jüttner,ca,23:46:40,Asia/Phnom_Penh,Neustadt am Rübenberge,3581
1984-09-01T12:24:19,srv-60.pergande.de,1994-11-11,105.667505,Albanien,Löffler Bohlander e.G.,st,00:37:29,Africa/Porto-Novo,Kelheim,0
1986-12-29T17:43:58,db-97.juncken.net,1985-08-29,-119.698060,Rumänien,Weiß,fa,13:12:51,Europe/San_Marino,Eckernförde,217705769
1986-07-08T22:17:30,desktop-79.bolzmann.de,2008-08-04,-69.583413,Anguilla,Riehl Holzapfel Stiftung & Co. KGaA,oc,03:19:53,America/Santo_Domingo,Gransee,8414
2014-10-16T16:47:02,web-01.juncken.net,1990-01-22,-1.191027,Simbabwe,Bender Henschel AG & Co. OHG,gl,13:13:46,Asia/Seoul,Scheinfeld,26104292
2021-11-01T19:21:36,laptop-15.gerlach.de,2006-03-28,99.039589,Japan,Reising,ks,07:26:26,Indian/Maldives,Rudolstadt,3906710
2017-12-03T13:47:06,desktop-43.rust.org,1997-08-19,-23.647453,Portugal,Margraf Jäkel e.V.,ln,05:09:15,Europe/Vilnius,Lüneburg,9380
2013-06-28T08:54:38,laptop-95.ehlert.net,1986-03-24,-139.992935,Äthiopien,Bonbach,csb,05:52:59,America/Antigua,Ochsenfurt,281
2016-06-21T23:16:40,web-93.schoenland.org,1976-09-17,-55.761798,St. Martin,Hermighausen AG & Co. KG,tn,10:28:25,Pacific/Palau,Luckenwalde,54299
1998-06-04T04:04:25,laptop-36.mosemann.de,2006-12-12,-48.590192,Jersey,Wagenknecht AG,ky,20:15:42,Africa/Maputo,Celle,555769883
1985-06-23T14:53:17,laptop-08.zimmer.de,2007-02-24,76.998621,Serbien und Montenegro,Bender GmbH & Co. KG,pl,11:49:42,Europe/London,Geithain,3391798
1971-10-20T17:08:39,web-73.gorlitz.de,1997-02-07,-157.784459,Osttimor,Schlosser GmbH,bem,17:03:47,Indian/Mahe,Altötting,5
2016-03-12T02:15:17,web-22.hentschel.org,2021-11-19,4.162990,Vereinigtes Königreich,Faust,el,03:34:01,Asia/Choibalsan,Gräfenhainichen,240575
2018-03-30T05:01:30,db-86.loos.de,1984-03-14,41.088863,Bahrain,Bärer GmbH & Co. KGaA,eu,03:02:12,Asia/Jerusalem,Bautzen,7248
1996-10-23T19:39:48,laptop-95.mangold.com,2020-01-23,33.568058,Honduras,Zorbach OHG mbH,nds,06:59:28,Europe/Sarajevo,Hildesheim,43577
1996-05-21T01:18:58,lt-24.losekann.com,2001-08-26,152.327172,Afghanistan,Mohaupt Trub OHG mbH,be,07:47:31,Europe/Rome,Riesa,2563270
2017-06-29T07:27:17,db-30.walter.de,2001-06-24,56.867680,Sonderverwaltungszone Hongkong,Sölzer,sa,08:56:12,Europe/Prague,Waren,3
1985-06-01T00:42:36,web-73.sauer.de,1978-08-07,10.839579,Nigeria,Wirth Textor e.G.,lzh,05:13:27,Pacific/Tarawa,Fallingbostel,789
1992-03-02T03:52:46,lt-82.hauffer.de,1991-11-14,64.648153,Liberia,Gude van der Dussen GmbH & Co. KGaA,km,08:34:22,Asia/Baku,Grimma,12015617
2005-06-26T04:47:14,email-48.bender.com,1970-03-24,-128.095418,Guinea-Bissau,Wieloch,is,20:03:36,America/La_Paz,Wittstock,1463332
1981-04-16T17:14:00,web-06.schinke.de,1986-06-26,102.213904,Libyen,Wende Budig KG,hu,04:25:52,America/Montevideo,Melle,60728733
1970-05-11T00:32:33,db-78.jopich.org,2014-05-01,81.292155,Finnland,Klapp GmbH,sa,13:03:12,Pacific/Guadalcanal,Hünfeld,64
1998-05-30T23:59:23,email-92.dobes.net,2015-10-12,-73.160068,Jordanien,Roht,byn,06:13:29,Europe/Sofia,Bernburg,750897385
2009-10-24T19:28:42,email-97.roehricht.de,1994-02-06,-15.922852,Tonga,Häring,lg,07:57:11,Europe/San_Marino,Roth,339048
1988-01-26T08:20:58,srv-84.stolze.de,2020-10-18,-84.530184,Vatikanstadt,Seip GmbH,hr,03:04:36,Asia/Tokyo,Garmisch-Partenkirchen,187
2020-08-29T10:55:10,web-89.bluemel.de,2019-04-13,-2.083137,Vietnam,Hölzenbecher GbR,doi,17:02:52,Africa/Abidjan,Zerbst,59130
2016-12-28T13:06:10,srv-57.stahr.de,1999-09-23,113.664419,Amerikanisch-Samoa,Scheuermann,dz,18:08:28,Pacific/Fiji,Böblingen,13675
2016-03-06T20:45:51,db-99.raedel.de,2011-01-26,19.960972,Kenia,auch Schlauchin Tschentscher KG,cs,15:06:09,Asia/Seoul,Fallingbostel,73312337
1970-01-16T18:00:58,desktop-19.boucsein.net,1979-06-28,-30.786528,Südgeorgien und die Südlichen Sandwichinseln,Koch II GmbH,ia,20:37:58,Indian/Maldives,Bersenbrück,7
1970-10-18T08:27:38,laptop-41.troest.de,2016-12-15,86.294438,Belarus,Losekann Stiftung & Co. KGaA,ber,15:24:49,Europe/San_Marino,Arnstadt,4779
2017-05-26T21:48:20,desktop-03.stoll.de,2009-03-27,-6.828843,Lesotho,Ring,nhn,20:51:10,Africa/Sao_Tome,Wittenberg,738308
1990-12-13T15:00:47,lt-07.ditschlerin.com,1994-06-25,166.769630,Salomonen,Löwer,om,04:38:02,Africa/Douala,Pinneberg,463
1973-12-30T07:03:08,srv-38.bluemel.org,1996-03-02,-99.719645,Französisch-Guayana,Schaaf AG,sat,05:50:50,Europe/Andorra,Burglengenfeld,67217199
2008-04-11T14:46:57,desktop-84.heinz.net,1995-06-18,47.395823,Taiwan,Bolnbach,pl,19:31:52,Africa/Tunis,Miesbach,2548
1970-10-15T23:40:38,lt-04.misicher.com,2021-01-27,-83.914985,Burundi,Trommler Wilms KGaA,ayc,08:00:01,Asia/Tbilisi,Soest,896062342
1987-11-29T17:27:05,web-72.wilms.org,1992-06-02,-147.915769,Französisch-Guayana,Rogner Trapp KGaA,af,10:21:12,Africa/Conakry,Pinneberg,272188
2001-12-02T19:24:41,laptop-36.meyer.com,1991-07-22,-7.365114,Niederlande,Gumprich Hermighausen AG,vi,01:50:23,Asia/Yerevan,Lüneburg,6855
2008-02-27T10:22:06,email-70.ullrich.com,2009-08-24,-138.746070,Kuba,Gieß OHG mbH,kn,00:12:02,Europe/Zagreb,Schwarzenberg,2
2006-08-09T23:04:50,email-91.haase.com,2013-08-17,50.856373,Amerikanische Jungferninseln,Dowerg,ne,10:20:07,Europe/Kiev,Heiligenstadt,928326789
2004-09-01T13:56:34,web-84.thanel.net,2007-10-11,50.785773,Demokratische Volksrepublik Korea,Heser e.V.,st,11:03:26,Africa/Sao_Tome,Lemgo,335
2021-08-26T03:38:59,desktop-29.harloff.de,1974-03-07,10.733089,Italien,Dobes Blümel GbR,it,14:28:22,Asia/Bahrain,Tuttlingen,70
1999-11-30T18:32:52,desktop-86.geissler.com,2014-11-08,3.922022,Uruguay,Ernst Hiller GmbH & Co. OHG,ber,14:57:46,Asia/Brunei,Hünfeld,3130
2010-06-11T22:45:54,lt-30.ortmann.de,1993-07-10,-143.915644,Komoren,Reinhardt Tröst AG & Co. KG,en,03:30:38,Africa/Maseru,Büsingen am Hochrhein,613246
1988-09-23T20:40:37,lt-70.lindner.de,2018-05-27,-8.787170,Äthiopien,Kruschwitz Zirme KG,iw,07:19:04,America/Santo_Domingo,Erkelenz,27
1973-05-07T21:36:34,srv-88.klotz.com,1996-04-06,-25.485959,Oman,Warmer AG,si,23:43:59,Africa/Addis_Ababa,Flöha,7
2017-11-08T22:54:15,web-68.bohlander.de,1978-05-21,-10.003006,El Salvador,Freudenberger,li,23:11:32,Africa/Harare,Schwabmünchen,27568
2021-08-10T00:09:17,web-43.langern.net,2018-02-07,101.209199,Cookinseln,Steinberg KG,is,06:44:12,Europe/Warsaw,Chemnitz,12770830
1970-02-09T13:03:31,email-28.seifert.com,1986-12-15,81.701352,Südafrika,Tintzmann Stiftung & Co. KGaA,tl,17:20:07,Africa/Addis_Ababa,Olpe,2
