hostname,pricetag,file_name,random_number,time,date,timezone,country,longitude,latitude
email-20.taylor-duffy.co.uk,"$18,284.52",doloribus.webm,865657,23:21:00,2015-06-22,Asia/Singapore,United States Virgin Islands,-26.674905,-27.6120225
laptop-59.burns-shaw.net,$896.61,ex.webm,7083056,22:33:34,2002-12-08,Africa/Libreville,Dominican Republic,-168.775543,-52.951483
srv-58.king.com,$17.21,debitis.flac,2941,05:24:50,2006-07-22,Indian/Mahe,Vietnam,42.964561,12.8591475
srv-49.harvey.com,$830.05,quisquam.jpeg,83984,02:01:55,2006-12-28,America/Dominica,Saint Vincent and the Grenadines,-31.422985,-68.814457
lt-62.baxter-holland.org,"$6,869.55",eaque.js,36,22:36:55,2003-09-28,Africa/Cairo,Suriname,52.975648,-40.330309
db-97.slater-kirby.com,$71.39,odio.key,4,00:17:16,2004-05-20,Africa/Mbabane,Belgium,-37.826254,79.9392715
lt-35.taylor.com,$909.00,sed.ppt,8401441,17:56:57,1981-07-20,Asia/Amman,Niue,-165.164834,-47.3668335
email-39.osullivan.com,$835.31,earum.wav,28,02:06:03,2019-01-04,Asia/Kuching,France,-139.661571,25.414025
web-02.jones-rogers.co.uk,"$75,803.26",nostrum.flac,8756629,23:02:49,1988-12-12,Pacific/Palau,Cape Verde,-91.015201,53.9994955
lt-37.gallagher.net,$287.88,culpa.txt,46532019,22:25:09,1994-12-27,Asia/Tbilisi,Tonga,86.714395,36.2549995
email-92.baker-white.net,"$24,012.59",hic.webm,14179482,14:25:05,1974-02-12,Asia/Dili,Kiribati,15.888053,48.3719925
desktop-60.lord.com,$69.04,vitae.mp4,22577,17:48:52,2013-02-18,Asia/Saigon,Cyprus,18.350497,-23.4415325
lt-56.douglas-williams.com,$1.09,eius.ppt,34,20:33:59,1976-08-28,Africa/Sao_Tome,Cuba,-145.969560,-36.4666225
laptop-65.gregory.com,$125.53,totam.odp,0,15:16:12,2010-03-06,Africa/Douala,Bulgaria,83.519077,-14.0503095
db-71.coleman-simpson.com,$705.74,quod.json,4560623,07:10:31,1985-03-07,America/Adak,Switzerland,50.760421,78.3052645
desktop-28.gray.com,$865.27,quam.mp4,50313984,03:33:55,1972-04-04,Europe/Vienna,Suriname,84.476316,-21.845123
lt-57.mclean-williams.com,"$80,805.96",dicta.mp4,96,02:00:21,1994-09-04,Pacific/Palau,Uruguay,10.241919,-68.7993335
email-53.jones.net,"$96,306.14",eos.mp3,29,07:55:01,1990-02-25,Europe/Zurich,South Georgia and the South Sandwich Islands,50.836211,72.207229
lt-05.hyde.com,$951.56,ullam.json,1157,07:09:19,1988-01-28,Atlantic/Reykjavik,United States of America,-26.500723,-30.6209295
db-62.wright.com,"$74,031.11",accusantium.key,782746850,00:22:53,1980-09-21,Asia/Tokyo,Nicaragua,22.232548,71.419643
lt-53.chan.com,$341.69,laboriosam.pptx,98,09:38:39,2018-10-15,Africa/Bissau,United States of America,96.107324,-8.5100305
lt-56.walters-jordan.org,$920.83,harum.mp4,1499358,16:27:12,1978-02-07,Europe/Berlin,Marshall Islands,143.173049,-68.450811
laptop-35.goodwin.com,"$35,628.76",voluptatum.html,39549355,03:03:01,1995-06-28,Asia/Taipei,Afghanistan,137.576275,-64.3792955
web-28.nelson-young.org,"$5,833.78",voluptatem.flac,813,17:21:33,2017-07-21,Asia/Kabul,Isle of Man,-121.938890,85.180510
srv-50.lyons-bennett.info,$0.17,necessitatibus.js,79408215,12:08:32,2002-02-25,Europe/Dublin,Jersey,-114.865777,6.076933
laptop-84.carr.com,$6.16,quo.ppt,54684140,09:47:13,2016-06-03,Asia/Dubai,Angola,-111.934459,76.760092
db-46.lawrence.com,$85.99,inventore.csv,46449,03:57:46,2013-04-06,America/Argentina/Tucuman,Paraguay,-49.325828,-67.988745
desktop-07.collier.com,"$27,721.42",repellat.html,51316414,01:14:05,1972-08-05,Pacific/Guadalcanal,Lao People's Democratic Republic,-31.066762,-43.063727
laptop-42.allen.com,"$8,534.63",eligendi.mp3,4280,19:15:57,1990-02-14,Pacific/Galapagos,Saint Vincent and the Grenadines,-142.479078,79.450944
lt-69.cooper.org,$44.55,officia.webm,58776,11:42:29,1992-08-10,Europe/Brussels,Sri Lanka,-163.954339,-81.898041
email-63.roberts.net,$9.41,velit.html,311,11:13:27,1970-03-20,Europe/Stockholm,Netherlands Antilles,-17.347623,-64.2027665
email-68.jenkins-perry.biz,$908.75,eos.ods,926733136,20:39:14,2021-11-04,Asia/Yerevan,South Georgia and the South Sandwich Islands,66.562291,11.3189095
email-07.morris-thompson.info,$8.02,cum.avi,50863,18:44:36,2006-09-08,Africa/Cairo,Mozambique,80.354083,-78.499760
db-42.jones.com,$6.48,velit.txt,18,15:01:30,1995-03-28,Asia/Jerusalem,Montenegro,-140.234442,-45.756851
srv-10.webb-wallace.com,$1.31,accusamus.ods,3982,01:07:04,1978-05-11,Australia/Lindeman,Cyprus,-51.464897,79.992501
email-89.shaw.com,$30.59,quo.jpg,3846,22:09:24,1979-07-11,Asia/Rangoon,Lithuania,-51.106699,55.846246
web-61.woods.com,$6.77,sed.html,8,06:30:13,2010-09-24,Africa/Tunis,Cyprus,98.688975,-34.4633305
srv-84.mann-gibbs.org,"$8,631.73",maxime.css,641500207,06:51:53,2010-01-08,Asia/Brunei,Cyprus,70.929438,39.3313555
web-10.jones-watson.biz,$53.95,ratione.css,659,01:06:05,1993-02-08,Asia/Kabul,South Africa,-101.161803,-85.128899
db-91.lawrence-hewitt.com,$58.95,quam.tiff,5899279,11:13:36,1991-07-05,Africa/Kigali,New Zealand,-48.310574,3.3370985
laptop-51.evans.com,$555.94,rerum.json,229859787,04:05:41,1970-02-15,Asia/Amman,Iraq,78.996000,66.397967
db-86.francis.co.uk,$7.82,doloribus.flac,40471364,13:59:00,1982-01-11,America/Guatemala,Niue,-23.464098,-50.2506815
db-31.smith.com,$69.32,ipsam.mp3,94,21:41:49,1984-01-06,Europe/Paris,Central African Republic,-34.433554,6.581989
laptop-23.winter-hale.biz,"$9,978.14",rem.css,907769,06:30:22,2007-07-04,Africa/Monrovia,Pitcairn Islands,108.007705,11.497743
lt-56.howell.com,"$75,039.67",ea.gif,3010,22:24:56,1986-06-13,Europe/Ljubljana,Azerbaijan,52.128776,-69.503602
web-95.green-jarvis.info,"$77,396.55",occaecati.mp4,192,01:42:26,1998-01-22,Pacific/Tongatapu,Falkland Islands (Malvinas),-168.358002,76.3662885
lt-19.bishop.com,"$40,854.13",eligendi.flac,885,23:15:06,2005-12-02,Asia/Urumqi,Wallis and Futuna,140.310522,30.995675
email-50.scott-bell.com,$105.74,harum.gif,836075,19:06:59,1976-11-16,Atlantic/Canary,Indonesia,-53.367892,51.6840255
desktop-82.marsh.com,"$41,341.74",eum.txt,113645,18:39:41,2016-10-07,Asia/Tbilisi,Netherlands Antilles,-114.034031,-58.1298475
lt-53.blake.com,$52.65,porro.doc,78355,23:20:16,2019-11-24,Asia/Dushanbe,Bhutan,167.882694,74.6301175
lt-23.rahman.org,"$73,309.24",iste.png,1909519,22:55:00,2000-07-07,Africa/Lagos,Saint Martin,-156.482515,-35.793635
web-54.hunter.com,$124.59,itaque.wav,31,15:28:29,1996-10-05,Europe/Vienna,Wallis and Futuna,-108.414886,85.934316
laptop-57.douglas.com,"$76,666.40",distinctio.flac,53,03:09:27,1986-06-25,Africa/Ouagadougou,Saint Barthelemy,-119.358321,-87.170680
lt-49.patel.com,"$4,666.71",natus.jpeg,109811152,21:53:24,2003-02-07,America/La_Paz,Benin,60.955587,27.064007
web-98.walters.com,"$5,703.45",tenetur.bmp,111710859,14:06:48,1985-05-20,Africa/Banjul,Angola,-99.115259,-85.7948395
srv-92.cartwright.com,$8.76,doloribus.mp4,79896,19:43:19,1981-03-25,Asia/Brunei,Iran,-113.531754,-29.7884765
laptop-58.martin.com,$430.12,fugit.avi,53058012,06:22:51,2005-04-16,Asia/Muscat,Vanuatu,-144.230884,61.8323185
desktop-49.jones-taylor.com,"$8,232.07",consectetur.mp4,16800,16:53:47,1978-04-14,Africa/Djibouti,Martinique,168.858817,19.6188965
srv-04.french.com,$88.01,porro.bmp,792212232,10:58:30,2020-10-13,Indian/Mauritius,New Zealand,174.397703,-29.5230355
web-30.wilson-edwards.com,"$43,783.96",occaecati.tiff,59026821,17:04:48,1997-05-14,Europe/London,Argentina,71.603357,48.925852
email-10.hussain.com,$266.98,libero.tiff,925,06:18:44,2011-09-27,Europe/Sofia,Bermuda,78.929416,-46.962499
lt-24.patel.com,$63.71,voluptatem.mov,20313669,15:35:14,1992-06-16,Asia/Riyadh,Comoros,50.935267,24.868233
desktop-32.campbell-butler.com,$60.41,minima.numbers,397241,17:40:30,1981-12-26,Asia/Kuching,Jordan,151.806033,-43.6335695
desktop-08.green.org,"$79,857.67",laudantium.png,926450589,11:21:36,2021-04-28,Pacific/Tongatapu,Cameroon,-165.505967,6.2694555
lt-17.daly-wright.com,$5.49,incidunt.webm,26320445,14:24:03,2009-04-26,Europe/Budapest,Russian Federation,160.947445,4.172174
email-19.fletcher.com,"$7,272.02",possimus.mov,3800,19:40:01,1984-10-09,Asia/Saigon,Samoa,144.443406,-72.4818035
db-75.dean-price.com,$6.43,perferendis.pdf,6,02:39:56,2010-01-25,Atlantic/Madeira,Sweden,59.464542,42.0799915
laptop-01.matthews.org,$362.81,nisi.xlsx,206992,07:57:58,2002-07-29,Africa/Ndjamena,Papua New Guinea,35.166213,51.077847
db-58.burgess.co.uk,$0.23,iusto.avi,52260372,07:37:52,1970-01-08,Africa/Cairo,Northern Mariana Islands,48.077030,5.1806995
desktop-04.hughes.com,$482.37,molestiae.xlsx,304831,03:44:41,1971-01-24,Europe/Amsterdam,Saint Helena,-170.957300,82.699385
lt-76.moss.com,"$77,585.19",nam.html,8,21:37:34,1989-04-13,Europe/Athens,Heard Island and McDonald Islands,94.097506,-39.441093
db-65.jones.com,"$7,840.25",molestias.avi,2,20:39:17,2012-11-12,America/Managua,Taiwan,95.754215,36.889559
lt-57.bennett.co.uk,$44.85,assumenda.bmp,574494,11:01:27,2022-11-15,Asia/Jerusalem,Lithuania,-158.443221,52.8339985
web-33.rogers.net,"$5,949.90",delectus.tiff,5224,19:47:55,1985-11-18,Africa/Djibouti,Uganda,-70.199294,-70.692035
desktop-12.thompson.biz,$0.01,repellat.ppt,3,09:09:12,1987-10-02,Europe/Dublin,Afghanistan,-82.352088,-86.0530615
desktop-92.dickinson.info,$435.69,nihil.bmp,6833,09:20:58,2006-04-01,Europe/Amsterdam,French Southern Territories,-51.854508,-35.544303
web-37.wilson.biz,"$8,995.50",dolor.flac,877,02:16:35,2015-08-08,Indian/Antananarivo,Turkey,66.430735,38.013650
laptop-02.cooper.info,"$3,308.44",nihil.avi,215,05:19:10,2008-07-08,Pacific/Palau,Japan,-157.480556,-50.113572
desktop-25.cooke.org,"$39,794.79",veritatis.gif,236600581,05:30:20,1984-12-16,Asia/Bahrain,Tonga,46.357787,-67.044344
db-33.allen.com,$455.39,vel.wav,44,14:36:10,2010-08-30,Europe/Vaduz,Spain,29.368670,21.138379
lt-60.blake-wright.com,"$1,454.48",perspiciatis.txt,1720129,08:00:26,1976-03-12,America/Nassau,Cocos (Keeling) Islands,57.289303,84.253199
laptop-09.spencer-ellis.com,$20.81,modi.wav,1,21:41:37,2012-05-24,Asia/Katmandu,Italy,159.038997,-59.674762
laptop-40.birch.com,$137.91,tempora.tiff,67844,03:08:07,1996-06-21,Europe/Zagreb,Saint Pierre and Miquelon,59.418904,13.2487375
srv-14.whitehead.com,$32.62,officiis.avi,3,08:32:17,1998-01-20,Europe/Belgrade,United Kingdom,-88.208226,-74.5654065
desktop-72.james.com,"$3,441.41",delectus.json,21711833,02:11:04,1979-06-07,Indian/Antananarivo,Bahrain,163.641425,45.380832
lt-50.collier-hall.com,$44.45,exercitationem.css,13135,14:46:40,1994-07-17,Australia/Broken_Hill,Guinea,-28.906258,-6.205049
srv-59.kaur-young.com,"$5,766.33",optio.jpg,2,05:41:48,1979-07-02,Europe/Bratislava,Faroe Islands,-78.147550,-83.744820
db-56.oliver.com,$68.69,quos.jpeg,50,12:50:44,1996-05-02,Africa/Libreville,India,125.819191,-76.9436205
lt-64.stone-cameron.com,"$95,697.98",ullam.avi,601,01:53:58,2020-11-16,Europe/Vienna,Netherlands Antilles,177.668645,-66.6214035
srv-83.hill-fletcher.info,"$92,078.62",maxime.avi,6,18:52:21,2005-10-08,Pacific/Efate,Swaziland,-150.482224,-30.7298465
laptop-86.stevenson.com,"$5,735.19",impedit.avi,8363,04:24:25,2010-12-26,Asia/Katmandu,French Guiana,-153.409990,46.2517045
web-63.carter-coles.com,"$71,415.52",cum.tiff,7354,20:38:49,2015-12-22,Asia/Thimphu,Iceland,128.178179,-4.777481
web-94.davies.com,$886.42,illum.html,985758,03:58:56,1973-09-14,Asia/Hebron,Indonesia,-81.253322,18.731542
email-40.williams.com,$79.58,ipsa.wav,96269789,07:15:35,1995-09-16,Asia/Almaty,Hungary,-80.729507,16.522136
laptop-95.smith.com,$834.83,eaque.css,7231,01:50:13,2005-06-25,Asia/Samarkand,Angola,159.945297,9.1415555
srv-54.osborne.net,$8.64,sint.flac,49064044,23:15:28,2003-03-20,Europe/Bratislava,Bangladesh,-26.273254,64.1686835
desktop-50.black.com,$809.61,maiores.csv,6,08:16:24,2000-03-19,America/Santiago,Saudi Arabia,2.849614,47.0945615
lt-82.lawson-owen.biz,$68.86,aperiam.gif,1719784,13:51:10,1993-07-23,Africa/Mogadishu,Indonesia,161.613280,80.6464925
laptop-65.taylor.co.uk,"$6,204.78",iste.mp3,925659,02:51:29,2015-01-29,Africa/Porto-Novo,Belize,-162.420473,45.094653
web-06.allen-osullivan.com,"$79,259.72",ex.webm,75558,13:22:18,1995-04-21,Asia/Dushanbe,Kuwait,59.821610,-37.343624
srv-48.harris-harper.com,"$1,165.43",sit.jpg,56990340,09:04:11,1997-11-15,Pacific/Nauru,Moldova,-13.147765,5.0578345
srv-78.king.com,$83.20,laudantium.jpg,8,10:39:04,2020-09-20,Asia/Tashkent,Chad,-158.151143,-4.003982
laptop-82.davies.co.uk,"$8,382.68",non.wav,5455078,08:09:15,2016-11-01,Europe/Zurich,Netherlands Antilles,-31.150675,-36.636645
srv-88.williamson.info,$46.94,iste.flac,6536700,20:21:58,2013-08-30,Europe/Vatican,Germany,73.681104,-48.2216515
desktop-33.clarke.net,"$7,971.43",placeat.tiff,443389,11:13:59,1989-05-23,Indian/Mauritius,Libyan Arab Jamahiriya,124.874225,-62.3937225
laptop-06.lynch.org,$8.57,esse.mp3,4,04:23:37,1978-09-23,Asia/Thimphu,Puerto Rico,-100.912999,86.9209925
email-43.thomas.co.uk,"$4,919.15",quo.json,103192,02:04:34,1993-04-14,Asia/Muscat,United Kingdom,15.220100,11.901479
desktop-09.hooper-miah.co.uk,"$7,015.11",nisi.html,2,02:01:03,1995-05-22,Europe/Bratislava,Sweden,-148.693935,-11.2144375
email-53.curtis-kent.com,$5.27,unde.numbers,10401,08:00:16,1992-11-25,Africa/Dakar,Syrian Arab Republic,47.062647,14.1572405
web-80.griffiths.biz,$90.05,saepe.webm,970,01:59:08,1987-03-25,Asia/Thimphu,South Georgia and the South Sandwich Islands,-83.873238,-65.3442965
desktop-38.harris.com,"$63,396.41",dolore.gif,86038781,16:52:56,2018-04-07,Pacific/Apia,Bermuda,-7.683004,81.5544455
srv-20.hughes-bates.org,$5.97,officia.jpg,6,00:23:53,2021-01-09,Asia/Kuwait,Montenegro,85.413813,-3.1785515
db-93.clark-mccarthy.co.uk,$8.73,sapiente.bmp,7985,04:13:32,1995-09-01,Asia/Katmandu,Nauru,168.162329,-72.3903265
db-89.conway-graham.info,$763.38,eius.tiff,5702,03:53:12,2003-12-13,Europe/Copenhagen,Mauritania,136.075848,-41.2812375
laptop-63.williams.com,$10.17,maxime.gif,3120,11:06:49,1994-02-18,Africa/Cairo,Guinea-Bissau,150.016209,-82.7438975
laptop-30.evans-bell.org,$9.28,esse.css,90,03:52:51,2002-02-04,Europe/Warsaw,American Samoa,52.700150,-9.839600
db-32.simpson-doherty.com,$506.53,in.avi,1440,17:57:52,2018-03-05,Africa/Dakar,Cape Verde,13.807533,-21.8754795
srv-63.howells.com,"$1,291.57",minus.mov,4727242,18:20:17,2006-06-10,Asia/Baku,Yemen,-116.261522,10.1101115
desktop-83.lowe.biz,$75.16,corporis.csv,41245,09:25:54,1986-04-17,America/Guyana,Ecuador,-65.472373,4.1020575
web-01.parker.com,$353.65,quos.doc,673119,17:41:43,2007-11-11,Asia/Kabul,Puerto Rico,-74.080891,2.1768655
desktop-84.james.net,"$8,393.46",nemo.js,368701,20:54:20,1980-07-18,Europe/Amsterdam,Panama,-54.938259,-59.0252515
db-56.garner.org,$124.52,rem.mp3,88226770,15:46:20,1991-10-13,Africa/Abidjan,Central African Republic,152.551549,68.7030995
web-44.cook.org,$4.62,ipsam.bmp,376,17:09:15,2012-12-31,Europe/Malta,Pitcairn Islands,-129.670799,80.1435685
desktop-21.reid.info,$78.16,sapiente.wav,89823,06:21:24,2016-01-22,Africa/Djibouti,Anguilla,-96.463672,-24.1166675
db-35.miles.com,$28.57,pariatur.docx,10,23:02:12,2013-12-19,Africa/Algiers,San Marino,77.141683,-5.1691985
desktop-13.hughes-archer.co.uk,$802.51,qui.jpeg,54,12:06:53,1988-10-29,Indian/Maldives,Benin,27.461424,-84.2966255
srv-67.bowen-wilson.com,"$1,690.03",facilis.wav,234,10:38:30,2007-11-29,Africa/Maseru,Georgia,-12.626414,-29.415676
laptop-15.fletcher.co.uk,"$76,189.02",quod.mp3,124680,18:58:32,2000-10-16,Pacific/Tongatapu,Australia,61.546971,-46.136621
web-57.morris.com,$618.16,labore.numbers,5142,21:42:48,1991-07-23,Pacific/Port_Moresby,Brunei Darussalam,-158.420356,-1.6131605
srv-45.moran.com,"$70,990.66",alias.webm,6075370,21:22:46,1982-04-02,America/Havana,Greece,-179.033478,1.718198
db-67.buckley.org,"$81,213.66",deleniti.avi,8700298,08:52:08,1984-11-17,Africa/Abidjan,Nepal,-88.391080,56.158642
web-95.atkinson-harrison.com,"$36,000.69",voluptatem.xls,477,19:34:05,1982-08-17,Asia/Bahrain,Croatia,151.285600,-22.8742015
srv-14.hughes.info,"$3,140.27",sed.txt,5255529,15:11:03,1991-12-07,Pacific/Port_Moresby,Bahamas,172.625472,-68.171959
desktop-81.coates.co.uk,$248.43,officiis.gif,523892103,16:08:26,1973-06-23,Europe/Vienna,Mexico,165.274392,78.611625
web-82.birch-davies.com,$6.64,id.ppt,9909,15:22:23,1995-01-05,Africa/Cairo,Iraq,-7.065121,65.929062
desktop-62.wallis.org,$9.29,pariatur.mp4,682,05:21:15,1973-03-20,America/Guatemala,Germany,-58.425475,-7.4877335
desktop-14.adams-adams.info,"$7,144.74",illum.txt,14001340,16:34:12,1989-08-23,Africa/Maputo,Guinea,67.345152,41.1613785
lt-56.owen.com,$1.72,natus.jpg,92733985,19:20:11,1974-01-27,Africa/Ndjamena,Bhutan,31.921919,74.701737
db-98.phillips-hughes.info,"$85,022.72",velit.html,91241,21:02:37,2001-01-26,America/Rankin_Inlet,Guinea-Bissau,22.413926,-19.033326
srv-15.patel-spencer.info,$25.08,nostrum.wav,670,16:56:34,2015-07-14,Africa/Bangui,Togo,-63.318449,-23.535980
lt-32.king-taylor.com,$1.82,numquam.wav,5,00:37:07,2019-09-04,Asia/Beirut,Lesotho,34.979241,49.4127085
email-47.mcdonald-ahmed.com,"$59,328.58",unde.png,4,22:28:58,2017-07-28,America/Barbados,Honduras,-113.029691,17.404479
web-40.long.co.uk,$700.49,sint.avi,97390400,14:16:19,1977-01-30,Africa/Kampala,Lao People's Democratic Republic,-34.781875,-6.318380
desktop-50.elliott-thompson.com,"$4,728.50",officia.ods,442,20:02:45,2003-06-04,Asia/Nicosia,Armenia,58.430472,-6.300698
db-27.parkinson-simmons.org,$2.61,alias.jpeg,423,04:39:21,2009-12-08,America/St_Vincent,Poland,-85.361122,-11.088773
email-81.begum.com,$369.92,voluptatem.tiff,947,09:42:06,1976-07-27,Europe/San_Marino,Montenegro,-144.915512,-1.949321
srv-40.dodd.com,$46.19,amet.pptx,621802614,23:42:10,1982-07-11,Europe/San_Marino,Cuba,91.855796,-65.6474385
web-99.williams-clarke.com,$16.12,optio.tiff,685,06:32:14,1986-02-26,Asia/Qatar,Mali,14.804866,12.4674565
srv-49.ball.com,"$4,669.42",sunt.gif,26,19:22:57,1992-09-09,Atlantic/Reykjavik,Mauritania,153.945169,27.4020435
email-09.barnes-smith.info,"$4,642.36",ipsa.mp3,9,06:05:44,1971-01-09,Asia/Shanghai,Somalia,172.111037,30.033805
web-99.fleming-austin.info,"$7,599.88",facilis.pptx,6281862,19:51:38,1984-12-26,Europe/Budapest,India,39.574114,-16.088661
web-68.barber.biz,$5.69,omnis.mp3,20580,01:37:22,2023-06-21,America/Costa_Rica,Bhutan,-39.601097,8.045480
email-25.edwards.net,$178.83,eaque.wav,2083777,03:05:29,1977-08-23,Europe/Bratislava,Guinea,125.677493,8.342463
desktop-02.jones-norris.net,"$17,385.44",dolore.mp3,13,15:11:05,2006-03-15,Atlantic/Cape_Verde,United States of America,-55.650895,-55.3708215
lt-65.harris-jackson.com,$446.37,eos.png,77402,21:51:06,1981-01-08,Europe/San_Marino,Cape Verde,136.834597,-63.4698445
laptop-76.webb.com,$35.25,facilis.wav,230158,12:06:28,1972-01-26,America/La_Paz,Thailand,-4.102717,56.6635935
email-36.brown.com,$30.73,voluptatibus.wav,115159,23:56:26,2020-08-14,Europe/Oslo,Barbados,86.414326,4.421788
srv-61.norman.biz,$700.67,adipisci.jpg,78254,11:23:19,2002-05-28,Pacific/Funafuti,Panama,-19.500410,-66.9203405
laptop-45.oconnor.co.uk,$4.48,vero.doc,7858,23:20:35,2011-06-19,Asia/Pyongyang,Anguilla,0.606972,-56.130314
lt-23.shaw.co.uk,$8.70,officia.flac,58346993,19:47:04,1987-10-08,Asia/Rangoon,Faroe Islands,170.752144,-22.9341665
web-93.carter.com,"$7,405.99",quibusdam.pptx,41,06:20:30,1978-05-03,Europe/Andorra,Jersey,82.123843,39.656658
srv-10.clark.com,$5.45,et.wav,9418261,08:58:46,1997-03-01,America/Havana,French Guiana,-148.910429,-56.5892475
web-48.coleman.com,"$58,559.66",sequi.bmp,19304910,12:35:03,1989-08-29,Europe/Zagreb,Poland,22.274261,-59.354129
web-86.watson-hewitt.com,$1.02,ipsum.wav,625791757,07:43:14,1998-11-25,Europe/Paris,United Arab Emirates,24.025596,-35.0919815
db-21.james.info,$328.92,voluptates.pdf,348149,13:03:06,1973-07-19,America/Detroit,Cocos (Keeling) Islands,-167.998717,74.6259265
srv-72.connolly.com,$3.88,eos.jpeg,8,07:41:36,1972-01-21,Indian/Mauritius,Sierra Leone,59.396062,44.735994
laptop-17.hunter.info,$8.91,animi.mp4,484,06:33:05,2004-07-09,Asia/Singapore,Gambia,161.377489,15.172996
db-25.rhodes-gallagher.com,"$75,733.71",aspernatur.xlsx,47,16:49:45,1972-03-04,Africa/Johannesburg,Saint Vincent and the Grenadines,139.481752,-29.6436675
srv-44.butler.com,"$5,148.89",cupiditate.mp3,4851633,19:42:54,2022-03-18,America/Havana,France,142.031237,-76.467739
web-79.wood.info,"$6,826.43",voluptatum.mp4,220977,09:17:54,2004-03-18,Asia/Hovd,Korea,-144.402743,-51.5118365
laptop-66.thomas.com,$975.91,aperiam.json,906150,11:34:58,2022-11-28,Africa/Monrovia,Cyprus,61.786524,-40.690998
lt-13.sanderson-smith.info,$54.63,ipsa.wav,0,16:51:31,2002-02-02,Asia/Hebron,Saint Barthelemy,-133.390844,61.1910795
srv-36.carr-norris.biz,$0.36,voluptates.wav,4972054,13:42:26,2016-02-17,America/Grenada,Moldova,-144.903393,48.409082
srv-71.sheppard.co.uk,"$1,211.79",asperiores.gif,1856331,15:26:23,1984-04-05,America/Santo_Domingo,Italy,-15.174413,47.430436
laptop-77.kelly.org,$939.20,laboriosam.mp3,535673444,18:50:39,2015-04-07,Asia/Karachi,Guadeloupe,48.841346,88.207682
srv-76.lee.net,$5.71,quod.pages,762907074,10:48:02,1984-07-17,America/Guatemala,Martinique,-2.574569,6.5790855
db-25.moore-freeman.org,$152.37,excepturi.png,269,01:01:24,2018-09-05,America/Argentina/Catamarca,Cote d'Ivoire,-138.012786,44.702415
db-60.goodwin.com,"$55,855.71",quae.docx,5475108,10:06:51,1976-11-10,America/Port_of_Spain,Trinidad and Tobago,-136.443657,-42.999441
desktop-00.jones-pearson.co.uk,$86.03,porro.avi,5953509,21:57:43,2009-12-03,Indian/Mahe,Albania,-169.978684,-1.7396405
email-73.stokes.com,$7.70,praesentium.mp3,19933167,02:19:12,2012-09-23,Pacific/Tongatapu,Burkina Faso,21.232779,23.8922305
db-99.davison.org,$2.68,voluptatem.xls,17170,23:43:13,1982-01-29,Asia/Choibalsan,Madagascar,-158.421117,-20.0975645
db-74.todd-holloway.com,$41.25,sed.doc,38627,12:56:15,2004-04-23,Europe/Vilnius,Honduras,26.246655,-15.0396805
srv-22.john.biz,$1.62,natus.bmp,3572819,06:13:34,1997-08-11,Pacific/Palau,Grenada,86.317249,-22.7393065
srv-12.flynn.com,$323.84,itaque.ppt,76,23:35:15,1975-12-24,Africa/Mogadishu,Finland,-133.569875,49.404223
desktop-69.jones.info,$700.53,culpa.tiff,593766312,12:00:17,1992-06-16,Asia/Harbin,Libyan Arab Jamahiriya,138.701297,43.762424
srv-34.marsh.com,$73.81,molestias.png,6,08:32:43,1995-09-24,America/St_Lucia,Poland,-1.365075,31.320134
email-46.smith-harrison.com,$401.33,ex.jpeg,9792340,09:28:27,1972-07-18,Europe/Stockholm,United States Virgin Islands,104.709284,-39.709156
email-46.webb-ryan.com,$98.40,doloremque.css,9,03:30:27,1986-05-16,Europe/Zurich,Norfolk Island,77.582662,-27.5326115
srv-80.thomas.co.uk,"$43,465.35",voluptatum.pdf,5,22:17:16,1999-04-16,Asia/Baku,Estonia,-140.201243,41.4879845
desktop-07.knight.net,$411.39,nihil.js,29075,02:08:58,2000-03-13,America/Jamaica,Romania,-154.435013,0.6574445
srv-90.wilson-watts.com,"$1,543.20",dicta.webm,938,21:37:42,1984-08-27,Asia/Thimphu,Cook Islands,146.587201,-59.146903
web-81.mason.com,$121.82,beatae.mov,633,23:49:11,2003-01-07,Asia/Tehran,Kuwait,174.336439,-75.686977
lt-80.white.org,$4.99,quos.html,29745,06:29:43,1970-10-27,America/El_Salvador,Turkmenistan,116.083466,-4.772964
laptop-79.cole-peters.com,"$6,250.52",laborum.webm,74443,11:04:04,2000-11-18,Europe/Warsaw,Montenegro,118.391912,38.5295545
web-58.young.com,$160.16,quo.wav,482698,14:46:41,2009-05-23,America/Argentina/San_Juan,Liberia,41.890657,72.4582285
desktop-59.hunt-davies.com,$56.88,quam.mov,953625,19:11:18,2011-08-16,Indian/Comoro,Bahrain,-35.481307,-88.753251
laptop-85.marshall-owen.net,"$1,698.12",consequatur.csv,7372752,23:56:30,2018-07-11,Europe/Budapest,United Arab Emirates,-168.661347,58.098014
web-61.day.info,"$16,875.29",sit.mov,778104780,19:31:25,2006-10-23,Asia/Katmandu,Algeria,23.622705,-27.015206
db-46.kirby.info,"$1,110.62",sed.doc,643376,20:38:54,2003-09-28,Asia/Baghdad,Grenada,118.105421,-73.852230
lt-31.jackson.net,$48.94,et.xls,32848460,03:36:28,2015-10-21,Africa/Bissau,Mayotte,29.045322,-68.4887465
web-46.smith-chapman.info,"$4,077.75",dolorum.gif,641669,23:32:06,1991-11-19,Asia/Rangoon,Swaziland,-2.300874,-20.474452
srv-73.lewis-baxter.biz,"$78,689.05",quibusdam.ppt,7268,18:28:26,2005-11-01,Europe/Paris,Palau,-4.326126,36.9659575
db-59.martin-hussain.com,"$4,912.21",suscipit.pptx,137414,14:03:10,1982-11-05,Asia/Tehran,Fiji,-25.580676,-66.8872105
laptop-73.alexander-foster.com,$1.76,qui.key,128150,23:31:13,2008-04-29,Europe/Skopje,Saudi Arabia,-25.001714,39.274077
email-96.jones-sutton.com,"$5,589.77",nulla.webm,75590,17:14:46,1978-11-20,Pacific/Nauru,Falkland Islands (Malvinas),72.383647,-34.839471
laptop-13.booth.com,"$7,095.57",veniam.ppt,908679,14:07:01,1974-11-17,America/Nassau,United States Virgin Islands,-139.295275,23.1998205
laptop-97.johnson-barber.net,$152.34,atque.txt,73069131,19:13:46,2008-09-17,Asia/Calcutta,Palestinian Territory,153.339427,75.390883
email-71.armstrong.com,"$8,644.60",odio.bmp,748065955,14:29:15,1982-06-13,Africa/Kigali,Yemen,134.551937,-8.536763
srv-42.ryan.info,$99.17,vel.webm,30135648,03:30:29,1979-09-14,Indian/Comoro,Malawi,117.198390,12.076434
srv-51.poole-hughes.co.uk,$51.14,magnam.js,592473,13:42:59,2008-05-03,Pacific/Tongatapu,Burundi,63.774150,65.6144685
desktop-73.wilkinson.org,"$8,884.00",expedita.gif,40,14:30:31,1993-10-15,Africa/Kinshasa,Tonga,41.789732,86.488574
email-89.johnson.com,"$23,819.80",nostrum.html,813937,13:46:23,2016-09-26,Africa/Lagos,Cameroon,140.738400,-69.732241
srv-69.king.com,$440.93,ea.mp3,304216,12:46:27,2011-11-18,Asia/Aden,Tuvalu,147.398177,-82.5357015
email-63.thompson-parry.com,$239.07,nemo.tiff,4452008,09:49:34,2008-01-12,Pacific/Tongatapu,United Arab Emirates,-2.314826,-51.3003645
lt-38.patterson.org,"$4,182.51",atque.jpg,7318467,07:50:25,2014-03-05,Africa/Mogadishu,Wallis and Futuna,24.291955,17.003821
lt-10.lewis.com,$2.82,iste.gif,75,00:39:29,2005-01-20,Europe/Tallinn,French Southern Territories,74.036080,-59.067497
laptop-83.morley.org,"$38,789.61",vitae.wav,1968,03:32:14,1984-06-30,Africa/Casablanca,Hungary,11.074975,8.3688095
db-39.humphreys.com,$359.27,sint.mov,10,02:13:43,2019-12-28,Europe/Vilnius,Saint Barthelemy,173.715205,-34.4256135
lt-21.davison-harding.info,"$90,329.11",ab.numbers,69,02:59:55,1981-04-04,Africa/Porto-Novo,Saint Kitts and Nevis,80.993925,82.1747365
email-91.dale.com,$20.26,quam.png,704483,02:43:34,2012-04-07,Asia/Bishkek,Djibouti,-104.970061,-13.301291
lt-65.macdonald.org,$1.63,velit.css,456625292,16:51:56,1995-11-21,America/Araguaina,Gambia,25.469309,-86.539107
srv-60.clark.com,$975.87,maiores.png,91615,11:28:03,2010-11-06,Indian/Mahe,Yemen,60.187008,-83.1041915
laptop-28.robertson.com,"$15,355.52",illum.webm,28,03:18:55,2015-12-12,Europe/Riga,Djibouti,88.308237,-79.439640
desktop-43.rose.com,"$57,191.95",ratione.mp3,415634,00:50:54,2023-07-28,Asia/Amman,French Southern Territories,110.600981,-55.6600665
email-82.gill.com,"$85,663.30",repudiandae.png,71263,15:48:04,1998-12-28,Africa/Nouakchott,Portugal,157.663056,-60.935490
srv-63.tomlinson.net,$3.13,explicabo.png,3,06:53:22,1970-10-29,Pacific/Guadalcanal,Korea,-87.836954,6.932250
db-93.wood-clark.net,$417.14,tenetur.webm,4716861,02:15:00,1974-04-25,Africa/Bissau,Zimbabwe,15.437001,-18.2278205
laptop-06.thompson-cooper.com,$8.70,saepe.tiff,7,09:30:55,1999-08-29,America/Mexico_City,Botswana,97.850826,70.7566505
lt-38.brooks.info,$13.45,voluptas.mov,817612717,10:19:53,1991-04-23,Europe/Vilnius,Kuwait,-116.869870,-52.642355
db-92.williamson.com,"$2,585.82",quam.jpg,70406,08:38:21,2004-08-25,Europe/Istanbul,Norway,106.213147,-63.867457
desktop-12.patterson.info,"$9,283.80",facilis.bmp,680021,21:18:59,1987-06-29,Asia/Damascus,United States of America,74.367297,-31.9393245
srv-88.james.biz,$82.42,tempora.mp3,866660950,11:32:15,2020-05-01,Asia/Jerusalem,Lesotho,-124.042665,-8.915146
srv-84.smith.info,$326.50,animi.wav,38885,20:36:04,2005-07-14,Europe/Riga,Cocos (Keeling) Islands,-81.040936,-17.633899
email-51.briggs.com,$33.97,illo.js,821962525,09:30:03,1978-10-25,Indian/Mahe,Yemen,-20.055835,23.2193835
email-78.forster-jones.com,"$64,963.92",consequatur.tiff,597067,19:00:19,2013-07-02,Asia/Phnom_Penh,Timor-Leste,-124.008464,-80.1915745
email-10.mason.info,"$3,862.60",mollitia.wav,86008429,03:42:56,2015-12-30,Asia/Katmandu,Mauritania,-174.611517,-63.5412735
db-34.berry-oliver.com,"$40,057.57",voluptatibus.txt,787,21:40:08,1993-03-01,Europe/Ljubljana,Rwanda,-18.118570,18.179665
srv-10.north.org,"$9,897.63",laborum.mp3,248398,13:15:41,1971-11-12,Africa/Brazzaville,Benin,20.989733,22.4870965
laptop-14.martin.co.uk,"$29,357.47",necessitatibus.json,9521504,08:50:29,2001-05-30,Africa/Ouagadougou,Bahrain,-151.857002,22.450494
desktop-73.lynch.com,"$6,340.96",perspiciatis.tiff,765490578,15:42:57,1988-08-03,Asia/Dili,United Kingdom,163.450618,69.839946
laptop-14.armstrong.com,"$45,847.27",ipsum.gif,3908873,20:53:05,2002-03-31,Europe/Budapest,Saint Vincent and the Grenadines,100.889240,-18.6429885
laptop-83.ward-kelly.com,$62.45,voluptatem.mov,2,05:14:32,1971-09-27,Europe/Berlin,Austria,-62.050136,-64.3272485
lt-92.mitchell.com,"$47,007.07",voluptas.docx,3581311,14:53:00,1993-01-07,Africa/Niamey,Panama,-30.256031,-18.578324
srv-52.evans.com,$912.99,nulla.gif,23,00:02:55,1971-02-23,Asia/Tokyo,United Kingdom,20.254176,-45.757545
email-74.barry.com,"$34,637.61",facilis.mp4,5,20:21:50,2014-10-19,Europe/Helsinki,Guadeloupe,51.867316,-49.7850815
laptop-01.winter.net,"$94,583.83",nisi.json,66734734,17:39:26,1972-04-06,Asia/Manila,Estonia,155.548145,40.552973
email-93.hughes.org,$5.70,ut.mp3,27839184,20:55:29,2019-01-09,America/Argentina/Mendoza,Dominican Republic,10.643273,30.603631
web-67.cooper.co.uk,"$4,767.86",animi.png,8322072,09:33:47,1972-06-16,Asia/Shanghai,Greenland,-20.185576,89.301663
laptop-95.lowe.net,$63.83,suscipit.csv,193,13:36:06,2021-10-31,Pacific/Fiji,Bermuda,45.500745,53.0658995
email-57.hughes-carey.co.uk,$4.15,voluptates.avi,3,22:50:39,1993-05-05,America/Asuncion,Cocos (Keeling) Islands,-139.852805,26.443761
desktop-84.baxter-mann.org,"$3,802.60",repellendus.wav,2703381,00:38:06,1987-10-31,Asia/Dushanbe,Dominica,148.231184,59.3304055
email-89.robson.com,"$19,938.99",suscipit.png,2,20:56:58,1997-04-04,Atlantic/Canary,Benin,26.130975,52.2314485
laptop-69.butler.info,$76.38,quos.wav,6065216,04:35:40,1975-04-20,Pacific/Apia,Bahrain,164.267929,49.4840805
desktop-24.murphy.com,"$9,130.80",cupiditate.pdf,43922539,22:31:19,1991-11-03,Europe/Malta,Jamaica,-99.517249,-47.2146895
laptop-07.gibbons.com,"$9,501.65",ipsa.flac,7,01:13:04,2009-03-13,Asia/Muscat,Togo,-71.425150,53.418631
web-54.morgan.com,$53.48,fugit.mp3,76046,07:27:33,1983-01-09,Europe/Bucharest,Senegal,131.107517,-31.0873365
web-77.jones-adams.com,$87.68,libero.webm,1,03:14:41,1988-03-11,Asia/Nicosia,Turks and Caicos Islands,39.955803,-40.2603115
srv-61.green.com,"$5,979.14",voluptas.xls,31513064,15:55:57,2014-02-26,Asia/Ashgabat,Tajikistan,154.968376,81.577232
email-69.baker-benson.com,"$36,914.78",a.wav,84132,05:34:37,2014-10-02,America/Caracas,Uzbekistan,-7.145172,-49.2206505
lt-17.jackson.biz,$730.51,blanditiis.wav,3711351,11:02:12,2017-08-03,Pacific/Port_Moresby,Burkina Faso,-5.588670,-88.668658
laptop-96.hill-brown.co.uk,$3.27,laboriosam.csv,47010,20:07:09,1971-08-19,Europe/Tallinn,Belgium,-85.256812,-88.6524635
web-79.bryan.com,"$2,678.40",nesciunt.mp4,54742,05:43:09,2020-12-18,America/St_Kitts,Isle of Man,-138.689254,-41.3853155
srv-71.pickering.com,"$32,175.56",asperiores.js,5384787,17:30:36,1994-08-13,Africa/Abidjan,Cocos (Keeling) Islands,-19.080432,-59.4253905
email-34.jennings-marsden.com,$8.19,est.png,5196,10:35:58,1970-06-22,Pacific/Funafuti,Uganda,170.725012,-66.180454
web-37.kennedy.info,$10.05,perspiciatis.mp3,73776,04:27:37,2008-09-14,Africa/Gaborone,Congo,60.182230,16.308922
desktop-08.marsh-roberts.org,$58.32,ullam.html,142100912,13:24:48,1999-07-27,Africa/Lusaka,Jamaica,-62.904842,-88.8739615
desktop-04.mitchell.info,$6.31,quas.js,890621,09:25:14,2020-10-10,Africa/Conakry,Tanzania,40.051325,-73.342154
web-92.wilson.org,$73.50,unde.doc,921237874,11:25:43,1973-01-28,America/Bahia,Chile,-113.557276,50.8040915
srv-36.griffin.com,$338.59,placeat.mp4,995269,06:01:43,1998-04-09,Asia/Tashkent,Honduras,-109.464794,61.772390
email-50.edwards-collins.com,$9.23,recusandae.numbers,925794455,14:58:35,2001-03-30,Europe/Oslo,Cape Verde,-61.315589,-88.561517
web-93.black.com,$2.81,non.wav,379142,02:57:27,1972-09-20,Africa/Banjul,Portugal,71.692407,27.856725
desktop-81.waters.com,"$91,842.34",officia.pdf,9354,02:35:35,1983-08-13,Europe/Brussels,Monaco,20.829037,-22.650051
desktop-29.matthews.com,$342.08,necessitatibus.json,231366,21:31:06,1985-01-15,Europe/Chisinau,Chad,-127.085922,-43.660355
desktop-19.reed-king.co.uk,$319.03,corrupti.txt,52177779,06:48:47,1985-12-22,Europe/Warsaw,Singapore,-136.941620,10.664547
srv-76.newman-robinson.com,$289.79,adipisci.pptx,832,12:24:10,1998-02-16,Europe/Vilnius,Botswana,129.995975,73.663656
desktop-53.stephens.org,"$72,214.58",harum.pptx,602652,09:03:06,1999-07-27,Asia/Baku,Philippines,-22.667247,-58.032107
srv-69.morris-thompson.net,$8.79,quod.webm,152544312,17:36:39,1986-05-20,Europe/Bratislava,French Guiana,-128.721269,33.3096365
srv-29.poole.com,"$9,521.02",nam.json,4399635,14:06:45,2022-03-29,Europe/Tallinn,India,-64.261588,-83.8701285
laptop-36.riley.co.uk,$1.04,animi.js,740213,14:52:46,1985-05-19,Asia/Hebron,Cayman Islands,47.309502,-89.0342595
email-10.foster.net,"$4,968.43",pariatur.mov,49,01:22:08,2011-08-16,America/Tegucigalpa,Colombia,41.650926,57.528417
email-52.martin.org,"$93,010.40",maiores.avi,9156885,01:42:25,2019-08-05,Africa/Mbabane,Faroe Islands,-19.268865,-68.7376425
lt-27.richardson.com,"$29,680.01",pariatur.odp,54852,11:07:08,1980-03-21,America/Los_Angeles,Congo,-49.743485,10.9743145
laptop-12.preston.co.uk,"$3,384.70",architecto.gif,27,10:00:57,1972-03-30,Africa/Mogadishu,Holy See (Vatican City State),13.895734,68.871893
laptop-46.buckley-potter.biz,"$2,037.13",sunt.txt,7,13:51:12,1992-09-26,Asia/Baku,Russian Federation,-51.635802,-76.3347835
desktop-26.williams.com,$999.05,quibusdam.avi,337,10:58:48,2012-03-19,Pacific/Auckland,Bahamas,-151.624738,-13.153527
web-88.farmer.com,$3.95,voluptate.mp3,323890,14:55:34,2023-08-08,Europe/Tallinn,Mayotte,112.054165,29.2954635
srv-08.mason.com,"$7,000.83",tempora.avi,78808,11:55:46,2016-06-28,Africa/Banjul,Liberia,-53.971788,-66.5825995
srv-14.smith.com,$89.14,vel.doc,8310221,01:09:49,1974-04-26,Asia/Taipei,China,-115.360485,-13.633507
web-94.foster-payne.com,"$6,778.30",quo.flac,0,06:40:03,2019-11-16,Europe/Sofia,Benin,94.949679,-21.7064545
laptop-39.evans.com,"$33,848.18",vitae.ppt,51,02:42:47,1980-09-13,Australia/Darwin,Maldives,-126.174721,32.0069665
laptop-60.hughes-parsons.com,$567.95,debitis.json,331709,04:47:00,2017-10-11,Europe/Malta,Azerbaijan,-131.683731,-77.939429
web-60.oneill.com,$3.24,vitae.mp3,63,23:59:03,2000-02-23,Africa/Addis_Ababa,Netherlands,155.386293,19.9652865
db-94.begum.com,"$2,067.21",itaque.key,9713,19:36:46,1972-03-13,Africa/Conakry,Qatar,-126.403952,77.740535
db-45.cooper.co.uk,"$94,277.73",animi.flac,994,07:36:17,1984-06-09,Asia/Tokyo,Dominican Republic,164.691935,53.462838
lt-34.patel-carr.org,"$81,813.99",a.html,585193,02:13:45,1983-07-09,Asia/Nicosia,Guadeloupe,-16.813942,-78.861376
email-96.walker.com,$11.70,animi.flac,11,15:56:35,1987-10-14,Asia/Dushanbe,Senegal,105.918067,1.9966055
lt-18.campbell.com,"$1,384.85",consequatur.jpeg,404,07:36:00,1983-06-08,Pacific/Guadalcanal,Mauritius,-2.927250,56.6502255
laptop-67.bradley.info,$8.70,optio.css,5197128,12:26:32,1996-08-03,Europe/Tallinn,Ethiopia,78.145850,-35.982662
db-20.obrien-williams.com,"$15,631.43",provident.ods,9,22:09:19,1987-12-04,Africa/Brazzaville,Portugal,-135.059660,49.5883685
srv-16.wright.biz,$3.25,incidunt.mp4,745587,04:22:07,1994-03-09,Africa/Lagos,Antigua and Barbuda,-75.415739,-75.933501
db-79.lee.biz,"$5,434.56",delectus.gif,933820589,23:23:20,2006-08-21,Europe/London,Maldives,-44.471697,-37.377507
lt-48.mitchell.co.uk,$9.17,quis.csv,86,03:25:08,1998-07-04,Asia/Yerevan,Suriname,-121.190787,-55.9638015
desktop-45.hill.com,$429.30,voluptate.jpg,82924,22:51:27,2023-01-18,Asia/Calcutta,Costa Rica,71.251128,15.4912505
laptop-85.bailey.com,$3.79,ipsam.txt,23,04:33:12,1982-09-21,Europe/Andorra,Qatar,21.138928,30.7331445
web-69.clark-steele.com,$1.48,sunt.css,7286917,02:07:53,1970-07-07,America/Santo_Domingo,Ghana,-128.176158,-50.028972
desktop-43.metcalfe.biz,"$4,477.76",autem.png,6179277,21:21:49,2010-04-30,Asia/Kuala_Lumpur,Cayman Islands,-107.742942,-57.059230
laptop-11.moore.net,$4.93,quis.key,181405025,00:29:50,2017-09-05,Europe/Riga,Heard Island and McDonald Islands,28.561319,3.320476
desktop-52.williams.net,"$5,758.01",autem.wav,31,21:33:05,1970-01-03,America/La_Paz,Palestinian Territory,-71.194688,-49.3884255
laptop-54.chadwick.com,$220.99,tenetur.jpeg,169050464,11:18:17,1971-10-01,Asia/Karachi,Ghana,4.686345,51.4517055
laptop-01.mitchell-wall.com,$553.66,voluptatum.xls,585,02:48:35,2011-04-15,America/Nassau,Saint Kitts and Nevis,-129.795281,6.911323
email-43.jones-george.org,$73.04,voluptatem.bmp,737,22:46:51,2015-12-28,Asia/Dhaka,Suriname,-97.423194,2.159546
srv-72.cox-martin.co.uk,$973.57,repudiandae.pdf,811180,05:06:45,1970-02-08,Africa/Malabo,Cameroon,-66.799796,68.774320
web-85.thomas-watson.com,$612.14,aliquam.gif,5864,23:40:47,1990-01-10,Africa/Porto-Novo,Gambia,17.446642,36.260857
laptop-70.williams-jennings.com,$73.86,corporis.wav,16,14:23:28,2017-04-29,Africa/Dakar,Guinea-Bissau,-24.898388,-89.1851135
laptop-36.johnson.com,$70.30,explicabo.wav,32125,19:10:47,1978-06-08,Asia/Gaza,Finland,-83.133789,-15.5195655
email-36.parkinson-williams.com,"$6,651.78",est.numbers,84067691,22:39:00,2007-10-04,Pacific/Kiritimati,Gambia,146.996837,30.8068765
email-99.turner-howell.net,$3.85,accusantium.pptx,448,00:56:29,1992-12-19,Asia/Dhaka,Algeria,-50.929352,51.959345
laptop-45.shaw.info,$0.90,molestiae.mp3,90,02:55:14,1994-06-15,Asia/Bangkok,Uruguay,125.337401,-62.5436615
web-94.howells.com,$4.79,ducimus.mp3,18,02:55:09,1979-08-03,Africa/Khartoum,Russian Federation,-88.970703,45.1287175
email-39.macdonald-hunt.org,"$20,788.53",vitae.html,15,19:17:20,2006-11-27,Africa/Lubumbashi,Sierra Leone,26.349628,-38.574359
db-22.phillips.com,"$77,676.03",quis.pdf,7191454,06:05:15,1980-04-22,Africa/Mogadishu,Congo,-155.788362,58.2127305
desktop-57.forster-jackson.com,"$8,996.61",voluptatem.numbers,7,14:14:54,2003-09-30,Asia/Almaty,Korea,138.720052,54.211288
email-62.mcdonald.org,"$6,538.11",dicta.xlsx,745494329,05:43:43,1986-01-09,Asia/Saigon,Timor-Leste,8.354617,-50.034736
desktop-48.herbert-rose.com,$910.17,nam.jpg,1,15:44:40,2018-01-06,Asia/Pyongyang,Saint Pierre and Miquelon,163.767786,-24.0574725
web-76.brown.com,"$13,794.47",et.csv,1,16:57:29,1972-06-07,Africa/Dakar,Comoros,65.899687,-60.896584
srv-30.thomas.info,$65.86,et.jpg,99,22:02:38,1999-10-24,Africa/Monrovia,Sudan,155.160456,-34.252186
desktop-86.watkins.co.uk,"$9,541.38",cupiditate.wav,7551,09:03:00,2008-08-08,Asia/Colombo,Iceland,140.615191,-74.040153
db-62.martin.info,$5.07,at.html,682181,02:36:48,1979-02-24,Asia/Tbilisi,Bouvet Island (Bouvetoya),118.119472,40.101303
lt-97.price-khan.com,"$5,562.85",dignissimos.pptx,7093912,06:18:20,2010-08-16,America/Antigua,Poland,128.651945,-87.171422
web-69.jones.co.uk,"$41,880.02",fugiat.doc,46324047,23:57:21,2006-01-04,Africa/Monrovia,Gabon,69.421518,86.3230315
lt-42.law-smith.com,"$7,122.12",eos.json,428,20:42:44,1982-04-23,Europe/Berlin,Estonia,73.891642,-73.579002
db-52.edwards.com,"$6,802.14",dolore.gif,8,19:06:55,2014-06-10,America/Montevideo,Trinidad and Tobago,12.475051,29.995018
db-36.bailey.com,"$80,796.82",labore.odt,4222,22:46:33,1977-02-17,Pacific/Truk,Guyana,-171.284704,81.4073905
srv-09.kaur-sharpe.com,$796.50,eos.json,62,12:11:12,1990-12-10,Pacific/Guadalcanal,Latvia,126.177222,-2.2760605
srv-86.bibi.com,"$6,832.27",aut.wav,61336450,15:05:49,1978-01-16,Europe/San_Marino,Yemen,2.864091,34.803584
email-78.ball.biz,$66.12,sed.csv,418088,09:47:35,1977-06-29,Asia/Bangkok,Uzbekistan,112.541256,16.7928205
email-66.bolton.com,$68.21,voluptatibus.odt,59945,17:30:36,1985-04-06,America/Montevideo,Barbados,134.157564,75.576003
desktop-64.wilkinson.com,"$7,091.14",nesciunt.jpg,18787267,17:01:48,1976-05-18,Africa/Bangui,Gabon,14.724967,-23.689913
web-64.johnson.com,$9.13,atque.jpeg,197802,23:22:31,2006-06-23,Africa/Porto-Novo,Saint Kitts and Nevis,-104.841319,-4.503035
laptop-44.lee.com,$9.65,officia.jpeg,307,13:16:27,2004-04-08,Europe/Zurich,Bermuda,56.394458,20.6227425
srv-06.johnston.com,$99.07,vitae.mov,60777029,03:14:27,1976-10-26,Europe/Vilnius,Ukraine,-138.605166,-74.512322
lt-53.williams.com,$17.63,tenetur.odt,1842,23:37:41,1970-03-11,Africa/Bissau,Montserrat,170.363957,78.884703
lt-90.gray-hughes.com,$47.30,illo.tiff,542753244,17:06:16,2022-04-27,Europe/Riga,Mauritius,148.542211,-45.1986185
lt-21.charlton.org,"$50,244.29",deleniti.mp3,56895,02:40:44,1984-04-03,Africa/Freetown,North Macedonia,-43.507643,-24.351511
lt-84.sims.biz,"$6,232.31",reiciendis.mp3,4,06:03:22,2008-01-11,America/Grenada,United States of America,161.487233,7.1798845
lt-12.mitchell.com,"$13,251.78",molestias.avi,8,16:37:21,2003-12-29,Europe/Zurich,Zimbabwe,69.035180,26.9492625
web-45.stephenson.com,"$7,553.82",recusandae.mp4,51,00:56:17,1974-04-01,Pacific/Fiji,Kenya,-53.015517,-77.629466
lt-24.williamson-holden.net,$0.54,possimus.tiff,4,14:31:54,1993-09-05,Asia/Kabul,Yemen,-111.232017,35.4606925
desktop-67.stone.net,"$22,505.86",laborum.txt,347103,20:34:25,2002-12-05,Europe/Sarajevo,Guatemala,113.659049,68.020736
email-30.williamson.org,$6.13,possimus.jpeg,1237649,08:57:08,1983-07-24,America/St_Kitts,Australia,-104.371262,-17.166266
email-20.pearce-williams.com,"$92,620.59",cum.js,8687705,05:13:10,1996-07-18,Pacific/Guadalcanal,Hungary,-26.369185,12.0356505
srv-78.marshall-howard.com,$38.61,sequi.mp4,7,15:19:28,2020-02-12,Atlantic/Reykjavik,Monaco,-127.445351,81.506849
web-97.norton.com,$49.61,impedit.tiff,332,19:32:20,2005-11-10,Asia/Thimphu,Ghana,-152.404544,-59.490051
db-62.nicholson.biz,"$46,397.36",porro.gif,19,04:56:25,1975-03-29,Asia/Taipei,Japan,110.888650,-19.126812
srv-03.bull.net,$3.47,excepturi.js,8,05:40:54,2018-12-22,Europe/Ljubljana,Lao People's Democratic Republic,-83.039398,-33.4354295
web-70.hussain.info,"$9,254.88",cumque.flac,95,14:48:46,1998-08-02,Asia/Tashkent,Finland,114.760623,82.357765
srv-90.johnston.com,"$17,643.26",illo.jpeg,89,12:04:20,1973-07-06,Europe/Tallinn,Mongolia,63.812421,36.3470705
web-42.bishop-brown.info,"$5,542.38",saepe.pdf,0,15:09:09,2010-06-08,Asia/Baku,Panama,-61.162902,-19.1572265
db-62.bond.co.uk,"$90,450.95",voluptates.flac,92932587,20:15:36,2012-01-19,Europe/Riga,French Polynesia,129.116890,-12.9254235
email-27.grant.com,$41.99,iusto.webm,7272,09:05:21,2022-03-23,Europe/Ljubljana,Argentina,-137.762856,39.6967515
srv-22.newton.com,$40.19,ad.pdf,45,06:28:32,1996-05-16,Pacific/Tarawa,Liechtenstein,117.121667,-18.957090
desktop-20.morrison-davies.com,"$1,712.50",officiis.webm,8,16:37:41,1990-03-12,Asia/Anadyr,Guinea,-134.919069,-86.3700835
srv-95.houghton-pollard.net,$2.50,fuga.wav,177038677,11:55:34,2020-10-15,Europe/Istanbul,Denmark,142.538472,65.706303
laptop-73.wood.biz,$87.15,animi.js,695735,09:43:38,2008-06-09,Asia/Calcutta,Argentina,33.883974,-2.2254995
email-33.wilson.com,$29.94,temporibus.txt,8352978,16:53:09,1993-12-12,Asia/Dili,Norfolk Island,-54.986923,72.1992085
srv-14.booth.org,"$50,228.94",nobis.mov,90642781,17:49:20,1981-10-27,Africa/Blantyre,Somalia,-40.232279,45.807849
desktop-94.thompson.com,$1.76,dolores.tiff,6427834,04:49:36,2010-04-07,Africa/Porto-Novo,Djibouti,-104.869812,79.142367
db-52.mason.info,"$7,351.71",vitae.txt,1811,04:25:13,1983-03-23,Africa/Windhoek,Central African Republic,-143.001589,54.2006745
laptop-24.lambert.com,$8.78,error.avi,414,09:16:09,1975-09-22,Pacific/Nauru,Dominica,-49.567088,-48.542081
laptop-48.wade.com,$470.18,dolorum.mp4,3476,09:04:17,1999-07-11,Europe/Ljubljana,Norfolk Island,76.710218,35.387937
lt-29.russell.info,$665.15,hic.mp3,612373,23:55:50,1989-12-29,Africa/Lome,Saint Barthelemy,-36.862710,81.925991
web-91.bennett.com,"$23,318.10",earum.jpeg,7,05:06:24,1988-07-24,Indian/Mahe,Niue,11.691189,26.4819095
web-04.gray.info,$96.94,laborum.bmp,650356725,20:58:42,1992-03-04,Asia/Calcutta,Togo,116.324076,10.9349365
email-90.moore.net,$6.44,officia.json,3721,23:36:28,1983-09-14,Asia/Yerevan,Belize,-128.074331,39.325411
desktop-68.page-winter.com,$63.95,explicabo.js,51,05:12:57,1991-12-11,Africa/Windhoek,Cape Verde,-96.660930,27.3666865
email-15.ross.info,"$1,656.45",minus.css,427094,14:56:10,1974-11-23,Atlantic/Reykjavik,Sri Lanka,-41.290207,-80.2383015
email-78.jackson-bowen.com,$1.86,numquam.jpeg,4040,20:04:39,2022-05-30,Africa/Brazzaville,Burkina Faso,-177.127679,27.4027995
srv-60.burton.com,$63.67,corrupti.flac,72148,04:48:19,1986-03-30,Pacific/Port_Moresby,Vanuatu,-1.598813,-67.103067
laptop-56.thompson.com,"$38,890.67",asperiores.flac,1,19:11:18,1978-12-12,Atlantic/Reykjavik,Malta,133.581941,0.534064
web-81.field.co.uk,"$7,179.89",ipsa.webm,954514,12:16:20,2005-11-28,America/Guatemala,Philippines,-85.580345,79.573257
email-00.clarke.org,"$43,456.53",iure.flac,18,04:53:27,2010-06-10,Europe/Vaduz,Zimbabwe,120.349694,28.098799
db-50.carter.org,$1.25,nemo.bmp,280,20:07:35,2014-12-03,America/Dawson_Creek,Vanuatu,-156.080581,-85.9185695
laptop-83.davidson.co.uk,$833.61,ipsa.mp4,310321009,23:17:41,2010-05-29,Asia/Katmandu,Hungary,66.481986,-40.3911385
srv-99.woods.org,"$3,528.30",molestiae.webm,5708022,17:13:36,2003-01-01,Pacific/Palau,Guam,164.721570,-63.4291865
desktop-03.roberts.org,$96.57,odit.jpg,8,18:34:12,1990-01-19,Europe/Brussels,Pitcairn Islands,112.669851,-70.668154
email-03.anderson-parker.org,"$9,196.22",rem.xls,5899,05:45:17,2014-08-02,America/Paramaribo,China,-99.795365,-55.173011
web-64.pearce.co.uk,"$55,974.62",asperiores.jpg,39316,14:18:44,2018-01-19,Europe/Minsk,Greenland,60.513275,28.8760855
email-62.hale.com,$587.77,a.mov,5809,06:53:19,2016-07-10,Asia/Riyadh,Dominican Republic,83.592277,-80.058123
desktop-73.edwards.com,$5.06,sed.mp3,823160541,13:34:47,2002-01-29,Africa/Johannesburg,Canada,4.480523,81.068389
web-94.yates-lee.com,"$4,297.08",iusto.json,8978,17:44:49,2000-08-08,Europe/Prague,Afghanistan,27.029878,40.2807455
lt-94.baker-finch.co.uk,$35.57,vero.jpg,33689329,13:32:00,2006-04-22,Africa/Malabo,United States of America,67.893157,-60.030624
lt-72.wade-owen.net,$7.42,ratione.mp3,6,01:55:37,1998-09-27,Asia/Baku,Malawi,-12.637582,3.780747
web-39.wilson.com,$431.64,expedita.tiff,8,06:15:15,1997-03-01,America/Asuncion,Saint Kitts and Nevis,-2.540625,-43.1459035
db-16.stanley-crawford.biz,$1.57,natus.jpg,80,10:59:00,2009-03-21,Pacific/Fiji,Argentina,-52.166798,-66.779490
srv-11.stewart.com,$0.65,voluptate.js,17607,23:45:57,1986-04-05,Africa/Mbabane,Benin,170.034946,-74.601952
laptop-88.knight.org,$37.69,iure.bmp,856,10:23:03,1974-02-20,Europe/Tirane,Faroe Islands,-111.962363,-75.2812855
desktop-48.bolton.org,$52.27,doloremque.css,87746,13:42:38,1981-07-21,Europe/Dublin,Ghana,-60.971504,53.2892285
db-51.begum-turnbull.com,$48.63,quam.mov,2024058,19:24:33,1982-05-29,Europe/Belgrade,Afghanistan,67.295477,19.780379
desktop-78.burgess.com,$44.37,quaerat.mov,414,23:10:22,1998-12-18,Europe/Dublin,China,122.605132,66.3473045
web-15.davies.com,$230.70,esse.jpeg,2320,20:04:56,1990-02-08,Europe/Tirane,Peru,-81.066609,9.4346005
web-06.martin.co.uk,"$3,944.48",possimus.css,35,04:12:53,2005-05-08,Pacific/Tarawa,Sri Lanka,145.366324,36.3201925
web-76.mann.info,$57.69,aspernatur.wav,116586,00:29:27,2010-09-26,Asia/Pyongyang,Kiribati,-38.826200,83.393521
desktop-61.short.org,$54.05,dolorem.mp4,670471121,01:54:48,1987-06-12,Africa/Lagos,Kuwait,-0.487185,45.736094
laptop-91.edwards-yates.net,$91.31,suscipit.tiff,493,20:38:57,1979-06-25,America/Belize,Syrian Arab Republic,123.522180,-45.8646515
lt-09.davies.org,$69.17,consectetur.mp4,81744,22:16:00,2020-01-11,Europe/Podgorica,American Samoa,-122.326839,9.703158
db-32.davies.com,$10.39,iure.flac,9210,16:54:55,2023-04-28,Asia/Amman,Armenia,-31.030610,19.898474
srv-03.lewis.org,$267.16,iure.doc,663123854,07:48:28,1997-12-31,Africa/Ouagadougou,Saint Barthelemy,87.362459,57.964373
laptop-91.chapman.net,"$5,207.27",asperiores.mp4,612713,11:45:27,1984-05-15,Asia/Samarkand,Azerbaijan,171.863650,-37.5000035
desktop-68.jones.com,$135.53,dolor.webm,9550426,15:15:44,2002-11-29,Africa/Conakry,Belarus,-150.133427,31.0011685
desktop-05.walker.net,$5.34,repellat.mp3,926521,02:32:33,2016-01-29,Africa/Malabo,Turks and Caicos Islands,-17.759034,48.067350
web-17.khan.info,"$9,466.57",aliquam.avi,103624279,15:18:22,2001-11-09,Asia/Karachi,Kazakhstan,16.582905,86.079346
desktop-41.woods.net,$540.37,fuga.html,886000,10:40:32,1982-12-07,Africa/Abidjan,Nepal,-153.881193,-74.3095645
srv-38.wallis-rose.info,"$97,742.86",non.txt,9,20:59:43,2003-07-30,Europe/Prague,Vanuatu,-165.903061,24.6752505
web-37.cunningham.com,$99.00,animi.mp4,765499,20:55:17,1973-06-30,Africa/Accra,Switzerland,117.235796,-53.204569
web-15.knight.net,$3.64,voluptatem.html,69218,23:33:10,1979-01-18,Indian/Comoro,Thailand,103.591485,57.239368
desktop-75.knowles.co.uk,$8.14,hic.mp3,600820335,23:00:47,1989-12-06,Africa/Freetown,Holy See (Vatican City State),-24.071182,66.494692
email-32.power.com,$20.20,incidunt.jpeg,480628801,19:32:55,2000-02-16,Europe/Copenhagen,Barbados,-53.871558,-42.965988
lt-73.smith.com,"$56,835.85",ut.doc,106,21:55:15,1998-06-15,Asia/Dhaka,Falkland Islands (Malvinas),37.972226,77.443198
srv-21.morley-humphries.com,$677.91,aliquam.mp4,9344,05:06:13,1979-12-16,Africa/Lagos,Bosnia and Herzegovina,-29.856009,-61.8197185
srv-25.smith.org,"$1,121.34",eligendi.gif,60036600,11:58:08,2001-11-13,America/St_Lucia,Somalia,-91.427734,-20.813390
db-90.shaw.com,$777.20,voluptates.wav,832431172,09:08:05,2008-08-27,Pacific/Galapagos,Marshall Islands,-172.852392,-62.381971
laptop-79.bailey-jones.co.uk,$295.02,ducimus.wav,81605,06:34:09,2022-02-18,Asia/Kuwait,Rwanda,-91.860392,-47.5552725
web-23.smith-gill.org,$34.65,id.key,8,18:08:44,1976-02-01,Europe/Budapest,Togo,-109.916765,82.4378265
srv-41.hughes.org,"$36,508.65",at.wav,1571,19:23:42,1996-11-04,Europe/Zagreb,Saint Martin,-32.851943,-50.997008
web-10.hopkins.com,$7.59,accusantium.html,20658,02:55:56,1987-05-06,Europe/Istanbul,Turkey,-92.413947,-44.2618975
lt-11.kent-davies.com,$207.17,hic.numbers,47811788,17:36:17,2015-06-02,Africa/Asmera,Djibouti,-14.122032,-46.9929485
email-00.obrien.com,$8.67,magnam.png,482,09:10:11,1992-02-18,America/Antigua,South Georgia and the South Sandwich Islands,55.103683,-74.6474435
email-27.hewitt.biz,"$32,354.65",voluptate.jpg,9584640,23:33:15,1990-04-10,Europe/Bucharest,Fiji,31.213869,-40.8575685
lt-10.smith.info,"$7,298.75",nihil.pptx,100935,10:41:41,2021-04-14,Africa/Banjul,Macao,-141.377055,69.293870
web-85.long.org,$53.05,hic.pages,398058,22:13:59,1980-03-18,Africa/Libreville,Rwanda,33.287982,-63.077883
email-60.carter.com,$63.45,cupiditate.jpg,987,18:09:38,1989-10-31,Africa/Johannesburg,Tajikistan,-173.023411,-31.7721235
