random_number,company,iso8601,bank_country,time,longitude,timezone
33749,"Davies, Hicks and Hawkins",1990-05-24T01:06:55,GB,02:43:04,40.893599,Pacific/Ponape
211506,"Williams, Wells and Grant",2009-01-06T17:35:58,GB,02:43:25,176.455528,Asia/Qatar
3579,Pugh and Sons,2008-12-14T22:28:35,GB,04:20:51,-5.594839,Asia/Seoul
99,Martin Ltd,2000-10-27T20:27:49,GB,11:35:07,83.130946,America/Paramaribo
56889,Edwards-Day,1973-08-31T09:23:49,GB,07:30:10,-16.442931,Africa/Dar_es_Salaam
830091,Gray-Walker,2021-02-14T07:10:15,GB,16:08:54,-57.691704,America/Barbados
450146,"Higgins, Whitehead and Hunt",1982-11-03T02:57:56,GB,04:22:36,-166.048479,Africa/Asmera
55,Miller and Sons,2009-08-08T12:59:25,GB,09:03:08,-163.582946,Indian/Mauritius
58037,"Lambert, Stokes and Macdonald",1997-09-08T19:32:10,GB,16:45:10,-20.334425,Africa/Gaborone
20,Clark-Smith,1987-09-16T21:59:19,GB,06:27:43,39.231093,Asia/Tokyo
793,West-Brown,2006-12-26T16:18:59,GB,01:48:22,-98.652747,Asia/Kuala_Lumpur
4304079,"Dodd, Smith and Coles",2005-01-23T06:53:57,GB,13:20:00,167.278273,Pacific/Enderbury
8234687,"Clark, Griffin and Francis",2012-01-07T23:21:00,GB,06:09:09,-31.670146,Europe/Skopje
472,Jordan Group,2002-11-03T09:53:01,GB,02:05:22,-69.641910,Asia/Baku
49,"Mitchell, Hodgson and Jones",2000-01-28T18:15:18,GB,19:36:43,168.071405,America/Caracas
610125126,Davies-Griffiths,1989-02-14T02:58:26,GB,05:43:48,-86.782237,America/Rainy_River
158572,Dixon Ltd,1970-08-24T14:53:43,GB,18:23:13,-2.435431,America/Guyana
2,Howard-Gill,2002-08-23T15:31:31,GB,06:00:30,117.996899,Europe/Oslo
234321,Bailey-Sharp,2014-10-02T15:34:44,GB,07:22:58,30.515245,Asia/Qatar
590091262,Nicholls Ltd,1989-05-31T16:51:24,GB,13:26:52,37.045399,America/St_Kitts
641003835,"Jones, Roberts and Robinson",2014-04-08T06:06:45,GB,09:24:07,146.881457,Africa/Kinshasa
3056,"Morris, Barker and Cunningham",1982-05-15T14:43:33,GB,02:45:50,-160.837665,America/Argentina/Cordoba
6,Hill-Power,1998-11-25T18:17:22,GB,00:17:03,-128.464999,Asia/Qatar
678045,Armstrong PLC,2009-03-28T13:47:41,GB,10:34:52,0.687662,Africa/Harare
5,"Barton, Robinson and Holmes",2001-03-04T11:56:56,GB,17:02:14,-0.225809,Asia/Amman
182,"Wade, Hill and Harris",2001-07-17T12:35:29,GB,11:00:02,30.970375,America/Santo_Domingo
8234846,"Kennedy, Clark and Willis",2023-08-31T18:23:33,GB,03:01:46,-177.260680,Asia/Colombo
4548633,Turner Group,1983-08-28T21:57:05,GB,05:05:02,66.457711,Pacific/Kiritimati
632,Patel Group,1971-01-31T18:35:36,GB,05:50:36,-176.704840,Africa/Dar_es_Salaam
733106753,Moore PLC,2005-12-10T22:04:35,GB,15:26:09,-142.453247,America/Grenada
736960,Green-Morris,1980-03-23T15:07:56,GB,23:08:09,139.971159,Indian/Maldives
8598,Fox-Francis,2019-02-12T14:45:48,GB,05:55:51,122.014024,Pacific/Funafuti
377,"Clarke, Walker and Rahman",1981-04-20T18:40:06,GB,18:23:48,93.212037,Africa/Bujumbura
2079216,Gregory Inc,2007-08-27T18:46:10,GB,21:28:24,59.747922,Pacific/Fiji
2493504,Singh and Sons,2007-07-05T01:51:36,GB,19:33:48,41.241138,Europe/Copenhagen
58,"Williams, Graham and Smith",2021-06-27T14:58:42,GB,22:13:05,90.329032,Europe/Prague
20,Marsh-Sanders,1979-05-02T00:48:47,GB,17:58:57,167.123237,America/Campo_Grande
45223,Harvey Ltd,1977-09-17T23:38:26,GB,22:12:56,38.719982,Indian/Mahe
7629,"Johnson, Carroll and Fox",2009-10-25T20:52:09,GB,14:46:24,116.371236,Europe/Podgorica
398282,"Watkins, King and Saunders",1994-11-01T10:56:30,GB,15:06:14,-70.892505,Africa/Bangui
2175,"Morrison, Taylor and Wallace",1984-10-05T03:01:46,GB,10:36:13,118.478415,Africa/Ouagadougou
358,"Farrell, Knight and Summers",1997-03-18T20:15:09,GB,18:13:25,-64.957564,Africa/Casablanca
81,Smith LLC,1976-02-11T02:14:11,GB,15:05:10,-50.492293,Asia/Nicosia
636718927,Howard Inc,1995-01-09T17:05:56,GB,20:42:17,147.488679,Africa/Kampala
5994199,"Hall, Bates and Pollard",1993-08-31T07:02:41,GB,12:22:27,63.905603,Europe/Monaco
6548106,"Parker, Marsh and Newman",1990-10-27T17:16:16,GB,20:48:02,-62.203143,Asia/Amman
261394,Davies Group,1996-11-23T21:50:21,GB,15:21:40,32.389573,Asia/Beirut
429290,"Robertson, Perry and Rowe",2023-02-26T05:26:07,GB,05:05:23,38.114576,Asia/Muscat
47,"Jones, Hughes and James",2022-02-06T19:58:20,GB,07:49:37,-177.596712,America/Bogota
362196646,"Holden, Jones and Richardson",2016-01-25T17:08:44,GB,13:34:32,-172.928117,Africa/Accra
762943,Morrison-Gardner,2016-12-24T03:23:52,GB,17:25:34,-9.870334,America/Tegucigalpa
690,Wright Inc,2014-08-12T05:25:51,GB,17:10:34,157.334142,Africa/Cairo
355409529,Clark and Sons,1999-03-23T14:48:43,GB,04:18:26,-92.712232,Europe/Bratislava
145346,Wheeler-Evans,2011-04-28T16:50:35,GB,14:36:34,-41.507220,Asia/Gaza
9188,"Baker, Humphries and Gray",2017-08-09T22:20:36,GB,23:04:00,101.532251,Indian/Antananarivo
600442953,Griffiths LLC,1974-01-17T16:08:44,GB,05:18:21,-115.566247,America/Anchorage
29589739,"Curtis, Clarke and Jackson",1986-04-03T04:39:01,GB,18:08:42,-145.261867,America/Havana
498916,"Davies, Jennings and Thompson",2008-12-23T04:59:08,GB,21:12:18,114.707176,Africa/Mbabane
516929480,Turner-Armstrong,2002-01-23T17:20:46,GB,07:44:16,-172.795575,America/Belize
831218402,Johnson PLC,1982-06-20T15:05:20,GB,17:47:55,19.912317,Africa/Douala
4,Cooper-Brown,1999-01-17T03:27:03,GB,05:19:50,132.487306,Asia/Taipei
0,Edwards-Begum,2014-07-13T02:30:13,GB,01:27:14,-118.395240,Asia/Karachi
2,"Evans, Turner and Power",2014-07-26T10:54:08,GB,05:21:33,31.644387,Europe/Stockholm
1,"Simpson, Ball and Jones",2019-05-03T05:11:12,GB,23:38:49,-121.801027,America/Mazatlan
328208,"Bolton, Powell and Goodwin",2020-08-30T07:08:08,GB,09:04:29,117.871156,Asia/Kabul
2726417,Wells-Pollard,1997-10-27T06:24:22,GB,12:45:11,-178.317632,Pacific/Auckland
869071366,Evans Inc,2016-10-20T19:31:17,GB,18:07:33,-145.829426,Europe/Bratislava
4,Newton-Metcalfe,1980-02-07T07:13:19,GB,01:20:03,80.218309,Asia/Kuwait
100074,Andrews and Sons,2012-11-14T06:24:30,GB,21:37:23,-89.154171,Atlantic/Cape_Verde
3060432,"Hill, Burton and Evans",2005-08-03T19:15:59,GB,08:38:54,19.198978,America/Guyana
7633,Jones and Sons,1973-01-30T20:44:56,GB,09:56:34,-90.482041,Asia/Baghdad
290020334,Clarke-Barlow,2003-06-23T23:56:19,GB,02:29:38,-105.876986,Africa/Banjul
9737364,Turner LLC,1989-02-03T21:25:24,GB,13:44:53,-133.067916,Asia/Baghdad
3,"Parry, Carter and Harris",1998-01-16T16:16:34,GB,06:24:16,-70.733206,Europe/Belgrade
78995062,"Collins, Lane and Taylor",2000-03-28T12:20:51,GB,07:55:04,-56.802582,Africa/Dakar
6776,O'Connor LLC,1992-10-31T09:36:54,GB,19:53:41,151.527361,Asia/Pyongyang
2,Pickering Inc,1980-05-16T20:59:45,GB,00:51:08,-123.035200,Africa/Ndjamena
52,Williams Group,1989-09-21T10:13:30,GB,08:23:38,122.074783,Pacific/Kosrae
9783,"Jennings, Kennedy and Parsons",1999-10-11T16:46:43,GB,21:26:15,106.111384,Europe/Vienna
4575,"Williams, Harper and Howarth",1986-12-25T22:21:32,GB,16:13:11,162.937169,Europe/Sarajevo
87682012,Power and Sons,1988-07-31T15:04:25,GB,08:12:58,-179.745144,Asia/Kabul
4,Mellor-Campbell,2021-05-26T22:59:43,GB,13:45:05,-173.894843,Europe/Amsterdam
4111629,Gregory-Baxter,2011-06-19T00:08:42,GB,11:46:49,-41.157596,Africa/Brazzaville
7,Sims PLC,1987-06-30T23:14:10,GB,16:39:39,-155.550862,Africa/Mogadishu
72,"Hall, Berry and Pearce",2003-01-24T18:07:12,GB,10:07:17,-24.237939,Africa/Libreville
8,Hill and Sons,2001-05-19T09:47:37,GB,13:16:57,102.908731,Europe/Tallinn
269767,"McDonald, Taylor and Barker",1979-04-03T06:42:03,GB,08:36:33,-27.334287,Africa/Dar_es_Salaam
8534,White-Leach,2017-11-13T15:02:50,GB,10:29:51,-10.794688,America/Montevideo
6,Williams-Lowe,1979-03-09T07:47:23,GB,06:58:54,104.383633,Europe/Budapest
8,"Carter, Davies and Marshall",1980-03-24T02:15:09,GB,11:56:11,-52.325193,Indian/Antananarivo
77579105,Moore-Burton,1976-07-09T04:39:22,GB,20:33:07,159.227512,America/Guyana
6871,Holmes Ltd,2007-11-04T18:22:00,GB,18:41:41,164.743806,Asia/Manila
29980090,Price-Cole,1983-12-30T11:52:10,GB,13:13:09,85.656123,Asia/Muscat
1408945,Moore-Bradley,2018-02-14T15:23:05,GB,03:31:08,138.047265,Europe/Chisinau
86,Woods-Davies,1970-01-08T22:18:46,GB,17:45:02,-30.606672,Asia/Harbin
7443,"Cook, Joyce and Ingram",1973-12-16T22:31:06,GB,15:50:02,-9.951793,Asia/Bangkok
76,Williams Inc,2011-12-23T19:10:39,GB,21:59:12,7.347570,Africa/Kampala
65,"Richardson, Evans and Wilson",1983-01-01T12:28:18,GB,02:39:44,-55.921802,Pacific/Tongatapu
455,Williams PLC,1995-07-10T03:31:27,GB,17:19:18,-55.856046,Europe/Copenhagen
56180349,"Davies, Hudson and Gray",2021-09-16T08:31:28,GB,12:13:31,-75.778713,Africa/Douala
60,Williams-Holt,1984-04-15T07:31:02,GB,10:29:05,-117.497120,Europe/Athens
9002376,Bond Inc,2020-11-21T06:02:49,GB,22:56:32,-28.089195,Asia/Muscat
43,Burgess-McCarthy,1973-07-06T00:21:05,GB,03:56:00,82.288517,Africa/Malabo
322,Hancock-Clayton,1998-02-14T05:16:23,GB,08:52:51,52.946424,Africa/Porto-Novo
4605188,Greenwood and Sons,2001-05-21T15:27:01,GB,19:46:27,-15.615361,Indian/Comoro
178,Perkins-Rahman,1992-05-08T17:13:45,GB,17:27:09,-98.889904,Asia/Kuching
21518,"Moore, Dale and Burgess",2010-05-01T06:42:24,GB,03:00:19,36.510823,Africa/Abidjan
8203016,"Watson, Morris and Gould",1975-03-24T11:21:04,GB,18:24:08,49.548793,Atlantic/Reykjavik
110437,Nicholson Inc,2012-12-30T18:15:36,GB,02:44:48,-103.154242,Africa/Bujumbura
34933,Thomas Group,2017-03-17T02:43:16,GB,09:59:14,-55.095615,Europe/Madrid
32078,Thomas-Cox,2023-02-05T23:06:10,GB,00:03:12,96.413630,Pacific/Enderbury
22,Clarke LLC,1990-08-06T16:12:54,GB,18:11:28,78.760785,Europe/Belgrade
631776,"Leonard, Phillips and Moss",1995-03-21T04:01:35,GB,03:57:04,-48.072364,Europe/Kiev
15854,Ross PLC,1983-05-21T05:27:31,GB,04:35:25,-126.030084,Africa/Windhoek
46076003,Hunter Ltd,1999-01-20T02:03:30,GB,21:53:26,-82.704158,Africa/Dar_es_Salaam
285,Parkinson and Sons,1973-12-31T14:00:53,GB,10:32:20,-89.791803,Asia/Tokyo
751266,Wood LLC,1978-06-01T03:50:04,GB,17:14:02,128.043475,Africa/Porto-Novo
7027,Pollard-Webster,2009-08-15T15:22:58,GB,06:48:30,91.613589,Africa/Mogadishu
7623,Taylor LLC,2016-06-05T14:28:52,GB,10:22:11,69.009266,Africa/Brazzaville
64909,"Patel, Slater and Green",2008-04-05T06:02:51,GB,20:30:35,85.518759,America/Asuncion
80983,Chapman PLC,1971-08-28T04:46:25,GB,10:09:24,69.812965,Africa/Algiers
9179021,Bell-Morgan,1977-07-26T16:14:52,GB,20:34:14,82.147036,Africa/Algiers
17371996,"Morris, Parkes and Cartwright",1972-04-14T10:50:40,GB,03:27:03,109.023598,America/Grenada
817146,Fletcher Ltd,1997-04-28T17:59:41,GB,04:33:19,-173.347973,America/Guyana
310072,Stewart-Bennett,1991-11-18T20:52:04,GB,01:36:27,-94.309949,Asia/Harbin
807,Gough-Sims,2007-04-01T18:26:37,GB,14:12:29,115.679132,Asia/Aqtobe
442,"Shah, Hawkins and Marshall",1981-05-02T23:38:47,GB,05:57:08,98.939481,Africa/Bissau
97334427,Reynolds and Sons,1987-04-06T23:51:39,GB,15:38:21,-61.130261,Pacific/Guadalcanal
589,Robinson LLC,1990-06-04T23:32:57,GB,16:00:04,-160.200617,Europe/Andorra
0,Moss-Reid,1982-07-09T14:59:22,GB,02:34:01,-32.422394,Asia/Amman
74105614,McCarthy-Robinson,2012-11-25T19:16:35,GB,10:54:27,-179.043186,Europe/Budapest
14964536,Evans-Wood,1990-07-04T10:27:31,GB,00:55:48,-152.543306,Asia/Dhaka
9370456,Evans-Stone,1979-03-29T20:26:36,GB,14:06:55,-177.043030,Indian/Mauritius
6763,"Lloyd, Clark and Green",1993-12-18T13:06:38,GB,05:26:19,62.906184,Africa/Bamako
21964771,Scott-Stevenson,1983-01-04T15:06:50,GB,22:56:57,-166.977648,America/Barbados
748,Brady-Harvey,1992-10-10T08:39:12,GB,19:26:24,-152.684642,Europe/Vilnius
8797,"Webb, Kaur and O'Donnell",2014-03-07T03:23:17,GB,05:57:41,131.167194,America/Port_of_Spain
504,"John, Edwards and Bates",1971-11-02T00:55:57,GB,03:32:59,147.199814,Africa/Mogadishu
10,Patel-Randall,2007-11-26T01:10:35,GB,07:44:35,-21.584407,Europe/Sarajevo
55447297,Robinson-Davison,1973-03-20T01:36:15,GB,17:22:34,-2.156941,Europe/Vaduz
9693376,Rowe PLC,2001-03-14T23:51:58,GB,19:36:19,-27.564618,Asia/Kuwait
421869,Duffy-Wilkinson,2003-05-23T04:36:05,GB,17:27:59,-2.705802,Asia/Kuwait
20,Johnson-Taylor,1976-08-07T00:18:25,GB,10:58:20,-111.431461,Asia/Jerusalem
456048,Cox Inc,1994-05-05T17:08:49,GB,16:01:51,120.504188,Asia/Nicosia
621840286,Morgan-Reid,2015-05-13T10:10:26,GB,07:05:38,-167.059947,Europe/Zurich
79429,Tucker-Harrison,2021-10-16T14:38:37,GB,11:06:49,-99.396033,Europe/Ljubljana
65908306,Barker Group,2002-09-26T14:57:27,GB,21:25:08,-58.111949,Africa/Blantyre
17480,Scott Inc,2010-04-25T05:11:48,GB,15:34:04,-40.137736,Europe/Zurich
18756,"Roberts, Davis and George",1985-10-26T16:13:29,GB,05:43:38,-152.062209,Europe/Ljubljana
6895846,"Tucker, Johnson and Morris",2001-01-09T05:30:35,GB,18:14:33,37.954687,Indian/Antananarivo
291055756,"Davidson, Johnson and Kelly",1998-03-12T14:15:17,GB,17:59:15,160.057518,America/St_Vincent
265596539,Oliver Ltd,1994-03-24T21:38:25,GB,03:29:42,-149.811041,Asia/Kashgar
10,"Walker, Allan and Mitchell",1979-05-31T19:06:53,GB,03:07:47,-131.483103,America/Guayaquil
275,"Davies, Owen and Brennan",2005-05-24T03:44:06,GB,07:36:23,-68.391113,Asia/Kuching
7032,Lambert-Byrne,1999-07-26T05:00:31,GB,01:00:40,112.813017,Asia/Tehran
31094495,Roberts PLC,2002-08-18T07:25:36,GB,12:54:42,8.484788,Europe/Dublin
0,Dale LLC,2019-09-08T21:13:42,GB,04:28:08,-145.013774,Africa/Tripoli
5,Richards Ltd,1984-06-17T05:35:53,GB,11:19:20,-22.463928,America/Managua
57,Gray and Sons,2018-02-13T01:02:00,GB,14:38:50,86.119879,Pacific/Tongatapu
50,"Hamilton, Wilson and Brooks",1998-07-12T06:17:20,GB,21:45:05,145.612333,Asia/Aden
7811,Wilson Ltd,2001-02-26T08:26:21,GB,04:00:42,-113.542556,Europe/Warsaw
98358277,Campbell Ltd,2022-06-02T12:14:15,GB,17:20:59,107.614352,Asia/Dili
783440,"Rice, Morgan and Hill",1996-10-19T19:10:54,GB,07:24:41,-96.865066,Europe/Warsaw
9,Daniels Inc,1986-01-05T10:59:39,GB,12:09:28,-1.279028,Europe/Helsinki
45,Ford-Murray,1998-11-30T03:34:04,GB,02:08:05,-39.442420,America/Managua
3786185,Barker Group,1973-09-03T09:33:38,GB,21:36:36,-42.519710,America/Lima
243,Hill-Rose,1989-11-29T04:49:15,GB,16:33:47,115.231210,Pacific/Chatham
389,Yates-Collins,2010-12-20T08:56:45,GB,08:15:37,-4.402958,America/La_Paz
238319202,"Douglas, Watkins and Chapman",1987-01-07T05:47:25,GB,11:34:39,-174.627811,Asia/Tokyo
4247596,"Henry, Hodgson and Gibbons",1982-07-17T23:31:51,GB,01:47:55,16.234253,Africa/Windhoek
64573618,"Watson, Stanley and Rowe",1979-02-15T06:28:24,GB,08:50:10,26.513658,Africa/Lagos
665,Macdonald-Akhtar,2023-08-09T09:34:18,GB,08:35:33,-44.077747,Atlantic/Cape_Verde
6,"Evans, Newton and Smith",2002-10-12T02:03:08,GB,18:06:58,18.138624,Africa/Blantyre
23918,"Shepherd, Mahmood and Green",1992-01-23T21:58:20,GB,15:33:15,-137.909856,Pacific/Kwajalein
44708,Lawrence-Stephens,2004-11-16T09:23:03,GB,11:10:17,-44.078898,Pacific/Funafuti
34363,Hopkins LLC,1971-08-08T13:35:56,GB,13:17:26,-115.979479,Africa/Algiers
55810678,"Edwards, John and Clark",2009-04-24T11:51:22,GB,21:55:02,137.658994,Africa/Khartoum
366285805,Davies PLC,2021-07-28T16:45:20,GB,19:00:30,22.299578,Europe/San_Marino
458383,Robinson-Gilbert,2004-09-10T23:03:48,GB,12:14:08,-61.922457,Africa/Abidjan
2337,"Simpson, Bailey and Carter",2002-07-23T08:32:07,GB,12:05:52,-127.839433,Africa/Maseru
741,Wood LLC,2007-11-05T00:10:04,GB,09:05:41,79.931493,Indian/Antananarivo
73,Peacock and Sons,1994-02-01T02:24:20,GB,04:21:47,125.920924,Asia/Saigon
176,Taylor-Richardson,1986-12-19T01:12:37,GB,17:23:41,-2.643755,Asia/Phnom_Penh
599037,Higgins-Collins,2022-05-07T17:56:43,GB,21:30:18,-86.615802,Europe/Sarajevo
259103,Brooks Group,1997-04-18T10:45:43,GB,11:58:28,29.335566,America/Costa_Rica
793,Hart Group,2018-02-12T08:40:01,GB,19:36:19,-30.944503,Africa/Monrovia
4,Thomas and Sons,2016-12-10T21:04:16,GB,18:42:33,44.671610,Africa/Ceuta
274,Hopkins-James,2013-04-10T20:00:27,GB,10:01:27,-8.769363,Pacific/Funafuti
6,Taylor LLC,1999-06-21T14:10:23,GB,16:28:32,-128.357589,Africa/Malabo
580,Begum and Sons,2019-03-18T18:00:30,GB,11:38:23,-148.976395,Atlantic/Madeira
633178305,"Morgan, Richards and Knight",1987-05-07T10:30:11,GB,03:34:55,24.691059,America/Barbados
77943211,Johnson and Sons,2017-07-16T01:43:39,GB,16:56:48,-32.539948,Atlantic/Azores
825,Davies-Andrews,1991-12-01T23:10:16,GB,13:14:00,122.315407,Asia/Beirut
2,Robinson-Turner,1985-11-30T20:38:27,GB,08:03:18,105.468569,Europe/Vilnius
2976,"Walker, Patel and Taylor",1996-11-17T02:48:27,GB,03:04:14,105.227326,America/Managua
91947541,Harris LLC,1975-08-01T14:20:34,GB,05:27:14,-134.340884,Asia/Yerevan
73769,"Brown, Wilson and Akhtar",1990-12-02T06:02:24,GB,14:03:44,12.199909,Africa/Kampala
98,Morris and Sons,1991-09-04T20:35:49,GB,09:19:36,-97.098685,Europe/Sarajevo
82046,Stevens PLC,1986-12-30T01:04:54,GB,01:02:15,-171.981222,Asia/Brunei
555413397,Green Ltd,2020-08-04T20:39:08,GB,11:42:31,-122.585089,Asia/Riyadh
9829,Reed Ltd,1971-10-20T02:52:06,GB,08:20:03,112.148732,Europe/Vienna
93982569,"Nelson, Hill and Edwards",1978-02-19T09:29:06,GB,13:34:35,-36.763026,Europe/Ljubljana
497405,Sykes Ltd,1981-02-26T09:19:32,GB,08:35:50,50.782893,Asia/Baku
60793311,Begum and Sons,1975-12-17T10:17:39,GB,19:13:12,-75.318728,Europe/Amsterdam
95408,Payne-Richardson,1991-08-28T11:51:38,GB,22:42:37,43.503033,Europe/Sarajevo
876102413,"Bartlett, Holmes and Lewis",2005-08-25T23:13:46,GB,18:42:39,-145.369036,Africa/Douala
658764813,"Abbott, Hamilton and Smith",1986-08-25T16:34:43,GB,05:10:08,-36.827097,Africa/Douala
8257,"Cook, Evans and Reeves",2007-08-20T17:29:55,GB,18:46:40,117.987811,America/Caracas
87,Anderson-Metcalfe,1991-10-13T04:30:43,GB,04:14:19,93.235923,Asia/Ashgabat
4,Jones and Sons,1972-04-05T15:40:43,GB,09:37:53,-178.192263,Africa/Bangui
537333901,"Richards, White and Walton",1996-08-26T18:04:35,GB,08:36:36,18.205345,Europe/Andorra
14777724,"Wilson, White and Patel",2013-03-09T02:38:20,GB,04:41:08,126.577750,Asia/Seoul
33744,Taylor PLC,2008-09-20T08:36:42,GB,14:05:21,-135.914562,Europe/Vatican
51205,Roberts-Ali,1989-11-29T06:50:35,GB,14:20:55,10.060017,Africa/Lome
89,Barker-Long,1985-07-24T13:05:13,GB,15:40:54,54.167246,Africa/Tripoli
465633,Collins and Sons,1971-08-11T01:40:19,GB,02:46:59,87.772023,Europe/Zagreb
769,"Jones, Roberts and Butler",1993-02-16T05:40:50,GB,14:38:56,-171.105707,Asia/Dhaka
965782722,"Hewitt, Jones and Evans",2020-07-27T14:15:26,GB,06:22:08,-2.349171,Africa/Bujumbura
23068966,Thomas-Berry,1984-04-03T10:21:02,GB,23:35:15,121.824010,Africa/Banjul
312833,Read-Herbert,1998-01-24T11:50:51,GB,06:37:05,-144.554123,Africa/Djibouti
1,"Thompson, Smith and Holmes",1981-07-29T23:42:47,GB,18:53:20,-60.772482,America/Argentina/Tucuman
80415,Taylor-Williams,1975-01-11T12:42:50,GB,01:47:20,-41.367267,Asia/Oral
0,Ali LLC,1998-06-12T13:46:52,GB,04:08:05,-156.398110,Asia/Dubai
2,"Harvey, Stewart and Craig",1994-03-06T06:34:00,GB,03:34:43,173.615847,Asia/Saigon
237971,"Brown, Smith and West",1981-11-19T19:14:05,GB,11:50:31,-0.685859,Asia/Oral
55097897,"Davies, Murray and Francis",1986-04-28T12:13:48,GB,06:45:31,33.027632,Pacific/Galapagos
6606,Robinson Ltd,2000-03-08T22:11:22,GB,02:26:21,102.969184,Europe/Podgorica
662147,Begum-Scott,1996-08-21T21:34:28,GB,02:01:48,83.048116,Europe/Vatican
88939,Frost-Martin,1974-10-13T01:02:21,GB,23:44:06,-137.291921,Europe/Paris
7842418,Field Inc,2015-01-21T18:00:51,GB,14:34:07,154.548535,Pacific/Efate
33343,Hardy-Mellor,1988-10-03T00:40:34,GB,20:08:13,75.619818,Europe/Budapest
205210,"Howard, Anderson and Sheppard",1979-05-05T12:43:16,GB,23:50:39,57.029823,America/El_Salvador
849570774,Moore and Sons,1973-05-03T17:48:44,GB,09:23:37,48.469258,Europe/Zagreb
5107978,"Baxter, Davis and Baker",1988-04-21T19:12:25,GB,11:02:46,62.574118,Asia/Bangkok
6730,Powell-Baker,1980-05-12T16:59:26,GB,13:59:12,88.938272,Asia/Amman
458794,"Miller, Day and Forster",2016-07-30T19:25:43,GB,17:57:02,-98.272127,Europe/Warsaw
3966,Dean-Jones,1972-08-29T10:24:31,GB,23:18:34,-146.431150,Africa/Lome
5,"Faulkner, Dyer and Smith",2011-03-07T17:45:17,GB,22:47:52,5.974340,Pacific/Truk
90880,"Turner, Bentley and Wright",1994-09-24T10:35:57,GB,03:10:05,-47.483031,Asia/Kuching
423,Moore and Sons,1979-04-15T13:11:24,GB,03:15:32,-149.723272,Africa/Mogadishu
2499,Taylor-Fox,1985-08-29T00:56:05,GB,02:36:18,42.049316,Africa/Kigali
615482,"Nicholls, Jones and Bell",2007-11-07T16:15:10,GB,14:55:27,-142.607771,America/Santiago
4,Barry and Sons,1996-09-10T17:33:35,GB,01:22:29,27.600961,America/Caracas
97687,Bell LLC,1988-05-14T08:33:20,GB,06:34:41,-41.177041,Africa/Mbabane
623,"Freeman, Williams and Ford",2015-06-08T00:38:53,GB,13:22:19,-5.212463,America/Vancouver
1234982,O'Connor-Barker,2016-06-18T13:20:14,GB,23:32:11,85.458824,Europe/Tirane
172756280,French-Edwards,2009-12-04T22:00:01,GB,22:02:37,-15.166506,Africa/Lusaka
835774497,Lawson-Baker,1988-02-14T05:05:31,GB,09:28:57,8.924988,Atlantic/Reykjavik
94084239,Thornton and Sons,2013-09-23T15:15:22,GB,13:14:47,30.530993,Africa/Abidjan
1928,"Clarke, Turner and Smith",1998-12-16T10:56:56,GB,03:20:13,-92.407312,Asia/Seoul
34047921,Fraser Ltd,1976-09-18T00:27:14,GB,12:07:49,173.171518,Africa/Maputo
9,O'Sullivan Ltd,1990-07-26T10:21:36,GB,15:47:44,-50.642867,Asia/Dushanbe
4273,Bennett-Gardner,1999-07-27T04:43:15,GB,17:03:29,-84.452512,Africa/Bangui
3319,"Marshall, Blake and Parker",1990-07-17T09:06:10,GB,02:55:53,140.803844,Asia/Phnom_Penh
5,Bell-Phillips,2014-06-08T18:08:16,GB,16:09:54,-128.097600,Africa/Johannesburg
33,Pearson-Hall,2006-05-10T11:25:15,GB,23:55:52,-59.215563,Asia/Brunei
344,Chandler-Wilson,2016-05-31T08:48:28,GB,01:17:37,174.146780,Africa/Porto-Novo
5719,"Andrews, Payne and Taylor",1992-04-28T21:33:12,GB,11:23:48,-41.326443,Atlantic/Cape_Verde
646,"Fox, Roberts and Ball",1974-06-13T04:41:35,GB,21:36:33,115.520845,America/Costa_Rica
639631752,Foster-Martin,1979-05-05T21:30:15,GB,01:24:42,71.805520,Africa/Conakry
747818887,Wong and Sons,2015-03-24T20:19:12,GB,23:41:22,128.532712,Africa/Addis_Ababa
8886,"Johnson, Martin and Thomas",2013-01-30T22:47:10,GB,05:37:37,-76.625032,America/Antigua
0,"Fox, Yates and Daly",2014-05-30T11:11:36,GB,18:42:30,174.479596,Africa/Luanda
4,Day PLC,1977-04-16T01:16:47,GB,18:33:19,65.692520,America/Dominica
470,"Hyde, Mason and O'Brien",2013-03-06T12:37:02,GB,17:12:24,-103.507481,Europe/Ljubljana
196,Reid LLC,1992-05-30T03:24:01,GB,05:38:31,4.467329,Asia/Qatar
5990,"Fleming, Allen and Gibson",1997-11-07T07:28:26,GB,01:26:39,-133.893751,Atlantic/Azores
5627206,"Jones, Matthews and Griffiths",1977-05-12T12:11:23,GB,04:28:42,68.090761,Pacific/Port_Moresby
7337881,Smith-Parker,2002-08-08T15:26:05,GB,16:25:53,-106.066481,Africa/Algiers
875,Simmons-Brown,1984-09-29T06:04:54,GB,02:32:00,-23.162571,Africa/Gaborone
90225,"Jordan, Richards and Bryan",2009-05-25T01:11:55,GB,07:20:39,161.020166,America/Panama
235,Scott-Smith,1986-04-26T11:29:09,GB,11:13:16,-133.890931,Africa/Asmera
82281938,Hussain-Mills,2000-02-03T17:55:52,GB,03:29:57,-84.409853,Africa/Mogadishu
2943,Hawkins-Hussain,1984-12-18T00:44:06,GB,08:10:35,-49.647932,Africa/Malabo
181460946,"Kerr, Dixon and Davies",2019-01-28T08:19:19,GB,08:54:18,137.501426,Africa/Freetown
93315614,Reid and Sons,2015-05-14T19:35:17,GB,06:38:47,-121.262273,America/Havana
0,"Jones, Begum and Fuller",1990-05-23T23:50:19,GB,19:02:47,69.036579,Atlantic/Madeira
97,Hall Group,1972-05-31T23:35:59,GB,10:51:44,71.897976,Europe/Amsterdam
563743,Knight and Sons,2014-10-22T05:25:44,GB,19:20:54,106.931391,Africa/Monrovia
24025222,Kemp-Hamilton,1983-09-18T13:49:02,GB,11:41:03,146.892053,Asia/Tbilisi
5,Yates-Walker,2004-07-16T18:25:15,GB,12:20:01,140.770332,Asia/Tehran
8,"Butcher, Thomas and Brennan",1981-11-30T21:10:55,GB,04:09:02,97.313143,Africa/Bangui
832734251,Thompson-Clayton,1971-12-29T21:40:35,GB,02:16:11,-32.563870,America/Argentina/Tucuman
746017968,"Jones, O'Sullivan and Foster",1986-09-02T20:18:41,GB,17:20:00,-13.586696,Europe/Belgrade
6277142,"Evans, Whitehouse and Ashton",1991-01-09T07:31:23,GB,08:07:43,53.975245,Africa/Cairo
72,"Scott, Adams and Patel",2003-08-14T01:43:41,GB,19:13:28,-54.920374,Europe/Tirane
731,"Allen, Smith and Tyler",2020-10-21T11:27:19,GB,15:10:45,-127.887332,Africa/Harare
16002126,Morgan-Thomas,1992-06-11T02:58:42,GB,18:06:11,-80.573246,Asia/Muscat
6,Long-Francis,1998-03-13T00:36:00,GB,02:43:26,-161.776595,Europe/Vatican
6055341,Dawson-Bradley,1978-04-25T05:30:04,GB,03:06:10,110.504278,Pacific/Kiritimati
9698472,Ali-Shaw,1980-02-11T14:33:42,GB,03:30:21,-77.749497,Africa/Harare
152100,"Roberts, Clarke and Taylor",2022-03-05T11:58:54,GB,14:42:11,65.205390,Africa/Freetown
7,Jones LLC,1992-08-21T11:20:22,GB,05:50:04,11.891661,Europe/Vilnius
65565664,Graham Group,2001-06-01T13:16:46,GB,15:29:39,-104.832477,Africa/Asmera
9453979,Woods and Sons,2018-04-26T10:56:32,GB,15:56:11,90.047848,America/Barbados
450,Lawrence LLC,2016-12-18T11:51:46,GB,07:56:53,-118.092591,Africa/Dakar
3292,Giles and Sons,2014-04-02T14:47:55,GB,01:09:17,12.194379,Asia/Thimphu
621,"Edwards, Brown and Khan",1974-06-15T10:42:38,GB,09:51:07,-84.315708,Pacific/Majuro
9742,Dobson-Atkinson,2008-08-23T08:03:56,GB,18:31:07,143.282665,Africa/Tripoli
733967,Donnelly LLC,1972-03-03T07:00:26,GB,16:48:34,95.849668,Africa/Kigali
988991,Kelly Inc,2015-09-17T23:03:39,GB,21:09:34,117.698858,Asia/Samarkand
9225,Lloyd PLC,2020-06-04T16:53:21,GB,15:10:29,-110.888642,Africa/Lubumbashi
1,"Higgins, Smith and Harding",2019-02-25T04:11:47,GB,14:12:30,82.201270,Pacific/Funafuti
586669,Bibi and Sons,1981-04-25T04:05:34,GB,06:21:44,54.069036,Africa/Kigali
8259,"Edwards, Giles and Miller",2011-04-06T23:46:59,GB,10:57:16,59.545731,Europe/Podgorica
910720798,Smith LLC,2017-02-02T09:01:21,GB,11:52:54,48.271582,Pacific/Tongatapu
10708,Quinn-Hill,1991-12-19T23:13:17,GB,04:19:24,123.766128,Asia/Phnom_Penh
11224626,Watson Group,1975-06-18T20:13:36,GB,21:21:39,-40.107647,Asia/Rangoon
65,Robertson and Sons,1975-09-12T03:09:29,GB,08:23:51,8.900820,Europe/Istanbul
72706,"Morgan, Wade and Price",1998-06-13T19:51:46,GB,10:06:50,159.124356,Asia/Baku
2568955,Smith-Hayward,2010-04-26T17:10:35,GB,17:57:26,74.693253,Indian/Maldives
9,"Knowles, Brown and Thompson",1986-07-21T17:42:11,GB,01:12:29,-109.383245,America/Guatemala
23,Norton LLC,1994-10-05T20:26:47,GB,12:13:54,30.510841,Asia/Makassar
161396,Evans-Collins,2022-11-14T17:54:01,GB,07:24:17,40.661338,America/Port_of_Spain
520,"Cook, Hall and Clarke",2005-11-25T17:12:26,GB,20:07:54,8.345107,Africa/Porto-Novo
3783609,Manning-Waters,1972-09-23T04:41:37,GB,02:18:09,-94.381286,Africa/Conakry
374882,Lee-Goodwin,2009-05-15T13:34:17,GB,15:31:52,-13.777406,Asia/Baghdad
2198217,Ahmed and Sons,1973-05-08T22:17:54,GB,09:27:35,-3.790801,Africa/Kigali
6084017,Blackburn Group,1996-06-05T01:05:14,GB,05:39:21,-68.759158,Europe/Rome
43,Law-Williams,2010-08-16T15:08:37,GB,01:20:17,-151.678394,America/Asuncion
20,"Barnes, Dobson and Kelly",2015-06-12T01:27:27,GB,03:43:56,10.914514,Pacific/Chatham
709,Wall-Wilson,2009-11-24T23:34:37,GB,06:01:39,96.676497,Asia/Thimphu
850,Bryant LLC,2008-05-13T05:53:43,GB,13:16:41,168.763651,Asia/Yerevan
905,Mills-Knight,1976-06-06T21:09:35,GB,01:25:54,145.660798,Indian/Mahe
56,"Slater, Taylor and Kennedy",1992-02-10T03:09:19,GB,20:14:43,-87.144512,Africa/Bissau
62014,"Evans, Thompson and Gardner",2016-08-20T09:35:34,GB,04:57:17,75.654780,Africa/Lagos
61,"Atkinson, Hill and Powell",1982-02-05T03:34:25,GB,05:29:32,-179.202998,Africa/Conakry
52408,"Murray, Whittaker and Lambert",2013-10-12T11:18:21,GB,11:58:19,149.801128,Europe/Helsinki
97479,Hope-Foster,1975-09-14T13:37:44,GB,01:01:40,-174.239460,Africa/Windhoek
7,Murphy-Preston,1994-12-23T21:15:28,GB,01:50:17,137.605406,Africa/Khartoum
920051,Thompson Group,2008-01-20T17:48:02,GB,17:40:50,48.904574,Africa/Khartoum
39,Fitzgerald Inc,1984-08-01T02:02:55,GB,06:11:57,-101.177456,Europe/Zurich
4468,"Bates, Wilson and Lee",1991-09-29T11:55:56,GB,04:42:40,132.741919,Asia/Damascus
25773119,"Hart, Ward and Francis",1984-08-05T07:19:13,GB,09:33:54,-60.935595,Europe/Athens
530,Lee-Allen,1993-09-25T18:27:07,GB,21:55:34,135.365968,Asia/Amman
912605840,"Lyons, Clark and Smart",2000-10-17T09:20:15,GB,19:50:54,8.977884,Europe/Brussels
778728,Charlton-Jones,1974-09-01T21:14:20,GB,12:20:32,-94.571843,America/Indiana/Indianapolis
75,"Williams, Jackson and Shaw",2004-12-17T00:52:17,GB,16:01:34,-156.993147,Asia/Muscat
4916,"O'Brien, Powell and Chapman",2002-01-04T01:49:10,GB,17:55:28,-132.409355,Africa/Gaborone
589,Collins Group,2014-11-11T15:42:58,GB,11:11:04,94.358874,Europe/Vienna
961,"Bartlett, Richardson and Kelly",1989-08-27T21:12:51,GB,19:14:36,-78.969684,Asia/Tehran
34,"Patel, Rose and Carter",2010-10-01T00:06:02,GB,09:30:08,-130.350902,Europe/Podgorica
3712,"Thomas, Howe and Ahmed",2023-07-06T05:37:54,GB,21:04:07,92.430995,Pacific/Nauru
45675486,"Gregory, Baker and Bates",2003-05-22T18:55:13,GB,01:23:06,147.852413,Pacific/Guadalcanal
98616040,Davis-Williams,2015-04-26T04:19:08,GB,20:57:32,26.876267,Asia/Vientiane
73,Flynn-Cox,1974-09-05T23:09:35,GB,11:00:02,95.552957,Asia/Baku
82960313,"Jennings, Martin and Pearson",1981-04-24T10:42:35,GB,09:18:22,110.620201,Europe/Athens
610982,"Walker, Perry and Robinson",1976-03-26T20:21:30,GB,01:47:12,-57.706694,America/Lima
457832145,"Curtis, Knight and Manning",1976-11-25T09:10:01,GB,14:05:50,92.424938,Europe/Bratislava
764114,"Hammond, Fitzgerald and Patel",2023-04-14T16:36:22,GB,14:42:51,-21.787993,Asia/Thimphu
8,Jones-Williams,2021-08-12T03:34:50,GB,18:29:54,89.307265,Asia/Harbin
59,Ryan-Williams,1984-09-17T12:54:55,GB,20:56:46,30.326917,Pacific/Majuro
2,"Lewis, Hooper and Browne",1979-09-17T16:34:11,GB,04:42:19,-42.900191,Asia/Karachi
3,Turner Inc,1994-03-29T22:07:23,GB,15:54:47,-56.220422,Asia/Dili
2,Jackson and Sons,2004-12-14T17:57:34,GB,05:53:09,-159.675993,Asia/Bishkek
5251007,"Williams, Hall and Coates",1972-03-26T16:33:56,GB,17:41:29,-110.394438,America/Jamaica
533832,"Richardson, Norman and Gray",1970-08-24T17:42:46,GB,08:50:36,125.029807,Europe/Brussels
8418377,"Sykes, Robinson and Mann",1977-04-29T16:21:28,GB,19:52:51,152.858459,America/Asuncion
0,"Atkinson, Jones and Bennett",2014-01-03T04:27:35,GB,19:26:17,-19.520070,Indian/Comoro
677726,Ferguson Group,2014-11-18T06:18:42,GB,18:49:59,-157.553632,Asia/Seoul
3,Adams Group,2015-02-14T14:23:20,GB,08:15:50,-25.130358,Africa/Khartoum
93967393,Morris-O'Brien,2012-01-13T04:12:58,GB,06:38:12,83.290652,America/Jamaica
0,Joyce LLC,1994-02-16T06:09:53,GB,21:25:43,-38.607988,Africa/Addis_Ababa
3368,Daniels-Harris,2004-12-17T16:11:24,GB,16:32:14,176.965969,Asia/Brunei
52406232,Bond-Smith,1988-03-08T14:25:54,GB,08:05:45,-102.355774,Africa/Monrovia
9661806,"Saunders, Clarke and Gardiner",2017-10-29T08:28:07,GB,01:05:39,92.612855,Africa/Lagos
97,"Hart, Mitchell and Hewitt",1974-01-17T23:15:12,GB,23:01:47,152.420621,Africa/Windhoek
4994628,Wilson-Dale,1972-07-22T08:36:47,GB,15:53:28,52.321440,Asia/Hebron
40237878,"Bryan, Smith and Kelly",1992-12-18T01:36:50,GB,19:25:15,-178.401919,Europe/Belgrade
307,Butler-Houghton,2021-04-15T22:42:53,GB,08:01:59,69.062590,America/Argentina/Rio_Gallegos
25247,Sharp Inc,1998-02-04T19:32:32,GB,10:06:23,-163.000998,Europe/Vatican
5760855,Mason Ltd,2007-12-19T13:26:44,GB,01:48:19,-25.609639,Asia/Tokyo
7323,Allen-King,1989-01-24T22:31:36,GB,22:07:35,56.551784,Europe/Amsterdam
966892,"Watkins, Skinner and Morgan",2020-09-22T03:44:44,GB,09:50:51,-73.215411,America/Caracas
58629,"Clements, Brown and Jackson",2014-12-18T09:50:32,GB,12:40:04,98.816727,Africa/Harare
3345,Bates Group,1979-04-18T14:50:00,GB,03:36:05,-149.367494,Europe/Stockholm
57,Lambert-Walker,2000-03-10T09:46:33,GB,08:31:23,27.410812,Africa/Abidjan
85,"Lee, Edwards and Weston",1970-10-24T02:57:55,GB,10:12:40,105.276182,Asia/Damascus
75,"Edwards, Wilkinson and Thornton",2016-11-09T22:39:38,GB,14:07:44,-156.653228,Atlantic/Reykjavik
882786,Hartley-Smith,1993-04-24T14:14:07,GB,08:04:10,-74.963407,Africa/Brazzaville
26,Chan-Higgins,1988-06-21T06:09:14,GB,08:19:40,80.995913,Africa/Casablanca
355208610,Lewis-Hall,2010-02-17T06:21:28,GB,14:11:59,129.647113,Europe/Vatican
818940,"West, Foster and Flynn",2016-07-26T05:57:09,GB,12:09:34,86.745505,America/Managua
7746,Price and Sons,1997-05-05T13:33:06,GB,15:07:02,68.977918,Asia/Colombo
3699,Simmons-Bates,1996-01-08T22:08:42,GB,05:43:16,-94.553192,America/Port_of_Spain
81347,Byrne-Patel,2014-04-25T21:29:55,GB,14:44:44,161.957300,Africa/Ndjamena
2,Williams-Lee,1994-09-23T15:49:19,GB,21:03:12,-174.751061,Africa/Banjul
61,Jackson Inc,2007-10-30T15:57:58,GB,00:39:02,16.100338,Europe/Prague
72494455,"Doyle, Howell and Wright",1988-05-15T09:47:13,GB,21:00:50,26.122856,America/Nassau
5912,"Hutchinson, Brown and Adams",2009-04-26T09:07:29,GB,05:17:52,-68.780519,America/North_Dakota/New_Salem
22915975,Moore-Anderson,2020-09-13T07:41:43,GB,13:23:41,171.726627,Asia/Phnom_Penh
9,"Barton, Harris and Lucas",2005-02-15T00:45:04,GB,13:26:21,-4.499101,Europe/Prague
53,Davison PLC,1989-01-21T09:05:33,GB,12:20:14,157.419576,Africa/Kampala
5989,Godfrey and Sons,1990-04-07T08:52:33,GB,08:32:34,-62.027004,America/Argentina/Cordoba
973352221,Brennan-Wilson,2014-07-06T09:07:49,GB,14:26:09,130.468924,Europe/Helsinki
9,"Thorpe, Brennan and Jones",2006-03-30T10:33:30,GB,03:37:59,-74.187629,Africa/Bangui
79347381,Clarke-Johnson,2016-01-07T20:26:30,GB,17:21:02,-51.646024,Asia/Muscat
338431,"Coleman, O'Donnell and Murray",1984-05-29T23:46:55,GB,16:09:53,157.413859,Asia/Dili
43585246,Wood-Coleman,1988-09-20T22:41:13,GB,09:55:21,-90.080974,Africa/Harare
1661333,"Brennan, Potts and Jarvis",1980-07-14T23:57:19,GB,05:39:28,-75.176127,Pacific/Tongatapu
577702,Matthews and Sons,1984-12-15T05:34:55,GB,03:06:26,23.959941,Europe/Podgorica
4,"Farrell, Gough and Edwards",1994-10-28T13:17:40,GB,21:27:59,129.094191,Europe/Belgrade
246013,Price-Hawkins,1973-04-05T23:00:28,GB,10:28:57,-62.858095,Europe/Stockholm
82394646,Poole-Burgess,2017-08-27T10:35:40,GB,00:46:14,125.259836,Africa/Douala
44877,Brown Inc,1982-06-27T05:46:42,GB,23:37:01,134.590859,Africa/Ndjamena
68092,"Hughes, O'Neill and Parry",2008-07-26T22:13:38,GB,22:46:46,-164.717991,Europe/Chisinau
34,Green PLC,2016-12-25T20:27:43,GB,18:34:39,-0.458791,Europe/Amsterdam
6757490,"Gill, Smith and Anderson",1979-03-31T04:37:03,GB,22:09:46,-159.881164,Asia/Kashgar
4765,Thompson Ltd,1970-03-04T16:54:27,GB,13:42:37,142.127184,Africa/Nairobi
324,"Wilson, Stokes and Birch",1988-02-20T19:12:59,GB,06:23:03,74.425752,Africa/Dar_es_Salaam
63609254,West Ltd,2011-11-04T17:21:03,GB,03:04:04,151.754421,Africa/Harare
402617408,Chambers-Hawkins,2002-01-19T05:12:23,GB,23:08:22,-37.302357,America/Guayaquil
20389971,Harper-Wood,2003-09-25T08:45:32,GB,10:55:25,-71.024257,Europe/Sarajevo
405,"Smith, Adams and Webb",2014-07-11T17:41:04,GB,03:08:07,134.413160,Africa/Niamey
4825,Smith LLC,1984-05-26T10:54:54,GB,12:23:02,-95.856107,Africa/Abidjan
46,Parsons PLC,1994-08-03T21:53:57,GB,06:22:09,171.030150,Asia/Dushanbe
74335646,Harvey Ltd,1992-10-05T12:45:13,GB,04:35:18,117.219824,Africa/Accra
21969,Ellis-Black,1996-10-31T20:03:15,GB,05:46:22,9.511627,Africa/Conakry
8,"Kirk, Dennis and Dean",1992-11-16T06:43:14,GB,13:42:41,-59.922257,Indian/Comoro
745,Kerr Ltd,2002-04-02T07:59:38,GB,13:46:36,21.143290,Europe/Dublin
456187,"Oliver, Davis and Phillips",2023-02-23T04:45:41,GB,07:34:08,147.237588,Asia/Bahrain
895,"Richardson, Jones and Stephens",2014-11-22T07:34:41,GB,13:44:43,158.627069,Europe/San_Marino
283199,Foster Group,2003-03-21T18:18:44,GB,14:53:44,-43.016919,Europe/Vaduz
51818800,Barnes Group,1976-06-06T00:32:08,GB,03:40:20,-30.919696,Europe/Chisinau
29,"Stone, Owen and Ashton",2008-02-01T11:56:28,GB,05:05:26,-1.923409,Asia/Dushanbe
41896449,Ball Ltd,1977-05-25T06:08:10,GB,03:02:45,-9.775128,Pacific/Easter
5639049,"Evans, Jenkins and Lee",1973-12-17T01:05:18,GB,11:43:26,-42.629944,Pacific/Kosrae
75324,Jones-Moore,2015-06-01T06:33:53,GB,10:53:52,-107.382780,Asia/Dhaka
79922,Evans-Jones,2014-07-19T08:11:52,GB,21:10:56,-179.671515,Africa/Ouagadougou
16502,"Hughes, Williams and Clements",1994-04-26T15:51:51,GB,16:06:21,110.141813,Pacific/Nauru
41467654,Reynolds-Moss,1994-04-28T14:46:11,GB,20:04:27,15.916742,America/Guyana
113,"O'Neill, Howard and Davies",1997-10-18T18:35:38,GB,13:46:17,82.440777,Europe/Berlin
260632,"Taylor, Brady and Rowe",1999-09-27T03:25:20,GB,10:24:22,-114.992204,America/Antigua
6534195,"Davies, Parker and King",2007-01-22T13:51:19,GB,09:06:18,-75.956998,Africa/Mbabane
1535,Ball and Sons,1979-05-03T08:45:05,GB,22:52:08,-16.663100,Asia/Thimphu
85,Sinclair-Mitchell,2005-04-11T21:00:40,GB,18:51:21,21.885367,Europe/Paris
985,"Baxter, Stanley and Stanley",1997-11-12T09:30:05,GB,23:39:07,72.524231,America/Guyana
5606,Ross-Whittaker,1976-05-29T10:05:03,GB,22:41:37,-31.532785,Asia/Vladivostok
98,"James, Brown and Mills",1989-05-31T00:49:24,GB,13:22:31,92.914462,America/Antigua
4455166,Atkinson PLC,1987-11-15T01:37:34,GB,21:42:03,85.606290,Europe/Vaduz
3388021,Brooks-Roberts,1999-06-06T18:13:14,GB,08:37:59,-23.953046,Asia/Jerusalem
949187,Parkin-Williams,2001-05-28T10:28:03,GB,01:27:55,95.488134,Atlantic/Canary
9,Lloyd-Smith,1991-04-04T13:41:21,GB,00:54:39,38.452982,America/Jamaica
78,"Robson, Williams and Wright",1995-04-02T01:43:58,GB,00:34:31,-95.411459,Europe/Andorra
8299354,Brown-Davis,2020-05-13T04:22:35,GB,19:25:28,-66.851948,Europe/Bratislava
52553904,Barrett-Pearson,1973-06-03T08:54:12,GB,06:41:44,-34.501335,Europe/Warsaw
92190819,Davies-Hargreaves,2021-11-12T12:03:43,GB,10:21:46,-81.709575,Africa/Bamako
56,Carter-Brown,1987-04-25T00:09:51,GB,06:39:10,27.876918,Europe/Riga
39,Dodd-Bradshaw,1977-05-19T04:57:56,GB,05:41:41,-159.674940,Africa/Accra
21712,Swift LLC,2018-06-30T05:35:23,GB,07:36:13,-58.594635,America/Costa_Rica
8508272,"Sutton, Clarke and Patterson",2022-10-27T11:47:37,GB,09:00:40,-56.742029,Europe/Tirane
929059781,Nicholson-Young,2010-05-19T18:18:24,GB,05:58:35,-53.726806,America/Tegucigalpa
488400,Williams Inc,1972-07-06T12:32:51,GB,00:43:44,49.315673,Africa/Mbabane
53952110,Watts Ltd,1990-07-13T22:23:15,GB,19:08:20,104.639153,Asia/Nicosia
8360,Cole Group,2001-02-09T23:15:30,GB,11:11:37,-33.331837,Asia/Bahrain
79221,Reed-Gibson,1978-12-12T12:36:59,GB,01:45:10,150.129159,Africa/Libreville
2,Wood-Mitchell,1972-03-25T10:49:57,GB,18:22:13,-113.570551,Asia/Riyadh
9189856,"Holland, Taylor and Griffin",1972-04-29T21:58:28,GB,16:08:39,-54.286442,Asia/Dushanbe
4,Bailey-Hughes,2006-10-19T20:39:01,GB,22:08:45,-27.171316,America/Lima
65322438,"Chambers, Patterson and Robertson",1998-08-03T05:16:21,GB,21:47:51,24.645198,Africa/Blantyre
586965,"Ali, Singh and Vincent",2016-12-11T17:02:46,GB,22:46:19,-161.508454,Africa/Abidjan
859245398,Alexander and Sons,1995-11-09T11:25:16,GB,06:11:48,176.628209,Asia/Tashkent
79,"Williams, Collins and Hamilton",2005-05-01T13:59:44,GB,05:24:14,-44.465123,America/Nassau
10727,"Bailey, Higgins and Spencer",1978-08-28T19:13:21,GB,22:18:15,64.891590,Asia/Ulaanbaatar
1250769,Birch-Mitchell,1999-08-23T19:41:32,GB,14:15:24,172.482824,Africa/Mbabane
357,"Scott, Hancock and Stewart",2018-09-19T11:17:37,GB,17:04:39,57.992704,Asia/Harbin
101993,John-Roberts,1988-05-12T20:04:16,GB,05:17:59,-166.844855,Africa/Abidjan
5222954,Hope-Davies,2014-10-05T16:36:43,GB,22:22:04,26.486564,Europe/Tallinn
8,Smith Group,2003-09-04T07:51:06,GB,08:52:23,-48.381404,Pacific/Apia
65,Baxter-Wilkins,1972-09-05T06:24:10,GB,07:24:19,-99.128562,Pacific/Majuro
22509171,"Jones, Gough and Stanley",2003-01-16T19:55:51,GB,03:26:28,-69.156086,Europe/Sarajevo
692077556,Bennett Group,1984-06-28T19:24:57,GB,10:15:33,166.420159,Asia/Dhaka
57060,Richards-Brown,1975-10-18T13:56:18,GB,12:44:12,-142.183563,Europe/London
77,Smith-Read,2022-04-23T19:56:21,GB,16:27:00,-35.257138,Asia/Tokyo
59662021,"Hudson, Bird and Barber",2006-01-10T13:42:02,GB,07:31:53,-91.349534,America/Guyana
608554447,Potts-Haynes,2019-01-14T02:31:34,GB,07:06:53,-83.743399,Pacific/Funafuti
426423,Webster Ltd,1995-04-01T08:29:35,GB,23:12:13,9.324850,Africa/Ouagadougou
384,"Griffiths, Cartwright and Walker",1998-06-03T10:11:57,GB,10:45:28,-5.050092,Africa/Tunis
143500,Holt Inc,1979-06-30T16:29:51,GB,18:45:55,28.555747,Atlantic/Cape_Verde
40060528,Simpson-Owen,2017-12-11T19:11:40,GB,19:39:08,-16.078042,Pacific/Funafuti
2,"Martin, Harris and Evans",2008-03-27T12:01:06,GB,14:38:21,22.142482,Asia/Katmandu
242991,Fletcher LLC,2010-10-20T03:23:57,GB,14:26:33,-90.525326,Europe/Ljubljana
595245244,Hughes Ltd,2010-03-05T14:49:26,GB,11:21:03,-22.242541,America/Asuncion
70859064,"Scott, Thompson and Shah",1990-05-18T21:14:35,GB,13:19:15,-12.057247,Africa/Kinshasa
890720055,"Hancock, Wright and Hawkins",1970-03-10T21:42:21,GB,16:56:37,-37.354884,Europe/Belgrade
23,Shah LLC,1992-05-26T05:10:58,GB,17:24:26,172.707162,Africa/Malabo
2372,McCarthy-Johnson,1990-03-17T22:47:57,GB,02:19:17,78.364329,Asia/Aqtau
28311679,"Parkinson, Russell and Rahman",1985-04-05T12:44:16,GB,14:56:10,-110.974209,Pacific/Funafuti
80174,"Chapman, Howe and Fuller",2013-07-29T10:12:07,GB,09:37:23,-102.694331,Asia/Saigon
9,"White, Alexander and Ford",1982-05-30T17:21:21,GB,14:15:16,154.476944,Africa/Kampala
9335721,"Smith, Wade and Smith",2002-01-22T06:53:28,GB,03:55:58,-87.005885,Asia/Nicosia
988463,Johnson-White,1975-04-26T07:15:11,GB,02:40:54,-31.852507,Africa/Dar_es_Salaam
130264729,Johnson-Taylor,1986-06-14T18:02:47,GB,11:31:32,-47.845861,Pacific/Guadalcanal
664,Ford-Brady,2013-04-13T03:42:26,GB,20:36:14,132.534914,Africa/Lome
4,Allen LLC,2011-02-17T15:26:05,GB,22:01:11,84.012944,Asia/Baghdad
37474,Elliott-Walters,2018-11-22T18:57:24,GB,07:01:57,50.562661,Asia/Baku
840,Cox Inc,2015-05-16T21:08:34,GB,08:20:02,116.852239,Africa/Freetown
5943460,"Bradley, Simmons and Bradley",1996-02-22T04:58:21,GB,02:55:46,1.768194,Africa/Bangui
83809530,Gibson-Baker,2002-12-31T04:37:14,GB,19:35:07,17.633645,Africa/Bangui
7074,Taylor PLC,1980-08-11T11:50:30,GB,10:56:44,124.320858,Europe/Belgrade
6545,"Davies, Ward and Butcher",1976-02-14T18:08:29,GB,03:00:00,125.719530,America/Lima
141357,Sinclair-Grant,2000-03-31T15:24:37,GB,20:23:59,-14.672114,America/Argentina/Buenos_Aires
41678,Bray Group,1989-05-17T21:30:23,GB,20:03:59,-140.080209,Africa/Bamako
9,Lloyd PLC,1992-08-15T08:46:44,GB,08:24:02,-44.114231,Indian/Comoro
9452160,Murphy-Gill,2012-06-30T15:20:54,GB,11:51:28,-114.153756,Africa/Tripoli
31301541,"Pritchard, Goddard and Page",1976-08-05T11:24:28,GB,18:57:29,40.046213,Africa/Accra
4407997,Reed LLC,2010-01-22T19:17:01,GB,01:34:49,-176.458157,Europe/Skopje
8,"Wilkins, Clark and Brown",1984-07-25T22:44:53,GB,10:00:27,79.338598,Asia/Kuwait
6717,"Dunn, Brooks and Martin",2004-12-02T19:01:36,GB,18:52:30,-8.823922,Asia/Kuching
50001,Taylor PLC,2006-08-03T17:22:46,GB,20:32:36,31.725646,Europe/San_Marino
84,Dickinson-Armstrong,2007-04-07T17:18:50,GB,11:08:09,60.905239,Europe/Riga
314619786,"Cross, Burgess and Watkins",1998-03-25T23:53:57,GB,23:58:51,-97.494520,Europe/Vilnius
2,"Mills, Williams and Smith",1987-04-24T03:08:27,GB,12:24:51,116.075280,Europe/Luxembourg
676410342,King and Sons,2005-05-29T14:43:25,GB,16:12:46,111.752129,Europe/Warsaw
9015462,"Henderson, Phillips and Mills",2021-07-06T07:39:15,GB,03:35:47,28.274325,Europe/Bucharest
9652,McDonald-Campbell,1979-06-21T14:21:03,GB,12:39:39,-11.409959,Europe/Bucharest
66893,Foster LLC,2005-10-08T05:37:23,GB,00:34:51,-145.113642,Europe/Andorra
517569,Dixon PLC,1997-08-12T18:37:57,GB,02:13:38,-93.289196,Indian/Mahe
7328,"Hart, Hutchinson and Atkinson",1988-09-12T19:11:56,GB,16:28:55,-164.986259,Asia/Taipei
2344059,Fitzgerald-Smith,1982-09-29T16:00:46,GB,22:33:35,170.548922,Africa/Asmera
4402487,"Allen, Waters and Bennett",2007-03-23T17:23:25,GB,21:03:22,120.670223,Europe/Bucharest
28302070,"Booth, Smith and Richards",1992-12-04T14:37:21,GB,06:28:04,-81.742897,Asia/Saigon
4,"Reid, McDonald and Burrows",1983-06-30T08:59:56,GB,14:02:58,167.666439,Asia/Tokyo
360627,"Booth, Shaw and Walters",1996-11-23T20:06:25,GB,06:51:36,-105.782362,Asia/Muscat
2787,Smith-Talbot,1983-09-15T14:08:48,GB,21:47:48,-96.445574,Asia/Kamchatka
361,Jones Inc,2012-03-08T22:58:33,GB,20:20:45,-146.194907,Europe/Luxembourg
72254,"Lewis, Ward and Stone",1998-07-06T08:36:20,GB,13:23:18,51.928957,America/Mexico_City
210443627,Reid Ltd,2015-06-01T05:09:47,GB,07:56:58,-80.033126,Asia/Dubai
63,Hughes-Marshall,1996-01-21T12:45:35,GB,23:52:23,145.897783,Asia/Ashgabat
86,"Ahmed, Dixon and Hart",1979-08-23T17:48:26,GB,03:55:34,-152.062349,America/Paramaribo
181,"Akhtar, Miah and Edwards",2000-07-12T14:06:35,GB,15:35:45,43.054216,Pacific/Chatham
66639,"Saunders, Thomas and Brown",2011-09-15T17:07:21,GB,01:07:07,166.560808,Africa/Libreville
653,Bowen-Day,2010-02-01T19:59:49,GB,17:26:53,-142.475161,Africa/Maseru
2522280,"Wright, Smith and Nash",2005-11-27T01:35:39,GB,04:38:08,-134.789381,America/Noronha
8612,Austin-Jones,1989-11-03T07:41:34,GB,14:57:11,-140.387994,Europe/Sofia
44,"Thornton, Smith and Phillips",1998-01-05T23:53:00,GB,15:22:47,-7.253556,Europe/Tirane
421,"Marsden, Begum and Collins",2016-07-13T00:18:14,GB,11:22:34,102.463380,Asia/Tashkent
842,Morris-Khan,2001-02-21T00:09:48,GB,13:59:15,11.141113,Asia/Baghdad
704258,"Howells, Moss and Bailey",1980-01-04T00:41:33,GB,21:48:37,111.126333,Europe/Warsaw
28397,"Jones, Jackson and Bell",1971-11-28T06:59:43,GB,11:37:16,-168.707114,Asia/Beirut
54142019,Mitchell-Goodwin,1980-09-13T19:21:02,GB,09:46:11,-12.453912,Europe/Vaduz
2908,"Hughes, Sims and Stokes",1994-11-09T22:22:27,GB,00:34:32,100.503986,Africa/Kampala
99447,Hunter LLC,1989-09-21T19:51:53,GB,10:45:36,-77.123295,America/Argentina/Tucuman
187461991,"Brown, Young and Fuller",1975-10-23T01:55:53,GB,06:37:30,-163.943201,Africa/Djibouti
161056,Williams Ltd,1982-02-01T20:36:00,GB,15:45:45,142.260006,Africa/Tunis
55405153,Briggs LLC,2009-06-18T19:33:05,GB,20:25:41,65.650799,Europe/Copenhagen
265969,"Davey, Pritchard and Collins",2016-08-05T23:50:23,GB,07:19:29,47.978274,Africa/Blantyre
6944726,Little and Sons,1991-01-05T23:31:55,GB,06:44:47,72.549842,Africa/Johannesburg
210939,Johnson PLC,1989-05-02T13:03:06,GB,01:12:35,168.278979,Asia/Riyadh
1525,"Morris, Blackburn and Lucas",1990-04-15T02:16:53,GB,11:57:45,-86.955245,America/Hermosillo
39685,Parsons LLC,2018-08-21T09:22:52,GB,23:02:27,154.791169,Europe/Warsaw
3675076,Taylor-Davies,2001-01-02T05:12:58,GB,04:13:39,65.698485,Europe/Budapest
5,White Ltd,1984-11-10T07:45:58,GB,19:56:28,42.996283,Asia/Bishkek
67800,Griffiths Ltd,2007-08-31T13:34:38,GB,16:21:20,-131.613198,Pacific/Funafuti
772230,Nicholson-Andrews,1972-11-06T02:20:42,GB,23:29:10,-152.072002,Europe/San_Marino
10239,Payne and Sons,1994-09-25T02:08:32,GB,08:06:36,-80.368791,Europe/Malta
18,"Lambert, Begum and Bradley",1990-10-13T17:56:25,GB,07:16:43,168.596996,Africa/Maputo
266106,"Cunningham, Kelly and Parker",2015-09-14T18:01:32,GB,23:57:54,-13.270701,America/Belize
331256989,"Ahmed, Ryan and Wilson",2016-03-18T19:20:03,GB,19:56:46,83.042075,America/Hermosillo
701,"Smith, Brown and Donnelly",1979-10-17T08:02:13,GB,01:32:53,105.924281,Africa/Libreville
3484473,Norris LLC,1987-10-07T11:32:46,GB,18:49:45,60.341762,Asia/Ashgabat
7247,Berry Group,1979-10-26T09:51:01,GB,19:12:08,47.167582,Africa/Douala
426,Lewis Group,1997-11-06T03:12:58,GB,10:11:15,11.262127,Asia/Aden
3735,Wilson LLC,2012-03-25T13:18:11,GB,16:38:49,-66.481512,Europe/Istanbul
24266988,"Miah, Davies and Bolton",2003-12-07T01:37:07,GB,19:43:16,92.352570,Asia/Baghdad
0,"Whitehouse, Smith and Evans",1979-01-21T09:24:16,GB,01:56:48,142.953672,Europe/Istanbul
3306,Collins and Sons,1977-12-07T17:52:09,GB,00:51:56,129.912834,Africa/Porto-Novo
60962,"Harris, Carter and Morgan",2017-05-17T04:22:33,GB,19:55:39,-111.413373,Asia/Calcutta
32032,"Henderson, Bell and Nicholls",2001-08-24T10:22:21,GB,13:06:09,-118.882576,America/Asuncion
3860,Miller Inc,1976-09-03T00:02:49,GB,11:28:07,-121.514382,America/Argentina/Cordoba
225816,King-Patel,1979-01-28T06:14:01,GB,21:47:20,0.933042,Europe/Vaduz
51367668,Davis Inc,1980-05-30T15:36:28,GB,11:47:41,-174.263578,Pacific/Chatham
70899,Reeves and Sons,2009-09-14T15:59:31,GB,03:36:57,175.433661,America/Jamaica
170,Moore Ltd,1977-06-15T07:04:39,GB,21:34:28,-139.875406,Europe/Warsaw
785153,Ward LLC,1984-08-14T18:18:58,GB,11:16:31,-5.187496,Asia/Qatar
241226275,Anderson Ltd,2004-05-26T05:46:43,GB,05:58:36,133.288205,America/Mazatlan
9246051,Perry Group,1971-08-10T05:18:29,GB,20:21:02,111.313536,Europe/San_Marino
915,"Lynch, Rose and Law",1991-05-27T12:15:16,GB,11:25:05,145.897972,Europe/Helsinki
15051396,"Fletcher, Taylor and Adams",2013-02-11T21:08:46,GB,08:04:15,-105.383228,Europe/Helsinki
70,"Cross, Clarke and Cox",1971-01-06T18:53:45,GB,05:36:18,139.421223,Africa/Dar_es_Salaam
4618068,"Kay, Dixon and Ali",2020-10-15T06:25:14,GB,07:22:08,146.744132,Europe/Brussels
2327707,O'Brien and Sons,1988-08-26T19:43:06,GB,19:01:35,79.652231,Europe/Oslo
3,"Wheeler, Williams and Hurst",2012-11-18T07:52:31,GB,07:27:16,-42.371675,Asia/Katmandu
2784,Watson-Booth,2016-08-09T11:17:10,GB,04:39:08,96.037118,Europe/Athens
70855989,Stokes-Bruce,1984-11-10T00:20:07,GB,15:13:26,-53.558088,Europe/Malta
765070,Jones and Sons,1993-03-08T01:16:09,GB,10:09:22,100.724153,Europe/Uzhgorod
992,Cooper LLC,1974-06-25T17:37:16,GB,13:26:53,-32.649130,Asia/Jerusalem
51,"Harris, Donnelly and Holland",2013-02-14T09:32:58,GB,02:30:44,-36.705853,America/Santo_Domingo
29855286,Coates-Anderson,2007-11-13T06:39:14,GB,11:37:53,-77.675886,Africa/Mogadishu
41,"Walsh, Mann and Moore",1980-08-05T01:49:56,GB,16:40:03,-113.488943,Asia/Dili
776232,Watkins-Stone,1999-11-23T16:06:26,GB,19:00:55,-146.442012,Europe/Vaduz
1493341,Patel-Pope,1980-01-24T13:38:15,GB,00:37:25,167.106996,Europe/Sarajevo
21629,Mills-Connolly,1998-01-12T13:12:30,GB,10:44:44,-88.647264,Asia/Nicosia
1747022,Allan and Sons,1991-05-13T13:16:26,GB,08:56:20,-119.490207,Europe/Zagreb
9091400,"Hussain, Parker and Walker",2005-08-21T22:28:30,GB,23:13:39,-4.236410,Europe/Sarajevo
99681,"Gardner, Crawford and Evans",2008-04-08T01:56:45,GB,20:46:09,-144.441672,America/Panama
5,"Steele, Dean and Hill",1982-12-06T00:26:20,GB,19:46:21,-24.811441,Europe/Istanbul
83216,Scott-Barton,1996-03-20T00:02:03,GB,07:25:43,-16.195834,Asia/Tehran
119,Schofield LLC,1978-07-26T06:26:17,GB,18:41:59,-19.534316,Pacific/Fiji
9,"Watson, Burns and Cooper",1994-02-20T07:28:45,GB,23:41:42,128.832128,Asia/Aden
21,"Randall, Roberts and Evans",1992-06-04T01:23:27,GB,20:22:27,-122.233430,Europe/Malta
34,Knight LLC,1971-12-31T17:55:08,GB,13:10:40,4.329591,America/Managua
73883,"Farrell, Carey and Cross",1990-11-13T23:33:29,GB,05:42:25,-152.808604,America/Belem
9049,"Morrison, Jones and King",2004-04-28T05:03:06,GB,12:12:51,96.224866,Asia/Tokyo
79960,Holmes-Webb,2021-08-27T18:29:16,GB,16:57:40,127.969185,America/Santiago
6462,"Giles, Dickinson and Preston",2020-08-03T00:07:40,GB,14:26:05,60.766728,Asia/Tokyo
12505,Parker and Sons,2011-03-03T06:29:28,GB,23:29:35,168.715898,Europe/Malta
94016148,Sanders Inc,1997-11-25T03:48:49,GB,19:01:29,19.088648,Asia/Aqtau
8,Morgan Ltd,2015-09-16T17:47:20,GB,22:03:06,-58.213811,Asia/Jerusalem
5,"Lee, Farrell and Patel",2005-09-13T21:12:23,GB,23:49:44,-64.109127,America/Grenada
8065,Chandler-Wright,1988-10-09T15:05:28,GB,14:54:15,-43.241343,Europe/Vatican
8942,"Goddard, Reeves and Burns",2009-05-15T09:37:44,GB,09:05:04,-20.721318,Europe/London
8425,"Griffin, Sheppard and Dennis",2022-09-25T04:00:17,GB,00:41:08,-138.973034,Asia/Kuwait
4,"Porter, Doherty and Jordan",2005-10-19T02:44:18,GB,00:29:11,-126.769246,America/Monterrey
617202,Daly Ltd,1979-06-05T00:24:33,GB,18:59:29,-153.789588,Africa/Ceuta
43139745,"Potter, Morris and Hicks",2023-03-14T09:07:04,GB,21:43:22,12.879367,America/Bogota
22819849,Smith-Curtis,2007-07-01T06:30:43,GB,06:38:44,139.536335,Europe/Berlin
80,"Kaur, Thomas and Burgess",2007-10-19T06:18:13,GB,10:33:28,21.582872,Europe/Monaco
3,"Evans, Lane and Richards",2003-10-22T23:55:27,GB,20:11:17,-156.781732,Asia/Tehran
84698,"Carter, McLean and Ellis",2007-06-03T04:02:26,GB,06:00:39,80.477831,America/Santo_Domingo
8228,Davies Ltd,1988-06-28T06:07:54,GB,22:34:22,145.879262,Europe/Bratislava
61686946,Bailey PLC,2010-07-23T07:33:10,GB,01:18:53,-30.096699,America/Caracas
351612,"Taylor, Evans and Wilson",2003-05-18T14:21:53,GB,22:34:46,151.861729,Africa/Bujumbura
61064902,Davies PLC,2018-03-12T22:09:33,GB,10:03:25,-9.873821,Europe/Helsinki
40160112,"Thompson, Bowen and Brookes",1998-03-12T16:03:31,GB,07:38:16,173.985825,America/Montevideo
6759428,"Smith, Oliver and White",2003-09-13T02:43:37,GB,05:50:44,-98.992899,Europe/Vienna
785246,Bird-Clarke,2004-12-13T06:04:53,GB,18:16:49,97.969372,Europe/Sofia
7,Williamson-Rogers,2022-12-12T18:54:19,GB,21:35:05,-123.982721,America/Costa_Rica
85,Patel-Holt,2016-06-10T09:53:06,GB,05:09:49,132.822589,Asia/Harbin
4,"Simpson, Fuller and Brown",2020-02-13T01:02:17,GB,20:53:29,56.707445,Africa/Sao_Tome
479670739,Gibson Group,1984-07-14T23:09:32,GB,00:08:46,36.545734,Asia/Tehran
86921,"Hobbs, Buckley and Frost",1974-02-18T09:55:40,GB,02:18:39,-23.817687,America/Adak
3309,Martin PLC,1980-08-23T22:56:10,GB,09:44:09,22.865841,Africa/Lagos
57,Howard-Richards,2016-12-01T19:39:08,GB,04:18:56,2.759506,Asia/Calcutta
385,Barnes-Knight,1975-12-18T01:09:16,GB,06:00:52,47.196401,Asia/Phnom_Penh
7890946,"Saunders, Fitzgerald and Morrison",2016-02-13T03:08:35,GB,22:41:27,63.953223,Europe/Riga
2990,Jackson Group,2004-01-29T15:04:06,GB,12:48:20,9.909257,Africa/Casablanca
568,"Stewart, Griffiths and Ferguson",1991-06-03T11:35:20,GB,17:11:31,-25.900939,Europe/Budapest
610215,"Ali, Sykes and Hussain",1997-04-06T15:07:42,GB,02:37:10,-53.263553,Africa/Conakry
616292,"Faulkner, Stone and Rowley",2003-07-06T06:34:05,GB,18:29:18,128.309193,Asia/Phnom_Penh
6631,Richardson-Rose,2022-12-06T22:38:50,GB,09:04:36,-134.047702,Africa/Lusaka
25878,Dunn-Morris,1982-06-15T05:39:26,GB,16:51:30,-46.258202,Asia/Riyadh
209,Ahmed-Connolly,2001-11-05T06:04:16,GB,03:28:10,0.118007,America/Cambridge_Bay
2048,Ahmed Group,1985-01-06T12:06:35,GB,13:34:44,168.768083,Asia/Katmandu
98610765,"Hall, Adams and Burgess",1983-09-02T00:38:04,GB,13:16:08,-58.299398,Africa/Nouakchott
7,Bird-Jarvis,2018-01-24T22:10:34,GB,00:23:54,115.416752,Europe/Zagreb
383947,"Holden, Ward and Duffy",1971-04-27T05:50:01,GB,11:08:23,67.026349,Asia/Katmandu
285591,"Willis, Peacock and Brown",1986-01-25T08:33:39,GB,05:50:11,117.901688,Europe/Stockholm
21008922,"Sutton, Ellis and Jenkins",1993-08-01T05:34:45,GB,00:30:42,-175.384138,Europe/Sofia
4552228,Whitehouse-Davies,2008-10-13T17:52:32,GB,03:31:17,-46.223844,Atlantic/Canary
8194,Rowley-Atkins,1979-06-23T10:28:01,GB,02:36:31,72.281664,Asia/Seoul
62218521,Roberts Ltd,2010-04-30T06:28:59,GB,01:41:50,-25.342741,America/Asuncion
218495181,Allen-Rowley,1987-09-07T07:49:07,GB,15:42:48,-42.568486,Africa/Abidjan
8048338,Holmes-Parkinson,2016-03-19T19:48:08,GB,03:00:12,-127.535773,America/Tegucigalpa
503108729,"Thomson, Harding and Perry",1985-07-10T21:37:04,GB,04:43:41,-79.679002,Europe/Belgrade
60920309,"Evans, Watson and Reid",1982-10-25T11:19:39,GB,05:54:34,8.203083,Asia/Riyadh
609,"Oliver, Payne and Garner",1973-05-10T05:34:43,GB,07:10:16,5.650822,Asia/Kuala_Lumpur
8322,Farmer PLC,1985-10-03T16:43:02,GB,10:59:46,-101.654101,Africa/Porto-Novo
36772,Phillips PLC,1981-05-17T06:34:33,GB,21:11:49,27.224210,America/Tegucigalpa
8606,Morris-Bond,1974-11-30T00:59:07,GB,19:22:38,61.141942,Europe/Stockholm
257,Stewart PLC,1984-11-01T01:34:13,GB,19:37:58,162.569276,Asia/Tehran
7154,"Wilson, Hill and Iqbal",1999-06-13T17:38:46,GB,12:51:53,96.597877,Europe/Rome
4,"Kelly, Little and Roberts",1997-09-10T00:36:25,GB,17:12:00,-156.475940,America/St_Johns
0,Nelson-Davies,1982-05-13T07:39:48,GB,05:46:09,-121.540238,Indian/Maldives
35652,Williams Inc,2015-04-02T03:49:10,GB,00:57:28,34.134831,America/Barbados
582,"Clark, Matthews and Marsden",2014-01-28T02:25:20,GB,18:34:57,-121.228434,Pacific/Tongatapu
461197,"Doyle, Taylor and Roberts",2005-03-21T13:13:51,GB,13:54:31,-39.861931,Africa/Ndjamena
7500869,Anderson and Sons,1973-05-30T22:01:46,GB,15:47:56,-49.133493,America/St_Lucia
12714286,Griffin LLC,2010-11-06T23:39:39,GB,09:57:00,139.424243,Europe/Andorra
553077571,Mason-O'Sullivan,1970-11-23T01:41:49,GB,09:20:50,128.043625,America/Guyana
4620804,Griffiths-Singh,2003-09-23T13:03:32,GB,08:34:49,98.018289,America/Guatemala
87235,Noble-Clarke,2021-09-28T13:17:36,GB,11:27:23,35.201312,Europe/Ljubljana
9894,Dean and Sons,1973-06-26T02:42:09,GB,13:16:58,-107.782412,Europe/Budapest
943,Wilson and Sons,2012-11-07T17:45:26,GB,10:53:02,51.156841,Europe/Tirane
75,Green-Davies,1981-10-30T23:52:15,GB,11:37:37,-87.071238,Africa/Bissau
466385,Stephenson-Page,2022-07-16T13:10:33,GB,17:58:08,155.606654,Asia/Brunei
23,Pritchard-Allen,2006-07-20T23:30:37,GB,07:51:15,38.309022,Africa/Tripoli
931408144,"Wright, Oliver and Thomas",2009-12-07T13:56:45,GB,03:00:22,-146.828564,America/St_Lucia
85926,Sharpe-Williams,2015-06-08T20:58:36,GB,05:30:48,102.394117,Africa/Luanda
801,Moran Group,1990-03-13T18:35:29,GB,12:58:18,-138.694501,America/Costa_Rica
79,"Vincent, May and Jones",2021-04-09T12:09:52,GB,05:42:58,-174.492006,Asia/Karachi
84,Davies LLC,2023-07-03T08:08:54,GB,19:42:31,174.180961,Europe/Zurich
23422140,"Fraser, Baxter and Turner",1999-12-23T10:29:39,GB,06:45:39,105.961217,Africa/Kigali
597,"Bentley, Walsh and Robertson",1976-05-21T15:57:24,GB,02:32:03,-85.426014,Asia/Beirut
1858,Curtis Group,1975-03-09T09:27:34,GB,11:16:39,157.176938,Asia/Kabul
997928854,"Field, Robson and Smith",2006-11-19T00:16:21,GB,06:33:32,-87.721575,Africa/Dakar
141,Williams Group,2017-01-21T04:13:16,GB,09:05:10,-113.533036,Africa/Bujumbura
5106559,"Wood, Owen and Cox",2006-10-16T02:04:13,GB,11:44:00,119.622864,Asia/Tashkent
9647,Baker-Jackson,1996-11-06T17:50:42,GB,00:30:17,-135.797393,Africa/Cairo
312837932,Brown-Carroll,1978-03-07T21:38:28,GB,19:23:35,-104.829711,Europe/Sofia
32884,Humphreys-Bradshaw,1989-01-14T05:00:19,GB,03:54:09,117.483254,Africa/Maputo
54576297,Kent-Hunter,2022-08-12T13:13:57,GB,03:39:06,22.244242,Africa/Algiers
9,Edwards-Evans,2001-09-06T02:26:55,GB,18:00:40,139.139749,Pacific/Palau
39217449,"Shepherd, White and Richardson",2018-07-13T21:04:20,GB,16:44:37,-74.148295,America/Grenada
106,Bartlett and Sons,1992-02-03T18:53:49,GB,16:33:41,-133.180878,Africa/Mbabane
532,"Jones, Cooke and Evans",1994-02-10T01:34:29,GB,06:48:41,133.557689,Europe/Uzhgorod
4,Bell-Gray,2015-03-21T00:10:13,GB,06:46:27,105.751164,Europe/Copenhagen
3,Blackburn Group,2023-06-09T04:44:14,GB,13:51:54,-10.379358,Asia/Kabul
3028671,Adams Inc,1982-12-22T18:06:11,GB,17:06:58,61.242828,Europe/Amsterdam
612048,Hill and Sons,1988-07-29T11:50:12,GB,08:43:58,25.561596,Pacific/Nauru
4,Bailey and Sons,1994-03-27T06:52:47,GB,19:12:33,-90.353260,Europe/Helsinki
6762507,Walker Group,2023-03-22T18:44:48,GB,11:52:14,94.282974,America/Montevideo
744898,Houghton Ltd,1997-04-22T02:35:16,GB,04:18:53,162.818528,Pacific/Auckland
82,Richards PLC,1983-06-09T05:36:25,GB,23:27:10,-20.215575,Europe/Sarajevo
60447331,Davies and Sons,1985-08-04T22:08:38,GB,09:16:49,-81.830435,Africa/Niamey
50,"Winter, Summers and Richardson",1997-05-01T21:43:04,GB,02:40:53,40.594385,America/Kentucky/Louisville
761,Flynn-Carr,1970-09-01T05:00:04,GB,16:48:54,38.794245,Pacific/Chatham
10781765,"Foster, Nixon and Clements",1970-06-04T22:00:18,GB,22:10:42,-21.671334,Pacific/Funafuti
953730970,"Davies, Jones and Collins",2003-01-30T19:02:07,GB,13:36:47,38.595892,America/Mazatlan
1,"Mellor, Brown and Hill",2014-02-22T19:06:17,GB,03:10:32,178.634494,Asia/Calcutta
37,Chapman and Sons,2008-08-05T02:19:19,GB,11:00:21,-119.146621,Africa/Harare
4,Johnson LLC,2000-09-10T11:11:35,GB,08:51:55,-102.481517,Europe/Vatican
953435,Simpson-Bennett,2000-04-01T09:45:58,GB,02:22:19,-30.049657,Asia/Aden
9334608,Jones-Jackson,1972-01-04T22:00:52,GB,16:07:24,152.685646,Pacific/Funafuti
1,Walters Inc,1989-11-17T02:33:16,GB,14:06:36,131.877945,Africa/Blantyre
75998579,Morris-Owen,1974-09-10T03:50:22,GB,08:19:06,-32.780059,Asia/Yerevan
16,"Thomas, Morris and Davies",1979-07-10T05:30:24,GB,01:51:43,24.844476,America/Nassau
46163583,Arnold and Sons,1971-03-16T00:22:00,GB,13:44:46,-167.999384,Europe/Bratislava
9,"Green, Wood and Cross",1978-02-07T05:14:22,GB,21:41:10,-170.917916,Asia/Pontianak
89289200,"Williams, Jackson and Jones",2018-12-20T03:24:17,GB,12:45:56,136.314305,Asia/Kabul
27307,"Morris, Howell and Cooke",1993-09-17T02:13:57,GB,16:39:24,140.990547,Africa/Libreville
65,Johnson-Hyde,1995-09-05T03:08:10,GB,03:42:23,143.278373,Pacific/Palau
989035,Sanders Group,1979-06-17T06:58:32,GB,17:36:08,83.491098,America/St_Lucia
600752,Turner LLC,1992-05-30T21:50:13,GB,13:17:25,177.457309,Asia/Taipei
6,Kent Inc,2001-10-17T01:37:17,GB,00:25:35,25.660154,Europe/Skopje
114064926,Dunn-Chamberlain,1999-10-08T13:57:34,GB,10:21:56,148.446855,Europe/Skopje
6,Williams-Rowley,1973-05-21T12:53:02,GB,01:24:22,-59.883034,Africa/Ouagadougou
404543893,"Smith, Newman and Taylor",2017-06-25T01:47:54,GB,22:02:35,72.980178,America/Paramaribo
584,"Cross, Brooks and Harvey",2005-02-12T16:11:32,GB,06:35:25,-52.764223,Pacific/Port_Moresby
926520,"Archer, Owens and Davies",2019-05-30T17:11:59,GB,03:05:07,122.403208,Africa/Maseru
629954,Wood Inc,1985-01-18T19:57:27,GB,10:00:02,108.945331,Pacific/Kiritimati
6423647,Hooper LLC,2006-07-11T23:57:32,GB,18:32:42,-70.581919,Asia/Rangoon
1205470,Palmer Group,2004-04-26T12:47:04,GB,04:39:30,-134.665488,Asia/Hebron
810,Barnes Ltd,1991-12-08T06:18:55,GB,18:50:57,9.371144,Europe/Tirane
570,"Buckley, Chapman and Smith",1972-11-28T23:27:52,GB,16:42:44,-70.869832,Africa/Brazzaville
509402116,Howell PLC,1976-09-23T14:14:33,GB,12:12:08,-108.093893,Pacific/Apia
98572,Butler-Turnbull,2000-06-08T19:52:06,GB,15:40:06,35.616583,Asia/Damascus
9525459,Clark-Matthews,1978-01-14T15:48:25,GB,21:19:47,8.613469,Pacific/Tongatapu
424530,Lee Ltd,1995-02-15T10:35:45,GB,03:28:51,60.285763,Europe/Amsterdam
2755,Richards-Taylor,1970-01-13T10:38:18,GB,07:03:10,-132.270288,Europe/Helsinki
529,Kelly and Sons,1973-12-17T20:51:55,GB,21:14:37,-125.753426,Asia/Tashkent
74888754,Taylor-Cook,2004-01-30T22:10:51,GB,20:27:46,162.432193,Asia/Tehran
151692662,Robinson-Little,1993-08-21T00:09:15,GB,11:14:19,9.526223,Pacific/Tarawa
5,Page PLC,1977-10-31T18:55:37,GB,01:41:05,2.287050,America/Nassau
6155672,McDonald-Bond,2014-06-13T23:10:30,GB,17:18:38,-90.742106,Asia/Calcutta
7921,Wheeler-Stevens,1971-08-08T02:10:57,GB,21:27:58,130.668492,Africa/Algiers
41,Simpson Ltd,1992-09-26T07:19:46,GB,09:33:43,127.440726,Indian/Comoro
989892669,Johnson and Sons,2004-11-10T18:29:47,GB,10:57:04,60.679523,Asia/Nicosia
65504746,Mitchell-Evans,1976-02-07T01:23:35,GB,04:22:15,-158.707036,Asia/Bahrain
1877777,Wilkins-Howells,1974-01-09T01:13:40,GB,01:59:20,27.207252,America/Santiago
69,"Walters, Shepherd and Thompson",1976-09-04T14:02:49,GB,07:50:23,-59.463394,Asia/Nicosia
89465,"Murphy, Davies and Jones",1976-11-23T00:28:06,GB,21:40:11,14.416503,Africa/Douala
14374,Barnett-Smith,2015-09-03T11:10:10,GB,01:45:49,-44.873146,Europe/Oslo
962814,"Bradley, Mann and Lynch",1976-12-11T10:27:28,GB,20:54:48,104.101098,America/Santiago
78058,Cox LLC,2014-08-09T07:25:21,GB,09:16:37,-170.400991,Africa/Blantyre
8,Cook-Burgess,2018-05-28T11:18:51,GB,00:21:40,2.996164,Pacific/Tongatapu
936640015,Ali-Fisher,1987-03-10T18:50:56,GB,02:51:48,-131.000072,America/Chihuahua
62921,"Patel, Haynes and Freeman",1996-04-24T21:52:55,GB,01:25:41,-166.145100,Africa/Lusaka
5,Barnett-Nash,2005-12-26T20:30:12,GB,20:46:10,-123.405223,Asia/Yerevan
270027,"King, Thomas and Barker",1999-01-17T08:46:39,GB,02:28:23,175.736950,America/Maceio
3,Morgan-Lewis,1997-03-25T11:28:54,GB,19:11:10,76.389633,Europe/Tirane
3456,Dixon Ltd,1998-07-08T14:00:05,GB,02:12:48,174.434002,Europe/Vatican
12,Humphries-Newton,1973-11-06T11:11:38,GB,12:08:34,-78.412008,Asia/Dhaka
8851674,Carey Inc,1983-06-02T18:11:24,GB,06:45:21,-63.737794,Europe/Skopje
1445,Patel-Smith,2001-09-11T03:27:56,GB,05:06:24,106.640298,America/El_Salvador
4973,"Brady, Macdonald and Lawson",2016-11-11T07:40:25,GB,23:00:41,118.219508,Africa/Asmera
402877,"Edwards, Pritchard and Parkinson",2021-07-08T09:49:10,GB,21:29:11,-126.854446,Africa/Asmera
5701,"Marsh, Johnson and Jones",2002-05-21T20:09:40,GB,14:29:18,-45.767693,America/Belize
4726,Payne Inc,1992-12-09T02:16:42,GB,05:07:19,-90.282189,Africa/Banjul
67778988,"Johnson, Briggs and Moore",1985-06-28T05:02:14,GB,16:02:18,161.716775,America/St_Johns
5461887,"Warren, Armstrong and Elliott",1975-10-19T00:00:30,GB,04:59:48,155.186377,Pacific/Kiritimati
71,Norton-Russell,1980-06-06T14:36:32,GB,21:59:45,-66.746322,America/Dominica
7759,"Ford, Lewis and Cook",1977-05-07T21:03:59,GB,15:17:21,10.071878,Africa/Luanda
9,Williams-Jordan,1987-07-24T01:20:59,GB,01:06:34,-38.242474,Europe/Belgrade
23654,James-Brown,2009-03-21T18:05:07,GB,23:39:07,-46.880815,America/La_Paz
5,"Parker, O'Connor and Johnston",1974-04-30T00:44:41,GB,07:02:13,-146.200143,Europe/Istanbul
49,Wood-Pratt,1990-12-09T23:48:56,GB,18:40:58,-5.235382,Europe/San_Marino
9582750,Lambert-Lewis,1998-06-05T17:15:22,GB,09:58:11,-171.941356,Africa/Djibouti
15,"Fisher, Griffin and Richardson",1997-11-12T06:14:28,GB,02:18:07,87.845060,Europe/Budapest
53101565,"Humphreys, Kelly and Williamson",2003-05-29T14:59:36,GB,23:14:02,68.739700,Europe/Budapest
436,"Dale, Thornton and Jones",2000-10-22T09:01:19,GB,02:17:00,125.870890,Africa/Mbabane
94,"Andrews, Randall and Evans",1992-02-07T22:01:17,GB,06:11:18,-131.394155,America/El_Salvador
1,"Ashton, Bishop and Webb",1974-10-27T18:59:26,GB,11:51:03,153.055632,Africa/Kampala
1,"Sutton, Patterson and Williams",1974-03-14T03:12:58,GB,01:08:04,124.395335,Asia/Krasnoyarsk
97,Powell-Price,2013-07-08T03:27:34,GB,09:27:50,49.884082,Asia/Baghdad
54222,Shepherd Group,1993-08-08T16:32:11,GB,07:43:25,49.911690,Asia/Choibalsan
8623626,"Hughes, Wright and Buckley",1995-08-14T05:24:34,GB,14:15:15,-53.267050,America/Bogota
37,"Lewis, Atkins and Griffin",1984-02-06T03:23:10,GB,03:37:19,170.494003,America/Port_of_Spain
3626889,"Walton, Martin and Hopkins",1986-05-05T10:20:42,GB,10:02:17,-14.147640,Africa/Luanda
995,Barrett PLC,2023-08-27T12:28:13,GB,06:11:45,-77.745436,America/Guayaquil
6,"Garner, Hughes and Charlton",1990-12-06T13:20:52,GB,11:27:25,-30.581495,Pacific/Funafuti
967499,Jones Ltd,1984-07-31T01:05:56,GB,10:27:54,-76.041124,Africa/Bissau
200359,Jackson Group,2008-03-01T00:20:23,GB,15:07:51,-156.832530,Europe/Istanbul
21878,"Roberts, Price and Hughes",1985-07-16T02:23:21,GB,11:58:16,88.846194,Europe/Oslo
459,Kelly-Hopkins,1979-05-12T01:30:43,GB,03:17:44,27.946804,Asia/Jerusalem
795125,"Baldwin, Hicks and Hill",1976-01-07T03:32:54,GB,08:55:14,65.727067,America/St_Lucia
758,"Burgess, Clarke and Thompson",1993-09-07T22:52:57,GB,00:42:17,-20.509015,Asia/Makassar
75,Russell PLC,2002-04-22T06:48:51,GB,09:05:08,174.512908,Asia/Tbilisi
6,"Heath, James and Edwards",1989-09-28T10:21:15,GB,10:24:47,170.320593,Europe/London
638517,Patel LLC,1991-11-01T19:20:24,GB,09:17:44,-93.512763,Asia/Kabul
21091647,"Smith, Turner and Moran",1991-05-27T06:57:33,GB,15:30:26,61.881651,Asia/Brunei
7967,Owen PLC,1983-04-01T02:40:19,GB,09:30:34,-72.373110,Africa/Sao_Tome
3,"Clark, Thompson and Sheppard",1982-11-27T16:57:06,GB,01:46:20,112.250425,Pacific/Guadalcanal
865315,"Evans, Moore and O'Neill",2011-02-19T11:45:57,GB,05:54:14,-23.238042,Europe/Riga
58,Manning Group,2016-08-01T15:25:22,GB,22:40:55,-140.842061,Africa/Ndjamena
789306,"Holt, Peters and Lee",1999-07-21T07:12:55,GB,18:49:45,131.385165,Africa/Tunis
235,Williams-Phillips,2004-04-23T02:57:12,GB,04:53:58,73.039516,America/Barbados
729,Brown-Curtis,1988-09-14T16:56:37,GB,05:34:04,-22.935533,Indian/Mauritius
1,"Mason, Watts and Thomas",2017-02-12T23:32:18,GB,21:11:15,175.454263,Europe/Athens
758925246,"Ingram, Davies and Baldwin",1970-11-22T03:13:45,GB,07:16:56,-82.526835,Pacific/Port_Moresby
974159,"West, Parker and Walton",1998-10-14T02:26:11,GB,15:15:55,-14.481108,Pacific/Tongatapu
736167581,Shah-Reed,2001-04-05T11:13:44,GB,07:12:08,-56.016290,Europe/Sarajevo
298645528,Carter LLC,1979-02-10T17:05:51,GB,07:10:28,120.562109,America/Managua
64523,Richardson-Brady,1974-10-03T04:49:30,GB,08:27:23,48.907909,America/Jamaica
467613112,Carter Inc,2021-02-17T15:08:00,GB,10:09:52,111.907526,Asia/Yerevan
253,McCarthy-Taylor,2012-10-02T18:57:27,GB,08:14:11,0.806195,Pacific/Funafuti
735393208,Mitchell-Patel,1988-01-17T17:55:36,GB,20:43:35,20.961499,Asia/Aden
10,White Ltd,2023-04-11T14:58:19,GB,08:05:16,-133.474594,Europe/Madrid
83266238,Robinson-Matthews,2020-02-16T08:28:28,GB,11:21:10,35.592007,America/Asuncion
11941632,"Wood, Moore and Butler",1993-12-26T11:16:18,GB,10:57:25,-118.497653,Indian/Maldives
15396,Lawrence-Burns,2012-03-16T15:34:51,GB,15:57:46,86.420627,Africa/Casablanca
6227,Cunningham-Booth,2014-08-24T21:10:06,GB,08:41:53,88.503022,Europe/Amsterdam
1601,Newton LLC,2007-08-16T03:38:38,GB,01:39:17,-38.389253,America/Montevideo
865206,Burton and Sons,1982-09-07T04:35:47,GB,14:00:38,177.046983,Europe/Athens
7569,Ross Inc,1993-05-28T12:38:12,GB,02:05:42,158.265290,Asia/Tehran
683,Baker-Wilson,2009-01-14T14:46:32,GB,03:02:12,-151.964068,Africa/Bissau
6280,Brown and Sons,2001-10-04T13:03:30,GB,16:54:29,21.379128,Europe/Prague
994280,Evans Inc,1996-09-21T20:00:09,GB,08:30:49,-66.174023,America/Bogota
610,Cox PLC,2012-09-15T20:02:53,GB,23:33:45,-44.384173,Europe/Helsinki
6860310,"Spencer, Buckley and King",2004-02-07T20:48:40,GB,04:00:37,-62.994855,Asia/Novosibirsk
3,May-Taylor,2004-12-01T12:34:06,GB,10:33:48,-84.687516,Africa/Ouagadougou
4,"Gill, Scott and Shaw",1979-05-23T05:38:03,GB,03:42:39,-130.378723,Asia/Seoul
3705548,Graham-Carroll,2001-08-11T16:37:36,GB,14:44:07,-118.768240,Atlantic/Cape_Verde
963120152,White-Harper,1980-04-03T21:09:34,GB,20:33:15,-146.407286,Pacific/Apia
1267,Watson-Cooke,1970-06-14T11:12:42,GB,17:06:30,9.568044,America/Santo_Domingo
22169,Hughes Group,2012-03-15T00:54:05,GB,06:20:32,-94.508041,Africa/Bissau
7,Watson and Sons,1972-09-13T10:23:43,GB,05:21:30,141.579668,Asia/Dili
66448412,Norton-Henderson,1975-12-24T18:36:18,GB,17:06:35,-118.077761,Asia/Qatar
98620,Read-Henry,2009-08-28T13:49:30,GB,14:58:48,12.645120,Europe/San_Marino
38706,"Russell, Newman and Kaur",1986-05-27T01:03:36,GB,07:38:58,91.202652,Africa/Conakry
6402461,Brown-Evans,1990-04-04T17:22:23,GB,03:13:20,-71.449394,Africa/Monrovia
534,Price-Fox,2006-03-08T13:19:58,GB,06:21:13,157.852939,Asia/Dili
8527084,Warren PLC,1987-10-21T16:05:46,GB,20:38:13,-141.528179,Asia/Damascus
71124938,"Dunn, Smart and Campbell",2021-10-24T17:37:25,GB,05:07:29,-127.709431,America/Managua
56,Campbell Inc,2012-08-02T05:39:12,GB,05:24:04,-15.427036,Pacific/Kiritimati
3,Allen Inc,1972-01-31T20:21:38,GB,07:47:07,72.713878,Africa/Lome
80767964,Goddard-Lawrence,1970-03-03T07:00:23,GB,08:12:59,89.123363,America/Dominica
1196,"Grant, Jackson and Allen",2008-05-28T18:14:21,GB,00:13:55,119.828003,Europe/Helsinki
12548,Patel and Sons,2017-02-10T12:57:17,GB,21:29:38,-89.765866,Pacific/Apia
5468,Macdonald Group,1976-05-19T03:27:09,GB,12:52:36,146.065601,America/Asuncion
53,Morris PLC,2009-05-30T05:56:18,GB,08:19:44,145.129758,Africa/Addis_Ababa
731633,Campbell and Sons,2014-09-05T09:54:23,GB,22:18:14,-116.793785,America/Manaus
76375757,"Phillips, Whittaker and Murphy",1972-03-16T18:45:58,GB,06:34:05,-140.940058,Asia/Kuching
7110682,McLean Group,2001-05-03T00:48:02,GB,16:23:41,-123.404799,Europe/Podgorica
965,Moran-Turner,2011-06-08T17:14:04,GB,13:45:47,160.632462,Africa/Asmera
4974,Thomas Inc,2016-04-20T21:59:58,GB,11:54:46,-19.087497,Africa/Blantyre
138885877,"Rice, White and Bibi",1991-05-09T09:11:59,GB,10:15:26,-86.163216,Europe/Ljubljana
5610139,"Mann, Birch and Duffy",2007-08-14T11:08:38,GB,02:25:14,-152.939909,Pacific/Guadalcanal
4199010,"Hodgson, Gallagher and Davies",1998-02-07T20:00:15,GB,07:16:30,-150.175120,Europe/Vienna
60,"Campbell, McCarthy and Murphy",2004-06-10T03:16:04,GB,18:31:29,-137.981139,Pacific/Guadalcanal
5,Wall PLC,2001-10-31T03:52:04,GB,18:00:38,60.117427,Europe/Andorra
3,Ball Ltd,1990-09-29T09:20:18,GB,18:34:27,-150.239257,Africa/Cairo
626429,Watson-Harrison,1971-12-14T03:48:48,GB,20:57:48,-67.883481,Asia/Kuwait
814,Bennett-Smith,2011-03-22T01:12:39,GB,14:02:00,-50.576058,America/Jamaica
48,"Carter, Richardson and Davis",1999-06-15T17:53:59,GB,22:03:29,-175.559355,Africa/Mogadishu
7471,Burton-Hayward,2010-10-16T11:16:03,GB,11:21:34,61.680475,Asia/Jerusalem
3,Payne-Newman,1998-01-02T20:53:19,GB,14:59:20,-114.181522,Asia/Thimphu
272894,Connor-Green,2004-04-09T10:32:11,GB,10:43:12,-30.999921,Indian/Antananarivo
32,"Evans, Hall and Wilkins",2020-10-06T20:04:40,GB,10:55:27,-5.605845,Africa/Lubumbashi
370,Naylor-Fisher,2007-07-02T16:08:30,GB,00:49:05,-54.224253,Europe/Andorra
373959033,Barnes Inc,1982-06-14T03:18:25,GB,19:29:06,-147.768532,Europe/Tirane
2,Gill PLC,2018-01-01T22:14:00,GB,21:46:29,155.119061,Africa/Asmera
710508,Smith-Jordan,1980-09-08T12:23:01,GB,04:53:35,-18.369688,Africa/Nouakchott
52951,Cook and Sons,1995-02-21T13:23:36,GB,07:46:55,-117.559731,America/Costa_Rica
502826,"Williamson, Richards and Burns",2018-05-07T08:32:59,GB,00:24:17,-6.338569,Europe/Paris
690,Reed-Barton,1992-04-06T19:07:52,GB,01:28:08,-138.285280,Africa/Luanda
98,Jones Ltd,1997-10-11T11:39:47,GB,10:08:31,-0.358850,Europe/Bratislava
576244853,"Kaur, Phillips and Field",1982-08-19T21:57:41,GB,03:09:15,-160.999912,Pacific/Palau
972007,Watson Ltd,2004-07-21T11:56:56,GB,05:40:13,-169.916891,Asia/Vientiane
65679745,Ford Inc,1998-04-13T06:11:51,GB,05:35:08,71.692626,Asia/Aqtobe
1968156,Collins-Hunter,2008-09-11T04:34:25,GB,11:09:34,117.580251,Africa/Abidjan
57269,"Hardy, Davis and Kelly",1998-12-09T16:30:12,GB,14:19:30,-44.525442,Asia/Damascus
295331,Barker-Read,1983-09-08T07:25:06,GB,12:05:54,124.164263,Pacific/Palau
201241448,Atkinson-Walker,2014-06-07T11:41:31,GB,16:39:01,125.917296,Asia/Bangkok
517018584,Marshall PLC,2009-12-24T20:27:29,GB,09:22:44,-49.592361,Africa/Kigali
726498,Ashton-Doherty,2005-10-29T23:13:38,GB,23:01:36,117.523793,Australia/Melbourne
564859,Cox-Read,2014-06-13T20:14:51,GB,09:18:50,-143.609608,Asia/Aqtau
5,Robinson-Bell,2008-03-15T23:29:03,GB,19:43:25,-8.321733,Europe/Prague
730,Jones-Edwards,2022-03-31T00:29:17,GB,14:04:04,-36.939303,Asia/Singapore
1464524,"Gibson, Edwards and Lord",2014-03-09T17:10:04,GB,23:32:01,-53.986248,Europe/Vienna
52,"Wilkinson, Price and Daniels",1994-12-25T04:34:37,GB,05:56:44,-177.391358,Indian/Mauritius
6234,Graham-Connor,2013-09-03T23:35:24,GB,05:48:36,173.770152,Asia/Ulaanbaatar
311,Kaur-Reeves,1985-08-31T14:54:40,GB,09:02:20,96.680145,Europe/Tirane
5,"Roberts, Watkins and Godfrey",1995-10-20T06:11:19,GB,08:05:11,76.990905,Pacific/Majuro
2196750,Coleman-Vincent,2021-11-26T01:38:13,GB,23:42:09,-16.870720,America/Guyana
504013596,Barker-Chambers,1976-12-19T04:43:55,GB,17:09:55,29.666429,Asia/Tashkent
69348775,Curtis-Hill,2002-09-20T07:35:10,GB,20:03:48,-109.761266,America/Grenada
0,Hughes and Sons,2017-05-20T18:54:19,GB,13:48:36,142.227492,Africa/Porto-Novo
3629287,Perry and Sons,1994-05-22T00:47:46,GB,22:05:54,139.344897,Europe/London
14354608,Richards Ltd,2022-01-25T19:47:33,GB,21:05:26,-108.363440,Africa/Bangui
310216,"Martin, Harris and Jones",2006-04-25T11:52:39,GB,05:51:45,84.157851,Asia/Damascus
8188,Mann Inc,1989-07-05T20:41:39,GB,09:18:55,158.364883,Africa/Malabo
349751463,Clarke-Lee,1974-12-15T09:56:24,GB,07:18:45,176.657093,Asia/Amman
960171599,Marshall-Hayes,1978-11-08T15:38:38,GB,14:19:47,104.926037,Asia/Amman
28595577,"Mills, Barlow and Young",1973-07-27T17:37:01,GB,19:39:23,-67.848128,Europe/Brussels
30,Jones-Thornton,1978-06-10T22:11:05,GB,04:03:20,-92.279316,America/Dominica
7,Evans PLC,1981-09-06T11:52:53,GB,01:31:57,-31.008993,America/Guatemala
6565,"Jenkins, Fox and Schofield",2009-06-26T23:29:19,GB,11:15:14,159.752647,America/Antigua
13613,Jones LLC,1994-04-27T21:48:24,GB,17:41:01,-45.443809,Africa/Maputo
7,"Briggs, Hughes and Martin",1970-07-28T06:27:19,GB,09:09:47,-106.485797,Asia/Baghdad
322546,Patel-Iqbal,1998-05-07T03:22:41,GB,16:24:40,47.599340,Europe/Sarajevo
91606010,Whittaker and Sons,2017-09-17T08:14:40,GB,06:57:06,-139.687196,America/Guatemala
8254399,"Evans, Lee and Clayton",1990-09-30T13:04:15,GB,01:55:09,-113.359535,Africa/Bangui
49881,Boyle-Thomas,1971-07-02T04:13:08,GB,20:20:00,82.162459,Africa/Abidjan
629136,Young LLC,1998-02-26T11:06:46,GB,00:30:53,-99.739734,Europe/Berlin
5217064,Begum-Khan,2017-07-06T07:10:54,GB,04:13:37,132.861362,Africa/Gaborone
73,Henderson Inc,1984-12-05T22:20:26,GB,22:47:50,47.883675,Africa/Kampala
319397922,Roberts-Wilkinson,1991-01-31T06:01:07,GB,01:48:11,144.023459,Asia/Brunei
4735,Dixon-Brown,2016-11-18T05:04:36,GB,12:14:09,-49.495085,Africa/Niamey
1383866,Bennett Ltd,2017-07-15T07:46:57,GB,09:16:33,-146.399971,Asia/Singapore
