latitude,language_name,pricetag,file_name,timezone,date_time,iso8601,company,hostname,bank_country,time
-5.950402,Norwegian,$62.63,distinctio.txt,Europe/Chisinau,1987-07-09 00:35:40,1984-04-13T22:30:48,"Patel, Nixon and Perkins",email-03.whitehead.org,GB,20:18:21
50.978275,Hungarian,$941.24,eveniet.wav,Europe/Athens,1984-09-02 05:40:26,2001-02-12T22:00:21,"Harris, French and Watts",desktop-27.holland-chadwick.org,GB,06:10:43
25.977812,Guarani,$144.35,a.json,Africa/Abidjan,1988-03-27 19:35:02,1992-03-23T06:52:37,"Hodgson, Sanders and Hayes",desktop-10.turner.com,GB,03:57:06
62.4681395,Arabic,"$6,840.02",qui.doc,Europe/Amsterdam,2014-12-15 08:39:41,2017-10-26T03:11:55,Hill and Sons,srv-40.mann.com,GB,15:37:29
78.2961405,Marshallese,$5.57,reiciendis.odp,Africa/Freetown,1984-04-06 11:49:09,2017-01-10T05:00:15,Price-White,srv-17.harper.org,GB,12:59:46
-58.4211835,French,"$4,994.34",enim.mov,Africa/Nairobi,1985-08-11 00:49:09,2019-01-19T10:57:01,Barber Ltd,db-47.johnson.com,GB,10:18:12
42.261616,Latvian,"$86,106.95",earum.tiff,America/Barbados,1970-05-25 10:14:15,1970-11-09T01:20:26,Collins-Coleman,desktop-44.baxter.com,GB,15:09:39
68.2062155,Marathi,$92.09,sequi.xlsx,Africa/Conakry,1992-04-20 03:41:06,1990-10-03T01:38:50,Smith-Rees,email-31.taylor.biz,GB,01:51:34
-62.688192,Corsican,$80.37,exercitationem.avi,America/Indiana/Vevay,1977-11-23 17:44:53,1992-09-02T07:20:12,Webster-Carter,web-49.smith.com,GB,21:34:10
23.777553,Central Khmer,$136.57,ad.wav,America/Barbados,2005-04-11 16:23:28,1984-07-12T10:45:11,"Taylor, Harris and Harper",web-70.thompson-hall.com,GB,15:00:36
-72.202954,Swedish,"$59,527.00",unde.jpg,Asia/Nicosia,2010-09-20 17:30:56,2000-06-08T08:33:40,Andrews LLC,email-88.jones.com,GB,09:36:58
77.3930345,Pushto,"$1,150.11",optio.txt,Europe/San_Marino,1975-01-06 23:40:47,1987-11-11T18:17:52,Bailey-Wheeler,email-52.greenwood.co.uk,GB,19:28:16
69.2696055,Catalan,"$1,677.65",nisi.csv,Europe/Zurich,1986-01-16 12:49:45,2003-11-21T09:50:53,Carr-Oliver,db-10.martin.com,GB,04:21:50
52.592358,Mongolian,$20.73,cumque.csv,Pacific/Efate,2005-01-20 04:58:56,1975-08-12T15:11:12,"Smart, Willis and Harris",db-81.nicholson.biz,GB,19:56:43
-25.6100605,Turkmen,$6.25,distinctio.js,Europe/Rome,1992-08-03 14:30:33,1984-03-19T18:40:47,"Dunn, Shah and Johnson",lt-48.mills.com,GB,06:58:08
-49.0950445,Irish,"$1,002.25",amet.mp4,Europe/Sofia,2010-01-12 09:53:49,1988-02-09T02:12:42,"Law, Barnes and Barnes",email-98.russell.net,GB,12:49:47
71.109683,Sango,$848.32,saepe.jpg,Asia/Chongqing,1993-08-03 16:46:02,2010-05-06T07:42:03,Brown-Evans,db-65.bishop.com,GB,08:59:58
74.2445795,Tamil,$74.69,numquam.xls,Pacific/Nauru,1989-12-24 01:34:00,1989-11-11T19:07:08,"Smith, Norris and French",email-41.patterson.com,GB,01:29:18
-70.8272045,Kongo,$2.04,incidunt.mov,Indian/Maldives,2010-02-18 09:27:58,1998-06-13T02:52:19,"Stanley, Osborne and Stone",laptop-16.lamb.com,GB,10:37:49
66.059764,Nauru,"$83,194.32",doloremque.mp4,Asia/Brunei,1990-12-21 04:29:49,2015-08-04T04:35:51,"Lee, Miller and Lewis",laptop-95.smith-sullivan.net,GB,11:11:04
40.325696,Venda,$3.12,occaecati.mp4,America/Port_of_Spain,2017-12-26 11:13:01,1975-05-30T16:52:33,"Palmer, Smith and Allen",web-82.perry.com,GB,06:31:37
-62.140276,English,$723.06,eos.mp3,Asia/Singapore,1970-02-05 16:19:40,1990-03-04T22:18:19,"Stewart, Chapman and Burton",desktop-08.brennan.info,GB,02:34:15
81.8528975,Turkmen,"$9,170.46",sed.mov,Africa/Ceuta,1996-07-07 22:29:06,2017-05-22T07:36:33,"Wood, Smith and Talbot",db-46.owen.net,GB,02:51:11
-72.843611,Inuktitut,"$9,590.57",molestiae.mp4,Pacific/Truk,2012-01-04 00:12:32,1980-12-24T06:30:33,"Holmes, Howe and Allen",email-87.jones.org,GB,21:43:34
81.5700275,Marshallese,"$8,093.65",numquam.mov,Africa/Casablanca,1970-03-16 03:18:43,2011-05-13T02:42:32,Walker Ltd,desktop-45.walker-daniels.biz,GB,08:15:23
-84.679168,Shona,$22.63,hic.tiff,Africa/Porto-Novo,2010-04-25 00:27:45,1978-10-06T03:54:46,Ward Ltd,web-21.cole-elliott.com,GB,11:37:16
-34.952504,Xhosa,$399.28,nostrum.html,Africa/Douala,1980-02-17 17:46:10,2009-11-04T14:11:44,Ward-Howells,srv-21.davies-brown.com,GB,15:24:14
-6.509276,Church Slavic,$20.20,excepturi.gif,Asia/Bangkok,1981-07-12 00:00:31,1987-10-24T13:12:34,Jones Group,web-56.davis-barnett.com,GB,16:40:27
9.382355,Arabic,$60.18,pariatur.js,Africa/Johannesburg,1994-06-13 01:11:58,1975-12-07T12:40:06,Pearce-Marshall,lt-91.pope.biz,GB,07:22:36
-29.583042,Tahitian,$9.46,veritatis.jpeg,Europe/Sofia,1986-11-22 04:51:12,1992-09-12T20:55:01,Whittaker-Spencer,laptop-95.patterson.com,GB,07:55:14
72.542544,Kalaallisut,"$3,296.85",autem.avi,Europe/Istanbul,1986-12-28 17:34:14,1983-01-08T23:54:36,"Thompson, Iqbal and Kaur",db-86.marshall.com,GB,13:44:31
35.2606975,Gujarati,$4.04,architecto.jpeg,Africa/Banjul,2013-09-14 20:38:43,1995-03-06T02:07:02,"Jones, Ward and Rice",web-98.jackson-west.com,GB,20:33:34
53.0943175,Bambara,"$30,236.15",quidem.pdf,Pacific/Ponape,1993-03-18 04:58:29,1987-09-05T03:11:41,Griffiths Group,laptop-90.wilkinson.biz,GB,16:07:38
-33.3616895,Tamil,$9.91,nihil.pages,Asia/Baghdad,1988-08-05 08:27:28,1981-02-15T14:53:32,O'Neill Group,lt-25.robinson.com,GB,16:13:36
-28.153678,Hausa,$625.64,natus.mov,Asia/Katmandu,2014-05-28 00:35:02,1987-12-09T17:55:46,"Parker, Bartlett and James",db-79.cox.com,GB,07:13:56
-41.152090,Sindhi,$758.35,asperiores.key,Europe/Amsterdam,2000-04-01 11:24:58,1986-06-25T08:22:54,"French, O'Connor and Chapman",email-39.davis.info,GB,21:33:24
-76.7780525,Romansh,"$6,483.14",optio.flac,Asia/Rangoon,1992-11-12 11:08:18,1997-05-26T08:40:37,Hobbs Inc,web-10.robinson-bray.org,GB,19:52:29
-14.854365,Fijian,"$69,063.00",dolor.gif,Africa/Bamako,1983-07-27 20:53:02,2019-08-28T20:42:01,Hardy-Field,db-29.nicholls-power.biz,GB,11:34:18
4.627092,Kalaallisut,$3.29,nihil.mp3,Europe/Belgrade,1976-04-11 08:12:25,1999-07-12T16:40:30,Singh Inc,web-10.kay.com,GB,18:38:38
18.301419,Ewe,"$8,963.76",quis.html,Europe/Istanbul,2006-04-22 21:19:50,1997-11-22T05:38:37,Stewart PLC,laptop-29.lambert-webb.com,GB,13:35:38
-42.8125415,Belarusian,$49.07,eos.mp4,Europe/Amsterdam,2016-03-20 01:36:15,2019-09-21T12:28:01,Baker LLC,lt-13.hopkins.info,GB,22:21:16
73.1364365,Kuanyama,$116.32,impedit.csv,Asia/Kuwait,1988-08-27 09:43:30,1996-11-25T14:43:07,Gibson and Sons,desktop-21.smith.com,GB,19:08:35
-88.299446,Hiri Motu,"$2,898.93",molestiae.mov,Africa/Khartoum,1973-06-09 15:30:24,2022-05-09T14:27:33,Houghton-Barber,desktop-77.wong-parker.net,GB,08:51:19
70.4375235,Quechua,$233.88,voluptatum.jpeg,Asia/Kabul,1983-03-01 20:30:51,1998-02-26T18:38:05,"Lord, Jones and Jones",laptop-32.watts.org,GB,21:53:19
-87.0815135,Russian,"$54,955.10",beatae.key,Pacific/Apia,2020-12-03 12:14:02,1988-05-27T20:18:54,Martin PLC,srv-80.martin.com,GB,05:51:19
-2.558207,Kongo,$446.37,iste.pdf,Africa/Gaborone,2001-09-26 07:34:05,1991-01-08T18:39:06,Palmer-Walton,lt-06.bell.com,GB,18:57:24
-68.316715,Gaelic,"$4,248.83",dicta.xls,America/Costa_Rica,2000-10-02 20:14:17,1970-01-11T10:58:42,Wood-Howell,db-23.davies-campbell.com,GB,07:46:20
76.926891,Western Frisian,$732.53,repudiandae.flac,Africa/Mbabane,2009-06-23 08:36:43,2013-04-28T22:49:01,Pollard Ltd,db-96.wilkinson.org,GB,11:43:56
-29.4237125,Javanese,"$89,500.46",dicta.flac,America/Panama,1979-09-03 00:58:11,2009-11-13T03:51:36,Clark Inc,web-67.brown.biz,GB,04:08:29
5.147977,Gaelic,$38.43,accusantium.jpg,Asia/Nicosia,2005-05-20 17:27:23,2007-05-01T06:02:55,"Jones, Andrews and Lewis",desktop-72.lord-elliott.com,GB,01:15:07
31.566810,Georgian,"$8,664.42",magni.mp3,Africa/Gaborone,1994-05-05 21:56:30,2009-01-28T21:00:14,Horton-Gordon,db-22.ali.biz,GB,20:58:28
41.6595405,Shona,"$8,409.15",nobis.flac,Africa/Luanda,1985-05-18 21:42:27,2008-01-13T17:09:04,Knight-Brown,lt-54.gray.org,GB,15:41:59
31.004453,Aymara,$457.54,necessitatibus.gif,Pacific/Kosrae,2012-07-04 09:47:30,1991-03-05T15:10:00,Stephenson PLC,desktop-91.brennan.biz,GB,15:00:00
10.9904865,Marathi,$87.27,porro.odp,America/Guatemala,2020-11-05 02:19:37,1972-11-05T20:15:13,Ward-Williams,web-99.ellis.com,GB,16:16:11
1.7541455,Pushto,$13.79,perspiciatis.flac,Asia/Colombo,1989-03-30 13:49:41,1980-05-24T20:02:39,"Hammond, Lord and Taylor",lt-14.parkinson.com,GB,06:54:19
-17.2986945,Burmese,"$44,050.53",sequi.webm,Africa/Nairobi,1977-10-16 12:26:14,2011-06-16T02:28:13,Collins PLC,srv-09.stanley.com,GB,23:52:55
23.5498345,Kikuyu,"$74,204.62",deleniti.flac,Africa/Algiers,1982-06-12 01:23:38,1999-04-26T04:43:09,Davies-White,srv-24.noble.co.uk,GB,16:21:36
70.093748,Kikuyu,$683.62,suscipit.css,Pacific/Tongatapu,1985-11-20 09:51:08,1980-03-24T16:40:03,Whitehead-Bell,db-45.hammond.co.uk,GB,23:49:23
-77.410273,Chichewa,"$65,959.08",atque.odt,Africa/Windhoek,1986-05-22 16:38:56,1996-09-15T22:34:54,Smith-Brown,srv-50.jones-blackburn.com,GB,22:26:18
-38.366216,Hebrew,$0.77,libero.jpg,Asia/Manila,1983-05-01 13:59:06,2003-02-16T17:31:22,"Cook, Reynolds and Ferguson",lt-18.booth.com,GB,00:10:54
47.3380005,Tswana,$3.47,beatae.mov,Europe/Tirane,1988-10-04 08:34:01,1970-10-17T15:08:08,Young and Sons,srv-94.daniels.com,GB,00:18:26
-17.8738545,Afar,$7.00,natus.mp3,Europe/Luxembourg,2019-02-27 00:33:34,2012-12-23T11:42:43,"Smith, Johnston and Higgins",lt-91.bond-mitchell.org,GB,14:02:48
-25.1375455,Sardinian,"$5,713.31",mollitia.png,America/Dominica,2000-11-19 03:13:31,1995-02-13T09:56:01,Dyer and Sons,srv-04.watson-bell.net,GB,20:45:10
72.687537,Slovak,"$25,383.42",quia.xlsx,Africa/Bissau,1971-10-31 11:53:41,1974-11-19T02:59:15,Wood Inc,email-00.cooke-marshall.com,GB,00:55:39
-43.692052,Afar,$324.33,aut.bmp,Africa/Cairo,2006-07-03 22:15:23,1993-10-17T00:26:53,"Kerr, Hutchinson and Williams",web-91.law.biz,GB,23:29:51
-21.3223285,Belarusian,$852.96,at.gif,Europe/Berlin,2015-08-20 05:53:08,1988-11-05T20:03:57,Cox-Hughes,desktop-29.gray.co.uk,GB,08:42:03
38.995344,Tonga,$296.50,reprehenderit.webm,Europe/London,2008-01-22 11:00:18,1975-04-23T23:55:41,"Owens, Collier and Carter",laptop-32.robinson-connor.com,GB,08:07:27
-87.5962965,Avaric,"$4,498.58",aspernatur.xlsx,Africa/Lusaka,1979-10-16 12:23:01,2005-12-10T09:17:11,"Dunn, Lowe and Moore",db-90.pickering.com,GB,16:30:23
-45.893577,Kashmiri,$449.56,incidunt.tiff,Europe/Bucharest,1992-04-03 02:06:23,2020-04-03T16:44:08,Anderson and Sons,db-34.brown.org,GB,18:53:37
-71.495789,Icelandic,$5.86,atque.jpeg,Europe/Dublin,1987-09-11 13:44:54,1996-01-14T13:25:30,"Singh, Clarke and Morgan",laptop-23.stevens-armstrong.com,GB,20:09:02
-71.0006025,Avaric,"$6,536.19",delectus.flac,Europe/Zagreb,1985-07-27 13:18:23,1986-03-13T19:44:13,Peters-O'Sullivan,srv-73.jackson.org,GB,14:45:59
-88.393832,Kalaallisut,"$8,908.66",blanditiis.pdf,Europe/Vaduz,1971-07-24 21:48:47,1990-06-26T14:32:03,Evans Ltd,db-09.anderson.com,GB,08:29:29
-30.5028875,Corsican,"$4,853.99",minus.xls,Pacific/Guadalcanal,1993-04-01 21:21:43,1982-07-16T21:00:40,Brooks PLC,email-89.duffy-collins.com,GB,19:23:40
-2.266288,Twi,$634.52,pariatur.odp,America/Costa_Rica,1999-10-06 22:20:59,1972-03-13T17:54:48,Thornton-Benson,laptop-06.lloyd-day.com,GB,18:48:27
44.350700,Belarusian,$5.96,labore.json,Europe/Zagreb,1996-10-29 22:52:53,1983-02-20T18:25:27,Hale-Campbell,db-12.singh.com,GB,08:59:24
-66.360575,Swati,$505.34,maxime.json,Asia/Tbilisi,2009-07-16 02:14:31,2010-07-07T17:38:41,"Taylor, Williams and Bates",db-12.lewis.com,GB,15:55:52
19.6274025,Croatian,$6.64,odio.mp3,Asia/Amman,1973-09-16 08:42:17,2008-01-24T00:51:27,"Ingram, Winter and Gregory",laptop-70.wilkins.net,GB,20:34:35
-50.8153825,Latvian,$563.27,neque.mp4,America/St_Kitts,1987-01-01 00:35:13,1984-05-07T00:18:35,"Walker, Kaur and Thompson",db-73.hudson.info,GB,17:24:43
-86.9494235,Esperanto,"$8,707.21",possimus.mp3,Asia/Makassar,1985-02-23 04:59:38,1970-10-30T16:21:22,Ward Group,email-11.stevenson.org,GB,22:05:44
-78.887513,Tamil,$7.93,ullam.pages,Africa/Accra,2002-10-16 15:17:36,2012-12-25T16:37:16,Dawson LLC,email-66.lamb.com,GB,14:00:13
-59.1035945,Aymara,$8.56,nihil.html,Europe/Budapest,1980-12-21 02:09:46,2000-09-06T12:53:47,Brown-Cooke,lt-27.leach-leonard.com,GB,09:09:02
61.931084,Igbo,$84.55,nihil.css,Asia/Seoul,2001-02-09 12:32:19,1996-09-26T10:39:00,O'Brien PLC,lt-78.morris.net,GB,05:01:27
15.744287,Interlingue,$5.60,ab.odt,Asia/Colombo,2007-04-22 04:43:46,1985-11-01T14:24:32,"Johnson, Jennings and Brown",lt-43.savage.com,GB,20:23:40
-21.4041345,Lingala,$10.00,ratione.key,Europe/Vatican,2012-03-23 00:10:24,2013-01-02T12:54:30,Cox Inc,web-69.gordon.org,GB,08:29:56
-8.182426,Chichewa,$4.01,laudantium.pdf,America/Los_Angeles,2011-04-22 05:30:36,2021-03-18T00:53:33,Ellis-Robertson,lt-55.atkinson.com,GB,03:56:36
-55.519487,Javanese,$2.18,voluptates.js,Asia/Krasnoyarsk,1984-08-16 17:38:52,1978-01-23T21:25:57,"Stephenson, Arnold and Herbert",laptop-01.young.com,GB,11:56:13
-26.975453,Norwegian,$54.73,impedit.css,Pacific/Apia,1979-02-27 04:59:20,1985-01-16T08:16:08,Mitchell-Davis,srv-07.rogers.info,GB,08:27:42
-73.108103,Catalan,"$33,933.49",cumque.wav,Asia/Manila,1993-09-05 13:03:21,2017-03-21T22:14:50,Bailey-Vaughan,lt-57.arnold.co.uk,GB,12:46:51
-31.251499,Wolof,"$3,656.95",labore.flac,Africa/Johannesburg,1976-08-14 07:37:39,2007-08-07T11:44:16,Dixon-Bird,desktop-16.hilton.biz,GB,17:04:18
-53.152029,Venda,$0.04,id.gif,Europe/Sarajevo,1991-02-18 19:31:33,2006-07-20T15:41:34,Owen-Wells,web-47.moss.net,GB,23:04:03
-9.3231315,Tibetan,$417.36,maiores.avi,Africa/Monrovia,2003-10-11 08:18:29,1998-02-04T19:10:05,"Holden, Davies and Wright",desktop-34.bell.info,GB,10:40:20
-37.7546015,Latin,$858.36,facilis.avi,Asia/Dubai,2014-02-18 08:52:48,1992-01-09T17:54:17,Cooper-Mistry,lt-45.jones.net,GB,21:05:09
26.1998085,Twi,$5.76,sint.odt,Asia/Dushanbe,1987-05-16 18:54:11,1981-08-01T15:43:54,Bray Group,db-85.simmons-burrows.org,GB,06:21:34
21.949179,North Ndebele,"$4,681.76",pariatur.jpeg,Africa/Niamey,1986-06-03 23:52:12,2015-09-17T13:21:10,Thompson Ltd,lt-74.stone.biz,GB,03:39:56
73.6134675,Interlingua,$79.53,accusamus.csv,Africa/Mbabane,1994-02-25 11:35:16,1979-01-01T04:27:39,Webb-Parsons,email-72.adams-price.com,GB,03:51:48
84.5172705,Norwegian,"$1,864.87",earum.jpeg,Africa/Bangui,1990-08-13 09:58:57,1996-08-31T18:50:10,Patel Ltd,laptop-62.lucas-king.com,GB,05:30:11
79.5998325,Chuvash,$81.33,odit.jpg,Africa/Lubumbashi,2021-10-06 19:19:58,1970-06-30T15:30:35,Hawkins-White,lt-65.walker.net,GB,13:01:40
75.4858345,Albanian,"$60,424.28",illo.tiff,Asia/Qatar,2006-10-19 05:59:10,1991-06-18T09:33:25,Jones LLC,laptop-31.smith.net,GB,06:42:29
-16.452459,Fijian,$884.80,provident.jpg,Africa/Maseru,1983-07-10 19:22:08,2020-03-12T17:00:05,"Wright, Reed and Walton",web-82.bruce-graham.org,GB,06:29:29
53.2616145,Swati,"$5,398.19",eum.tiff,Asia/Dhaka,1972-01-23 09:30:19,1971-07-18T10:43:23,Mitchell-Holt,desktop-23.lamb.com,GB,13:48:23
-37.6144525,Turkmen,"$5,561.02",nobis.css,Africa/Accra,1991-11-08 15:14:37,2019-01-24T11:42:01,Mason and Sons,db-95.white.biz,GB,10:11:12
-75.687290,Kashmiri,$7.94,temporibus.key,Africa/Asmera,1983-09-26 17:21:35,1984-10-31T14:48:37,Jackson Ltd,lt-65.walters-brown.com,GB,09:37:03
-2.502326,Xhosa,$915.03,consectetur.js,Europe/Tallinn,2016-07-29 03:01:18,1978-02-03T08:55:47,"Knight, Williams and Long",lt-80.fisher-charlton.info,GB,08:37:46
-62.823754,Estonian,$48.66,cum.jpeg,Asia/Dili,1992-04-19 00:58:12,2007-04-07T02:03:01,Bell-Nicholls,web-89.taylor-whitehead.co.uk,GB,16:27:31
20.0150965,Catalan,$879.30,nam.gif,Europe/Simferopol,1971-05-25 10:04:58,2004-12-28T22:19:17,Brady-Bowen,srv-42.coles.com,GB,13:28:45
49.613730,Lingala,$24.04,sapiente.txt,Europe/Luxembourg,1972-06-16 13:01:42,1999-05-17T07:42:54,"Thompson, Reed and Arnold",db-20.wright-jackson.com,GB,04:31:26
67.095983,Galician,"$34,547.44",omnis.webm,Asia/Saigon,2011-09-24 01:14:05,2015-05-28T10:48:04,Wade and Sons,desktop-58.harris.biz,GB,13:43:32
32.426825,Tatar,$41.85,perspiciatis.numbers,America/Lima,1994-03-27 10:11:31,1987-11-20T05:54:43,"Lynch, Hobbs and Hall",web-69.johnson-hayes.com,GB,08:15:14
-84.937310,Divehi,$4.95,at.odp,Asia/Tokyo,1976-11-04 03:36:07,1999-06-18T01:24:03,"Holland, Stokes and Lucas",laptop-85.lynch.net,GB,19:24:27
15.5711585,Irish,$319.11,illo.mov,Europe/Monaco,1976-06-27 01:16:37,1976-02-07T03:28:30,Howell-Patterson,laptop-67.davies.net,GB,01:34:21
24.085059,Esperanto,$38.38,ullam.flac,Europe/Malta,1987-10-09 19:40:58,2017-07-05T04:18:33,Bennett PLC,web-17.turner-berry.com,GB,07:22:47
-85.2555455,Tamil,"$78,133.99",praesentium.bmp,Pacific/Fiji,1974-05-07 22:42:53,1982-06-07T23:02:19,"Marshall, John and King",web-80.bell.org,GB,01:59:40
29.593139,Georgian,$29.42,ut.mp3,Asia/Rangoon,2016-01-09 07:49:49,1973-11-20T07:47:24,Glover-Barnes,desktop-57.turner.info,GB,13:04:54
-84.105629,Bihari languages,"$32,821.77",beatae.ppt,America/Asuncion,1986-06-30 14:35:39,1982-05-18T17:06:47,"Simpson, Rogers and Lambert",web-61.lane.com,GB,17:29:08
37.7539075,"Sotho, Southern",$205.35,numquam.jpeg,Europe/Oslo,1990-12-24 09:14:47,1991-10-08T02:14:22,"Allen, Brown and Howarth",laptop-15.henderson.com,GB,20:45:54
-45.7926575,Romanian,$89.15,aut.csv,Africa/Tripoli,1993-08-04 04:38:59,2012-12-02T14:54:18,Brady Ltd,desktop-52.cooper-todd.org,GB,06:10:59
70.2168705,Indonesian,$94.54,dolorum.flac,Africa/Windhoek,2009-10-29 09:25:45,2013-08-23T08:56:03,Howard Ltd,laptop-49.cooper-wyatt.biz,GB,16:06:01
5.9368475,Hebrew,$1.06,recusandae.gif,Asia/Tehran,1985-09-15 06:53:03,1980-10-25T12:23:13,Turner-Campbell,db-18.king-johnson.biz,GB,11:54:55
-79.212941,Guarani,$907.65,sunt.webm,Europe/Stockholm,1980-12-01 19:33:07,2004-05-21T21:39:36,Carter Group,lt-55.wright.com,GB,19:18:57
86.104462,Cornish,"$8,755.69",mollitia.txt,Europe/Madrid,2009-06-18 00:36:27,2006-02-09T18:30:09,"Clarke, Holmes and Johnson",web-70.hudson.co.uk,GB,17:55:40
76.294111,Lithuanian,$57.62,qui.mp3,Europe/Sarajevo,1984-03-28 17:01:01,1975-08-13T20:47:52,Mason-Smith,laptop-96.baker.com,GB,21:44:46
-75.9225625,Irish,"$93,232.59",nostrum.wav,Pacific/Nauru,2016-11-19 18:34:00,1978-08-12T11:59:23,"Foster, Allen and Griffiths",db-36.yates.com,GB,03:44:21
8.9333385,Aymara,$2.42,perferendis.mp4,America/La_Paz,2002-10-26 22:17:19,2014-05-02T11:25:24,Bradshaw-Skinner,email-56.pritchard.co.uk,GB,00:39:46
-30.3565045,"Sotho, Southern",$505.64,dolorem.mov,Europe/Prague,1991-08-16 17:38:09,1986-12-20T14:56:47,"Atkinson, Allen and White",laptop-95.godfrey-carey.com,GB,21:26:44
32.6466195,Ido,"$14,386.94",voluptatem.pdf,America/Panama,2007-12-03 11:37:12,2009-03-29T11:49:02,Flynn Ltd,lt-78.talbot-jones.biz,GB,22:40:12
-70.560665,German,$8.42,ipsa.webm,Asia/Baku,1985-08-18 01:23:46,1977-08-27T16:13:04,Howard-Ahmed,laptop-77.williams.biz,GB,11:08:08
-11.3043145,Slovak,"$9,863.82",quas.wav,America/Santiago,1977-11-01 10:57:20,2018-01-03T12:43:37,Byrne Ltd,email-20.goddard.com,GB,02:45:23
9.3229885,Gaelic,"$2,247.91",et.json,Africa/Ouagadougou,1991-07-13 21:53:27,1975-01-07T14:41:32,Francis-Burns,laptop-55.saunders-hamilton.biz,GB,21:44:13
-8.484146,Tibetan,"$33,722.04",veniam.jpeg,Asia/Ashgabat,2006-04-17 19:34:50,1972-04-03T07:15:47,Duffy-Myers,email-47.hunt.info,GB,03:41:04
-13.781775,French,$87.77,neque.avi,America/Asuncion,2001-11-15 22:13:08,2022-08-28T18:05:09,Fox Inc,srv-84.ball-bell.biz,GB,11:12:50
-7.435673,Twi,$94.54,tempore.flac,Asia/Dili,1975-03-10 09:05:35,1994-01-23T16:04:54,"Gilbert, Reynolds and Smith",email-10.frost.info,GB,11:53:19
12.1359655,Sanskrit,"$3,748.95",accusantium.csv,Asia/Jayapura,2004-07-26 04:09:57,2017-06-19T15:30:17,"Ryan, Edwards and Marshall",desktop-04.bowen-scott.com,GB,01:10:46
-45.4493045,Catalan,$1.62,similique.mp3,Pacific/Nauru,1989-06-27 10:07:50,1982-01-11T21:45:17,Smith and Sons,lt-35.chadwick.com,GB,18:38:17
-53.8903385,Luba-Katanga,"$9,165.81",neque.csv,Asia/Tehran,1998-12-16 11:43:26,1973-06-11T04:01:30,Turner-Robson,db-29.newton.com,GB,13:00:39
-75.285839,Inupiaq,"$3,786.81",perspiciatis.wav,Asia/Jayapura,1991-11-26 09:25:29,1992-09-16T15:36:26,Murphy-Hill,email-28.read.com,GB,23:26:08
-27.006833,Chuvash,"$7,813.82",quia.webm,Pacific/Palau,1988-09-04 01:58:46,2000-12-02T13:03:56,"Patterson, Bevan and Jones",desktop-96.stone.com,GB,11:11:51
74.8751345,Limburgan,$330.03,quos.mov,Africa/Ceuta,1982-05-27 16:42:16,1988-09-06T08:05:26,Mason-Baldwin,lt-70.west-ford.co.uk,GB,00:14:48
38.480926,Zhuang,$7.88,mollitia.tiff,America/Havana,2012-01-15 21:35:27,1988-09-09T20:19:14,"Hooper, Rowe and Jones",web-30.richards.com,GB,20:21:12
0.9418305,Limburgan,"$2,078.08",quibusdam.css,America/St_Lucia,1971-05-15 10:52:39,2017-01-28T01:42:58,"Stewart, Davidson and Murray",db-51.marshall.com,GB,12:19:49
-41.996666,Akan,$913.44,quidem.txt,Europe/Vaduz,2021-01-03 06:04:34,1977-08-10T14:21:56,"Gardiner, Shepherd and James",email-19.johnson.com,GB,13:01:15
-79.9623845,Guarani,$8.18,ducimus.jpeg,America/Santiago,1970-03-21 06:26:19,1997-12-25T12:00:32,Dawson and Sons,lt-85.baker-williams.biz,GB,15:11:27
86.5609685,Tatar,"$89,791.30",ipsa.ods,Africa/Mbabane,1984-03-25 21:14:17,2003-01-16T13:13:39,Sutton and Sons,db-14.schofield.com,GB,00:20:00
29.1652425,Macedonian,"$1,951.65",debitis.flac,America/Tegucigalpa,2018-01-28 13:31:22,1981-11-28T22:49:36,"Reid, Rhodes and Dixon",laptop-34.bentley-miles.com,GB,08:20:15
-25.7430255,Samoan,$10.40,vitae.png,Africa/Bangui,1999-09-21 17:31:57,2022-05-30T05:54:20,Hussain-Williams,laptop-40.williams.com,GB,09:08:12
21.388482,Yoruba,$3.08,fugiat.flac,America/Managua,1972-07-03 15:50:25,2016-01-11T11:48:25,Tucker PLC,laptop-44.roberts-wilson.info,GB,23:10:37
41.2818085,Croatian,"$3,651.01",aliquid.mov,Africa/Cairo,2002-06-25 04:21:40,2019-11-08T14:21:44,"Willis, Taylor and Power",srv-62.smith.com,GB,12:42:42
-10.695325,Occitan,$7.58,a.csv,Asia/Gaza,2002-12-08 05:10:56,1986-06-05T03:56:06,Andrews PLC,laptop-34.barnett.com,GB,22:21:26
0.055189,Nauru,$953.34,laborum.avi,Africa/Accra,2002-07-17 02:51:08,1989-02-27T20:04:11,Smith Group,desktop-22.hutchinson-dawson.info,GB,17:07:13
46.629123,Ojibwa,$42.02,tempora.txt,Africa/Porto-Novo,2003-03-17 13:38:54,1984-03-16T08:12:42,"Rees, Jones and Brennan",lt-97.jones-norris.com,GB,12:53:03
-24.1845065,Zulu,"$79,015.06",molestiae.docx,Asia/Yerevan,1992-12-10 08:22:39,2012-04-16T03:55:19,Armstrong-Willis,email-50.naylor.com,GB,10:09:42
-56.404984,Faroese,$880.42,consequuntur.wav,America/Santo_Domingo,1981-06-29 07:33:50,2014-12-14T04:38:28,Johnson Inc,desktop-34.saunders.net,GB,11:08:16
9.309569,Hiri Motu,$811.59,autem.pptx,America/Barbados,1987-06-13 00:30:10,1989-08-07T02:30:39,"Dawson, Smith and O'Sullivan",laptop-35.holmes-abbott.com,GB,15:36:04
84.2090235,Avestan,$1.69,exercitationem.js,Africa/Ndjamena,1982-10-28 16:30:10,1999-06-28T06:54:48,Richardson and Sons,srv-88.price.org,GB,11:10:25
54.157407,Ukrainian,"$87,350.69",placeat.avi,America/Jamaica,1998-10-19 16:22:55,2022-02-28T23:04:40,Richardson and Sons,web-16.robinson-harrison.biz,GB,02:10:26
83.596882,Sanskrit,$35.42,nihil.csv,America/Lima,1989-10-30 01:30:25,1982-08-30T03:14:19,Scott-Wood,desktop-71.moore.info,GB,11:36:03
-23.4512245,Bengali,$52.22,quae.pptx,Europe/Copenhagen,2006-06-17 01:17:20,2011-08-04T12:24:06,Craig Ltd,web-46.smith.com,GB,08:25:00
-81.9977245,Lingala,$11.45,quibusdam.mp4,Atlantic/Reykjavik,1982-11-17 08:02:44,1979-04-19T04:45:21,Bradley-Stevenson,lt-87.johnston-hill.com,GB,03:51:13
-74.159606,Tsonga,"$8,484.77",voluptatum.ods,Europe/Vilnius,2010-09-26 13:27:19,2021-05-27T06:38:09,"Ahmed, Khan and Thompson",web-84.scott.com,GB,20:21:11
61.254371,Swedish,$5.07,dicta.mp3,Africa/Lagos,1983-03-23 06:23:33,1976-09-30T17:34:51,"Dodd, Andrews and Quinn",srv-98.morgan.com,GB,01:00:38
-48.310000,Dutch,"$75,843.80",qui.webm,Africa/Douala,1999-07-10 14:57:07,1992-04-24T04:35:42,Phillips Group,email-16.smith-taylor.biz,GB,03:27:48
-27.213207,Afrikaans,"$8,243.27",ut.odt,Africa/Cairo,1975-03-24 20:52:33,2017-02-26T09:15:59,"Norman, Webb and Bartlett",web-19.taylor.com,GB,12:59:59
32.8838545,Tahitian,"$31,434.16",blanditiis.wav,Asia/Makassar,1992-02-27 02:56:42,2016-01-01T15:48:23,Bishop-Payne,web-65.mann.com,GB,05:08:24
84.969433,Turkmen,$33.76,nemo.mp3,Africa/Dakar,2019-09-28 20:57:25,2017-01-20T04:20:44,Lawrence-Davies,web-17.booth-foster.com,GB,12:57:10
-48.109764,Italian,$58.94,doloremque.flac,Asia/Baku,2007-01-30 05:22:03,1974-02-09T09:24:46,Barnes Group,web-95.stevenson-ford.com,GB,07:54:26
-81.7052555,Malayalam,"$83,767.97",labore.webm,Europe/Dublin,1999-07-11 08:28:31,2003-09-02T11:54:13,Woods-Thompson,lt-95.baker.co.uk,GB,06:47:08
-45.990061,Latvian,"$17,424.85",sit.numbers,Asia/Seoul,2001-08-01 11:29:17,2022-02-08T19:36:39,Singh-Holloway,lt-26.williams-bibi.biz,GB,12:47:40
8.883669,Urdu,$54.99,praesentium.docx,Europe/Dublin,2004-01-30 07:59:34,2015-11-27T01:41:01,Bradley Ltd,desktop-08.patel.biz,GB,15:28:32
-72.912377,Ukrainian,"$55,201.27",nisi.gif,Africa/Niamey,1974-08-12 11:31:37,2015-05-27T01:55:51,"McCarthy, Henderson and Archer",desktop-89.green.co.uk,GB,18:22:33
80.986221,French,$3.23,nulla.css,Africa/Bamako,1970-12-20 21:07:27,1985-01-02T23:57:51,"Howard, Perry and Carroll",lt-30.harris.com,GB,10:21:04
-40.020688,Divehi,$63.39,maxime.avi,America/Belem,1994-11-01 10:58:30,2011-08-26T09:47:00,Chamberlain-Clark,laptop-16.johnson-baxter.net,GB,04:44:54
5.305610,Chamorro,$76.35,dolorem.avi,Europe/Zurich,2021-12-13 03:31:23,2011-02-15T02:03:51,Kay-Lloyd,email-70.robinson.net,GB,23:41:05
-50.667924,Ojibwa,$8.75,voluptas.doc,Africa/Conakry,2002-11-03 09:45:47,2000-12-20T22:39:18,Roberts-Marsh,db-08.haynes.info,GB,23:21:53
82.157847,Quechua,"$21,840.58",optio.pages,Africa/Mbabane,2003-07-10 04:59:41,1993-08-04T11:17:19,Lambert-Barry,db-75.may.com,GB,08:09:44
51.563547,Italian,$8.82,minima.jpeg,America/Indiana/Petersburg,2001-12-13 06:27:58,1989-03-17T13:29:40,Jones-Anderson,laptop-34.vaughan-bevan.com,GB,07:08:43
19.251224,Ossetian,$70.73,porro.html,Europe/Amsterdam,1980-02-16 14:50:02,1994-07-10T07:01:05,Edwards-White,lt-05.allen-lloyd.co.uk,GB,17:16:38
-62.9681375,Central Khmer,$65.36,itaque.mp4,America/Belize,1977-02-04 10:49:33,1974-11-03T12:33:49,"Ward, Williams and Barker",email-21.butler-palmer.org,GB,12:50:02
-52.547381,Greek,$7.04,enim.flac,Africa/Gaborone,2000-01-27 09:01:08,2013-11-12T11:36:37,White Inc,db-68.blackburn-evans.com,GB,10:02:48
-46.626531,Kinyarwanda,"$1,697.13",excepturi.pdf,Europe/Warsaw,2000-08-26 15:32:57,1977-01-02T12:16:22,Hall-Atkinson,srv-83.turner.org,GB,20:28:10
-63.3317495,Tswana,$5.47,laudantium.mp4,Europe/Podgorica,1998-06-26 14:16:27,1999-11-13T09:23:03,Henry-Kemp,email-49.davis.co.uk,GB,04:47:55
-2.087499,Romansh,"$9,395.81",aliquid.mp3,Asia/Singapore,2013-11-07 17:41:41,1977-12-24T09:25:33,Willis Ltd,desktop-33.graham-roberts.co.uk,GB,16:40:20
14.2453675,Albanian,"$2,662.71",molestiae.numbers,Europe/Budapest,2001-12-07 02:58:04,2016-06-22T18:30:14,"Norris, Dennis and Johnson",laptop-66.wilson.com,GB,07:53:40
79.551421,South Ndebele,"$66,162.51",iste.flac,Asia/Katmandu,1974-04-06 01:27:14,2001-06-16T00:29:55,Singh-Hewitt,lt-00.cross.info,GB,05:04:55
87.8800205,Kikuyu,$5.33,iusto.ppt,America/Bogota,1999-07-20 10:32:41,1977-12-04T14:16:04,Miller PLC,desktop-54.hall.com,GB,06:19:25
4.4045015,Pushto,"$9,786.28",nisi.json,Africa/Brazzaville,2001-10-12 04:54:15,1973-09-29T12:13:49,"Campbell, Bell and Francis",laptop-96.gray.com,GB,02:45:19
21.9392535,Slovak,$29.92,impedit.html,Africa/Nouakchott,2020-06-10 23:35:10,1991-12-03T23:49:25,"Marsden, Webster and Jones",db-48.ford.biz,GB,17:54:34
42.453874,German,$1.96,aperiam.mp4,Europe/Andorra,1999-05-26 12:20:05,2002-04-04T14:55:22,Butler PLC,web-02.wilson.co.uk,GB,15:02:54
11.117820,Swati,$8.45,tempora.ods,Asia/Baku,1983-04-10 08:33:01,1996-03-01T01:04:39,Fox-Hart,web-75.fleming.com,GB,14:14:29
-2.341249,Afrikaans,$95.31,fugiat.mp4,America/Caracas,1991-10-14 11:28:50,2014-09-15T10:05:24,Peters-Kelly,db-56.jones.info,GB,12:10:43
-51.3742975,Ojibwa,"$4,963.23",eius.css,Pacific/Ponape,2010-11-24 19:03:58,1972-04-28T18:05:49,Barnes Ltd,web-52.sanders.com,GB,04:45:36
-8.129969,Tahitian,$107.80,impedit.png,Asia/Ashgabat,2009-04-02 03:02:17,1971-02-23T06:49:09,"Hodgson, Bowen and Taylor",lt-18.hewitt.com,GB,13:14:32
20.4522245,Belarusian,"$8,405.05",officiis.avi,America/Barbados,2017-02-25 19:53:51,1975-05-23T05:33:58,Whitehouse and Sons,desktop-49.hill.com,GB,17:37:24
6.136457,Estonian,$50.61,neque.jpg,Asia/Ulaanbaatar,1983-06-04 12:10:36,1981-06-12T18:13:46,Parkin-Butler,srv-35.hall-mitchell.com,GB,11:01:33
-49.9548895,Kurdish,"$91,524.40",dolorum.odt,Indian/Mauritius,2000-01-30 14:14:16,2008-06-26T22:35:32,Walters LLC,lt-42.brown-marsh.biz,GB,22:23:30
74.809303,Ganda,$78.94,ullam.webm,America/Panama,1984-07-30 21:05:38,1985-09-06T06:25:21,Taylor LLC,srv-18.jones.net,GB,14:49:37
-73.169760,Irish,"$6,698.14",explicabo.mov,Europe/Andorra,2008-08-23 18:14:44,1995-11-21T17:24:19,Cox Inc,lt-78.brown.com,GB,17:00:00
-44.8772395,Arabic,$6.89,molestias.gif,Europe/Zurich,2021-10-29 18:38:22,1991-04-01T23:25:48,Kelly-Miles,web-10.mills-gardner.com,GB,00:19:41
43.801211,Burmese,"$5,238.68",fugit.wav,Asia/Dubai,1997-05-19 02:43:18,1976-09-11T04:09:38,Day Inc,desktop-62.gibbs.com,GB,05:56:54
-27.496558,Turkmen,$899.00,temporibus.css,Africa/Algiers,2022-11-30 19:55:23,2001-10-27T08:25:10,Hill and Sons,lt-71.bailey-norman.org,GB,00:30:27
-74.7306925,Czech,"$5,683.36",sapiente.wav,Africa/Asmera,1971-05-13 09:13:40,2003-05-13T10:22:37,Khan PLC,email-43.sanderson.com,GB,18:35:12
-86.4813285,Avaric,$931.62,quaerat.tiff,Pacific/Tongatapu,1984-06-29 22:22:48,2010-04-30T20:36:38,Frost Inc,db-84.morgan.net,GB,01:52:15
58.1522285,Persian,$12.02,possimus.bmp,Asia/Kuwait,2016-09-25 14:48:38,2011-05-09T00:07:25,Hurst and Sons,email-01.watson-smith.biz,GB,20:52:18
-35.1967425,Tsonga,$3.83,iure.gif,Europe/Dublin,1970-06-19 09:04:39,1995-02-17T19:16:52,Douglas Inc,laptop-94.morris-scott.net,GB,06:36:39
19.599399,Bengali,$1.75,nemo.tiff,Africa/Tunis,1988-12-14 20:56:51,1997-07-03T08:48:16,"Roberts, Wilson and Griffiths",srv-29.gardner.org,GB,08:47:23
8.8520625,Shona,$314.93,earum.jpg,America/Cancun,1990-10-20 21:16:19,1976-02-10T15:25:36,"Brookes, Farmer and Begum",lt-36.bryant-ryan.info,GB,22:31:50
12.7612655,Persian,$21.58,sint.mp3,America/St_Lucia,2004-04-27 19:31:43,1988-05-12T04:20:35,Black Group,email-19.morgan.com,GB,00:31:03
44.026766,Kazakh,"$85,074.08",suscipit.html,Asia/Ashgabat,2013-03-23 16:44:29,1988-11-10T23:38:43,Bailey PLC,db-96.roberts.org,GB,05:01:31
-43.017026,Abkhazian,$8.33,doloremque.mov,Europe/Copenhagen,1976-05-07 17:38:03,1972-06-01T16:26:02,Jones Ltd,desktop-06.burton.biz,GB,08:08:08
-46.3737025,Kurdish,"$77,344.13",nesciunt.png,Europe/Vienna,2012-05-09 07:54:28,2005-11-21T21:47:48,"Gibson, Bishop and Elliott",web-67.dennis.net,GB,22:17:42
-57.601261,Turkish,$465.10,est.bmp,Europe/Skopje,1985-06-01 16:29:21,2020-09-26T13:10:47,Taylor Ltd,db-57.clark-dawson.co.uk,GB,16:18:03
-83.2385045,Ukrainian,"$8,024.92",facilis.flac,Africa/Maseru,2003-02-06 09:39:48,2006-05-24T08:34:35,"Dunn, Taylor and Watts",srv-84.harvey.biz,GB,13:36:30
76.5536255,Georgian,"$84,052.64",dolore.avi,Europe/Athens,2002-11-22 05:18:29,2013-07-20T18:13:15,Williams and Sons,email-41.barnes-smith.org,GB,03:06:59
19.880584,Herero,"$64,007.29",ea.jpg,Africa/Asmera,2016-08-11 09:37:39,2017-03-11T20:13:40,"Begum, Saunders and Tucker",laptop-90.roberts.com,GB,00:10:33
76.551436,Hebrew,$43.58,est.jpg,Europe/Helsinki,1975-01-30 23:03:53,1992-02-25T00:00:50,"Parker, Sanders and Atkinson",srv-96.jenkins-edwards.biz,GB,17:21:36
-43.8616785,Romanian,$62.08,necessitatibus.webm,Asia/Oral,1993-12-13 15:34:46,2012-02-10T19:06:39,Wright-Osborne,srv-35.collins-newton.com,GB,01:22:06
2.214051,Tonga,"$23,325.74",temporibus.json,Europe/Belgrade,2010-03-06 03:01:50,2003-04-24T07:41:08,Ryan Group,desktop-74.hanson.com,GB,17:09:33
64.5370915,Japanese,"$67,052.63",doloremque.webm,America/Costa_Rica,2018-01-20 18:25:20,2011-10-16T08:37:39,Miller-Joyce,laptop-39.wilson-brown.biz,GB,10:32:09
33.5349505,Czech,"$62,498.74",minima.wav,Africa/Casablanca,1985-12-26 03:08:33,2000-01-09T12:37:29,"Harrison, Day and Duffy",laptop-30.barrett.org,GB,19:57:14
-46.238898,Marshallese,$610.87,eos.mov,Europe/Podgorica,2008-01-26 16:17:04,2011-02-21T08:16:44,"Ball, Parker and Russell",web-64.newton.net,GB,19:43:57
-19.0579425,Tigrinya,$745.57,aspernatur.key,Asia/Pyongyang,1991-08-31 18:17:50,1999-03-25T12:09:07,"Whitehouse, Adams and Turnbull",web-84.holt.com,GB,10:25:56
23.9538535,Lingala,"$80,610.89",doloremque.mov,Africa/Cairo,2018-04-29 05:08:07,1970-10-01T20:38:16,Ward LLC,desktop-77.lawrence.com,GB,21:50:28
32.535046,Marathi,"$1,344.45",similique.mov,Europe/Brussels,1986-12-03 19:05:31,1992-01-12T06:37:51,Webb and Sons,desktop-49.lee-butler.biz,GB,07:41:10
60.647086,Polish,$130.72,quia.gif,Africa/Kampala,2014-11-11 15:42:24,2009-12-06T07:16:22,"Wright, Gibbs and Hughes",web-08.ellis.com,GB,21:46:18
-44.127490,Polish,$268.23,ab.txt,Asia/Bishkek,1990-11-23 07:34:12,1976-03-29T20:37:54,"Bishop, Hardy and Grant",web-66.williams.info,GB,14:15:06
26.5527775,Norwegian Nynorsk,$9.40,odit.mp3,Asia/Gaza,1984-01-11 14:29:13,1992-08-31T11:24:11,Chapman-Webster,lt-19.watkins-hayes.biz,GB,18:41:35
-46.0886955,Norwegian,$938.36,odio.flac,Indian/Comoro,2019-02-27 07:03:06,1974-02-21T05:27:48,Duffy-Rice,email-15.baker.org,GB,01:58:42
-21.9304885,Shona,$153.74,aliquam.avi,Pacific/Kwajalein,2014-12-22 23:55:20,1976-09-18T08:47:46,Owen-Brookes,web-29.cunningham-bell.info,GB,15:12:08
-84.2824095,Akan,$62.87,expedita.json,Africa/Harare,2018-03-04 01:57:32,1983-10-25T05:14:37,Kemp Group,web-82.ford.net,GB,18:28:19
83.5195115,Bambara,$234.31,hic.mov,Africa/Ndjamena,1975-05-13 19:21:11,2005-01-13T05:12:05,"Allan, Morton and Jackson",email-38.turnbull-williams.com,GB,11:17:46
4.722075,Albanian,$4.91,nihil.flac,Asia/Taipei,2010-04-18 15:30:26,1991-10-03T09:11:17,Cox-Cole,lt-01.smith-moore.biz,GB,11:51:52
-82.748814,Bislama,$975.30,possimus.wav,Asia/Tokyo,1998-07-04 17:34:23,2010-04-16T19:39:07,Roberts LLC,lt-46.anderson.com,GB,02:45:19
88.910405,Tatar,"$3,725.78",officiis.doc,Atlantic/Canary,2021-09-06 23:15:48,1973-12-20T06:13:47,Taylor Ltd,lt-62.griffiths-andrews.com,GB,21:55:18
64.686498,Chuvash,$48.54,blanditiis.json,Africa/Malabo,1982-03-12 19:34:47,2020-10-09T08:54:07,Ward-Davies,lt-34.roberts.com,GB,17:59:28
-61.4719185,Hindi,$9.99,eligendi.mov,Asia/Beirut,2015-06-04 17:02:42,2011-06-01T01:04:36,"Poole, Walsh and Adams",laptop-38.tucker-holland.com,GB,18:38:25
45.2623195,Faroese,$835.69,cupiditate.bmp,Africa/Windhoek,1985-05-23 23:15:56,2006-11-19T06:26:44,Ashton-Taylor,db-34.collins.com,GB,18:32:14
22.2849465,Croatian,"$8,722.76",totam.mov,Asia/Kuching,2022-05-10 15:20:33,1977-03-15T17:40:53,"Lawrence, Wilkinson and Matthews",lt-33.john-hughes.net,GB,14:34:27
23.680397,Faroese,"$7,941.67",eos.xls,Asia/Tbilisi,1986-11-12 01:08:32,2009-05-24T17:42:05,Stevenson and Sons,desktop-35.watkins-wilson.org,GB,01:33:50
0.5522185,Kinyarwanda,$0.98,nemo.mov,Europe/Zagreb,2012-04-30 20:02:57,1974-06-19T02:18:06,Elliott-Jones,desktop-57.miller-lane.co.uk,GB,14:11:07
-0.951456,Inuktitut,"$34,718.12",veniam.flac,Europe/San_Marino,1997-11-29 04:30:42,1994-06-21T23:34:45,"Fraser, Patel and Matthews",lt-47.smith.com,GB,03:35:08
-40.202263,Norwegian Nynorsk,"$42,443.43",unde.wav,Asia/Beirut,1971-06-15 06:28:46,2014-03-31T23:22:57,Atkinson-Martin,web-96.davies.biz,GB,16:21:07
-45.123809,Inupiaq,"$2,666.06",molestias.jpg,Pacific/Auckland,1999-10-25 02:33:53,1986-03-08T12:14:26,Wood Inc,db-89.evans.co.uk,GB,07:41:56
16.223849,Kurdish,"$83,696.42",error.mp3,America/Port_of_Spain,1987-10-03 12:54:37,2016-09-12T07:32:27,Gallagher-Banks,desktop-65.robertson.co.uk,GB,08:42:16
49.511950,Wolof,$250.65,explicabo.txt,Australia/Perth,2004-01-22 15:20:51,2003-03-10T06:38:19,Lees and Sons,desktop-25.wilkinson.org,GB,07:35:51
-27.6833925,Welsh,$890.06,sapiente.txt,Asia/Damascus,1986-01-24 21:38:14,1978-10-27T12:12:43,Reynolds-Roberts,web-28.stanley.com,GB,21:13:27
4.7016505,South Ndebele,$0.60,doloremque.pdf,Pacific/Guadalcanal,1987-01-23 02:38:03,2012-06-03T11:23:41,Simpson-Taylor,laptop-62.chambers.info,GB,15:30:12
-50.938558,Kashmiri,"$86,625.96",ipsum.avi,Asia/Aden,2001-06-02 23:06:57,1970-11-14T20:54:27,"Adams, Campbell and Taylor",srv-18.morgan.co.uk,GB,05:33:03
-66.246379,Ewe,"$8,657.02",exercitationem.jpeg,Europe/Sofia,1975-07-17 06:52:52,1996-08-14T16:51:14,Douglas-Gibson,desktop-75.graham.com,GB,14:25:07
-53.5363075,Zhuang,$58.66,nulla.css,Africa/Addis_Ababa,1987-11-20 20:04:51,2005-03-22T21:40:18,"Brown, Savage and Wright",db-63.morgan-bates.com,GB,06:58:37
-89.521997,Oriya,"$39,575.24",voluptate.mp4,Africa/Porto-Novo,2019-11-21 23:35:51,1970-08-08T04:13:57,Baker and Sons,email-11.read.biz,GB,21:04:20
-63.7321645,Akan,$1.17,unde.webm,Asia/Harbin,1987-10-16 06:02:20,2010-10-07T15:08:53,"Patel, Jones and Archer",db-70.poole-wood.com,GB,17:31:43
6.516633,Swati,$158.39,odit.flac,Asia/Tashkent,2020-12-09 04:59:26,1982-10-02T21:43:30,Smith Ltd,desktop-45.robinson-stanley.com,GB,12:17:05
87.338698,Swedish,$5.38,at.css,Asia/Choibalsan,1997-09-22 11:26:48,1975-01-02T20:57:45,Wallis LLC,web-54.williamson.com,GB,10:43:47
-81.029345,Ndonga,$27.62,excepturi.wav,Africa/Dakar,1989-08-28 19:17:59,2012-10-05T00:42:12,Jones-Farmer,srv-50.warner.com,GB,19:33:06
72.5371685,Mongolian,$42.51,nulla.gif,Africa/Maseru,2016-04-25 17:36:42,1977-11-26T17:44:45,Mason-Williams,db-24.leach-holden.org,GB,05:09:13
54.137810,Swahili,$902.19,deleniti.mp3,Africa/Libreville,2000-09-29 05:02:40,1995-04-19T04:38:59,Taylor Ltd,web-51.blackburn.com,GB,15:00:49
-43.9066765,Ojibwa,$76.93,incidunt.gif,Africa/Algiers,1988-06-26 01:26:00,2019-10-24T11:40:00,"Pearce, Tomlinson and O'Brien",web-37.hopkins-brooks.biz,GB,10:46:19
48.1537545,Kanuri,"$3,315.95",saepe.numbers,Europe/Minsk,1994-03-08 21:03:27,1996-08-31T05:53:34,Mason PLC,lt-81.harris.com,GB,10:15:37
9.823821,Somali,"$9,716.67",tempora.docx,Africa/Maputo,1987-08-19 16:16:12,1993-07-22T11:20:43,White Group,srv-70.davis.com,GB,11:59:31
-52.479790,Ido,$577.63,consequuntur.xls,Indian/Maldives,2014-05-15 20:19:23,1975-05-04T01:05:29,Lambert LLC,web-27.adams.com,GB,05:09:15
22.319579,Limburgan,"$1,526.50",repudiandae.mp4,America/Managua,1992-04-13 03:09:06,1970-06-28T14:53:59,Newton-Jones,db-12.woodward-smith.com,GB,08:41:57
18.436429,Tibetan,"$9,907.66",quisquam.webm,America/Dominica,1982-06-16 03:11:41,1982-04-11T19:30:42,Morris LLC,laptop-06.jackson.co.uk,GB,15:13:02
-1.2894955,Church Slavic,$0.03,harum.bmp,Africa/Djibouti,2002-07-07 19:19:03,2020-07-17T14:42:15,"Ward, Swift and Edwards",srv-93.lawson.com,GB,21:54:29
-34.8271655,Hungarian,$84.33,accusamus.xlsx,Europe/Zagreb,1970-03-06 20:08:35,1982-06-01T10:52:33,"Sanders, Archer and Cox",lt-61.webster.co.uk,GB,02:00:44
17.3411125,Pali,"$4,884.37",reprehenderit.css,America/Caracas,2019-09-11 00:04:34,2022-06-29T14:11:56,Mills and Sons,desktop-11.robinson.biz,GB,12:46:16
15.0796985,Icelandic,"$67,353.79",maiores.mp3,Africa/Monrovia,1994-09-12 16:00:32,1982-08-02T09:56:47,"Kaur, Lane and Stephens",web-69.day.org,GB,03:31:35
83.455843,Tsonga,$90.02,fugiat.jpg,Asia/Dili,1975-12-29 14:36:10,2005-11-26T02:01:45,Griffin-Baldwin,db-59.patel.org,GB,12:23:13
47.3060385,Spanish,$2.06,odit.odt,Asia/Dili,1982-03-10 02:44:56,1970-11-24T10:11:35,Sanderson-Edwards,web-81.hudson-mckenzie.com,GB,23:04:20
-81.8376895,Yiddish,"$43,792.34",velit.flac,America/Barbados,2007-02-25 21:55:17,1983-05-02T09:54:45,Baker-Wilkinson,laptop-81.giles-day.com,GB,07:16:01
-34.5239355,Ossetian,$390.55,doloribus.jpg,Europe/Paris,2021-06-20 14:44:56,1993-10-20T11:45:34,Davey LLC,desktop-49.ward-adams.org,GB,01:44:48
54.3282255,Tsonga,$0.18,tempora.gif,Asia/Hebron,1973-10-08 00:59:37,1979-10-29T13:46:21,"Humphreys, Smith and Howells",desktop-21.abbott.biz,GB,16:12:21
-40.6437375,Dutch,$55.40,tempore.wav,Europe/Brussels,1981-03-06 21:42:08,2015-11-29T12:14:15,Sanders-Tomlinson,db-47.wilson.com,GB,15:32:42
73.6307865,Kikuyu,$2.98,distinctio.numbers,America/Managua,2018-01-04 13:12:15,1977-04-05T07:04:56,Morley-Hayward,srv-76.green-hall.com,GB,23:14:47
-25.7378945,Bambara,"$6,464.68",aperiam.mov,America/Montevideo,1981-03-04 14:43:38,2020-10-27T21:29:47,Chandler-Williams,laptop-48.heath-butler.com,GB,06:43:10
47.007001,English,$348.82,culpa.flac,America/Porto_Velho,2011-01-05 23:26:11,1982-04-10T09:31:51,"King, Morris and Brown",email-85.bruce-mason.com,GB,21:21:11
81.9723435,Kongo,"$7,814.14",nulla.pdf,Africa/Bissau,2004-07-14 13:45:19,1973-11-14T17:49:21,Harvey Ltd,laptop-70.hall.biz,GB,18:01:47
60.3372525,Macedonian,$805.04,provident.mp4,America/Paramaribo,2002-06-25 01:43:39,1978-11-09T03:07:15,Porter LLC,email-42.smart.org,GB,20:13:10
-20.517887,Church Slavic,$486.89,vel.mp4,Asia/Kabul,1998-05-01 23:52:48,1971-06-22T04:17:50,Atkins Group,db-25.smith.com,GB,20:43:21
44.2696475,Interlingue,"$88,572.77",unde.mp4,Asia/Bangkok,1978-09-01 16:28:08,2005-01-23T20:51:21,Wilson LLC,desktop-57.day-jackson.org,GB,08:08:32
-61.1850695,Uzbek,$96.95,officiis.txt,Europe/Copenhagen,2016-10-07 23:15:12,1995-10-23T14:43:38,Williams LLC,desktop-42.cole.net,GB,00:01:48
82.194966,Sindhi,"$65,046.67",quae.webm,Asia/Colombo,1988-02-06 07:30:51,1992-11-17T03:17:24,Hayward-Reynolds,lt-05.robinson-taylor.com,GB,14:19:13
14.4703495,Tahitian,"$96,476.83",nostrum.wav,Pacific/Ponape,2011-05-30 08:34:25,1996-01-10T13:38:19,Harris-Taylor,srv-33.walker.biz,GB,05:24:08
-68.8042755,"Sotho, Southern",$615.12,sunt.mp4,America/Managua,1979-01-29 03:44:12,1979-10-10T11:03:30,"Jones, Lowe and Richardson",email-58.wright-andrews.net,GB,16:57:12
75.385384,Corsican,"$79,593.76",voluptas.mp3,Africa/Windhoek,2014-01-02 08:32:33,2011-05-14T21:05:46,Ford and Sons,srv-05.lowe.info,GB,07:09:40
50.360295,Inupiaq,$3.95,magni.html,Asia/Amman,2010-11-24 16:30:10,1997-12-20T06:47:32,Brown Inc,web-32.brown.com,GB,06:20:59
55.6427605,"Sotho, Southern","$83,521.42",fuga.jpg,America/St_Vincent,2022-07-03 16:50:06,1997-12-05T16:42:22,Gibson-Thomas,db-51.williamson.info,GB,16:39:44
-14.139552,Polish,"$18,483.49",vel.wav,Europe/Prague,2016-04-12 19:01:52,1986-09-23T08:33:29,Rees-Wilson,db-41.harvey.biz,GB,10:19:58
-32.4729425,Pushto,$91.65,ab.mov,Europe/Warsaw,2023-08-09 07:20:04,1977-09-09T10:56:30,Hughes and Sons,desktop-57.holmes-cunningham.biz,GB,03:14:45
-41.2593795,Bambara,"$35,310.58",nulla.wav,Africa/Nouakchott,1973-05-15 07:21:01,1978-04-05T10:11:24,Roberts and Sons,web-95.thompson.co.uk,GB,04:35:37
50.098895,Yiddish,$21.25,placeat.tiff,Pacific/Efate,2013-04-15 03:34:47,1994-08-01T07:37:38,"King, Brown and Lees",desktop-43.nixon.com,GB,19:16:07
-49.7829555,Telugu,$8.87,facere.avi,America/Jamaica,1973-08-20 08:17:18,2003-06-05T05:38:51,Kelly LLC,srv-62.reeves.com,GB,06:13:23
-70.9743765,Avaric,"$3,640.82",magni.wav,Europe/Berlin,1983-09-16 11:50:46,2016-09-13T08:36:43,Taylor Ltd,web-34.lawrence.com,GB,10:25:48
31.914455,Sindhi,"$2,301.62",atque.xls,America/St_Kitts,1983-11-30 11:52:18,2009-06-04T20:00:18,West-Hussain,desktop-35.ryan.com,GB,15:34:39
66.271728,Ojibwa,"$39,533.31",voluptate.wav,America/Bogota,2018-04-30 09:33:58,1999-08-30T03:47:35,"Martin, Smith and Hope",desktop-79.marsden-moss.com,GB,04:25:16
-74.551745,Hiri Motu,$28.46,totam.avi,Africa/Cairo,2000-01-10 00:17:47,1997-01-12T05:35:18,Collier-Bolton,web-41.power.com,GB,11:45:05
54.685217,Rundi,$462.13,necessitatibus.ods,Europe/Belgrade,1993-09-19 15:13:38,2011-10-08T17:46:56,"Goodwin, Smith and Smith",lt-63.murphy-hall.co.uk,GB,18:30:25
-57.2206965,Church Slavic,$326.50,iusto.txt,Atlantic/Reykjavik,1985-03-23 11:43:48,1984-01-14T07:03:52,"Robinson, Khan and Fisher",desktop-51.townsend-reynolds.biz,GB,02:01:04
84.694434,Sindhi,$26.89,magni.html,Asia/Phnom_Penh,1973-01-12 20:58:09,1987-07-22T01:47:11,Hayes LLC,laptop-57.jones-hughes.com,GB,13:49:03
67.212500,Norwegian,$25.75,iusto.pdf,Asia/Rangoon,2006-11-13 01:52:55,2004-10-04T19:46:48,"Burton, Johnson and Sims",desktop-04.baker.net,GB,08:43:49
27.667384,Sindhi,$766.73,alias.mp4,Africa/Abidjan,2010-04-21 09:04:09,2013-04-29T02:36:47,Owen LLC,laptop-99.gould.com,GB,14:03:35
-13.363709,Avestan,$89.03,ipsam.wav,Asia/Saigon,1981-04-30 12:06:49,1974-11-13T03:27:41,Sutton-Roberts,desktop-47.green.com,GB,02:02:30
80.7281595,Nauru,$55.44,numquam.csv,Asia/Baku,1988-10-21 08:24:45,1992-01-29T01:44:36,"Walker, Bell and Daly",db-73.adams.co.uk,GB,19:45:29
72.0598205,Ganda,$66.15,veritatis.odp,Africa/Nouakchott,2002-09-15 15:11:12,1991-07-21T09:43:53,Kelly-Lloyd,laptop-20.fletcher-smith.com,GB,08:30:04
6.1110745,Hindi,$890.13,rerum.webm,Asia/Thimphu,2001-10-17 10:28:42,1992-06-16T11:49:19,North-Curtis,desktop-76.jones-thompson.com,GB,00:18:58
-89.151505,Tatar,$62.63,qui.webm,Indian/Antananarivo,2004-01-08 04:05:06,1996-06-24T01:52:46,"Stewart, Fletcher and Hussain",laptop-59.horton.com,GB,09:03:53
84.1996645,Pushto,"$3,402.00",dolorum.csv,Asia/Dushanbe,2013-07-29 19:06:06,2009-10-31T13:57:12,Taylor Inc,srv-52.french-fowler.com,GB,23:06:32
-16.430999,Chamorro,$0.37,eum.png,Europe/Warsaw,1982-01-10 15:53:26,1974-03-06T06:13:08,"Wall, Morrison and Cole",web-08.edwards.co.uk,GB,12:49:33
-88.4775115,Guarani,"$73,845.54",excepturi.bmp,Asia/Riyadh,1991-11-17 22:16:53,2012-04-06T13:46:02,Greenwood-Walker,lt-04.jones.com,GB,03:23:53
82.5400635,Ewe,$348.61,laboriosam.css,Africa/Douala,1976-11-28 17:19:11,2000-08-24T06:44:59,Lane Group,lt-43.thomson.info,GB,22:37:24
-3.012272,French,$265.99,ratione.txt,Asia/Gaza,2006-06-02 21:47:32,1982-12-18T20:59:46,"Collins, Benson and Armstrong",srv-48.bird.com,GB,15:30:43
-75.8146295,Catalan,"$5,763.64",pariatur.flac,Europe/Monaco,1984-09-06 14:20:53,2001-03-16T20:06:35,McLean-Butler,email-47.yates.com,GB,20:28:35
-61.718227,Igbo,$834.83,similique.mov,Africa/Maputo,2015-08-28 14:15:57,2014-07-06T06:48:10,"Graham, Simpson and Noble",email-84.oliver-kaur.biz,GB,14:59:23
-75.2689475,Kalaallisut,$75.75,enim.gif,Africa/Blantyre,1996-08-31 01:35:50,1988-12-11T01:59:01,Sykes Ltd,lt-23.clark.com,GB,13:34:25
0.530032,Ndonga,"$65,986.03",dolore.css,Europe/Bratislava,2017-12-25 02:54:53,1987-09-30T17:43:27,"Farrell, Jones and Storey",laptop-37.bolton.com,GB,22:21:28
-19.919304,Tonga,"$4,724.16",quod.numbers,America/St_Kitts,2007-04-05 13:28:37,1986-10-06T07:50:07,King-Lowe,laptop-36.shaw.com,GB,20:59:58
83.3327995,Gaelic,$82.61,consectetur.pptx,Asia/Dhaka,1972-01-08 05:43:28,2019-04-22T15:55:23,"Smart, Thomas and Webb",db-96.saunders.com,GB,22:29:00
-3.0944375,Lao,$940.89,dolore.mp4,Asia/Tbilisi,1978-06-25 06:37:04,1970-01-10T11:20:01,Higgins LLC,lt-49.connor.net,GB,14:40:39
-86.924663,"Sotho, Southern","$5,424.08",inventore.js,Pacific/Efate,2019-07-13 02:30:05,1987-12-17T04:05:07,Miller Inc,laptop-55.phillips.com,GB,03:23:05
-6.538670,Akan,"$5,669.21",ullam.flac,Africa/Bujumbura,2015-12-31 05:08:21,2014-01-11T19:12:40,Parker Inc,web-07.taylor.net,GB,02:11:20
-57.921446,Latvian,$79.94,dolores.csv,America/Havana,1980-08-16 22:12:31,2015-03-15T22:30:47,Field Ltd,web-95.norman-mitchell.com,GB,15:34:17
37.990219,Hebrew,$4.47,voluptatum.xlsx,Asia/Qatar,1996-09-11 05:52:44,2022-03-11T04:15:07,Holden-Singh,email-24.russell.info,GB,06:50:10
-0.7832115,Kannada,"$64,326.60",animi.csv,Asia/Bahrain,1979-07-20 19:22:28,1996-08-12T05:00:06,Jackson Group,web-79.williams.com,GB,06:09:39
-18.1175805,Javanese,$5.64,amet.bmp,Pacific/Tongatapu,2001-02-11 09:32:09,1998-03-09T00:54:31,Singh-Walker,srv-24.collins.com,GB,07:06:12
-44.9538325,Basque,$79.37,doloremque.doc,Asia/Pontianak,1980-05-24 21:11:48,2008-11-29T09:36:49,Wyatt and Sons,lt-68.brown.biz,GB,04:07:35
67.6753335,Wolof,$42.09,minima.avi,Europe/Monaco,2005-04-10 17:48:43,1981-04-17T07:53:38,Stephenson PLC,desktop-64.carr.com,GB,23:00:41
44.223695,Turkmen,"$1,317.01",consequatur.mp4,Africa/Johannesburg,2015-10-12 05:16:37,1987-09-22T19:27:17,Lee PLC,srv-96.watson.co.uk,GB,07:17:34
79.9657005,Albanian,$1.57,suscipit.pptx,Europe/Brussels,1996-09-26 06:51:35,2018-03-01T10:58:59,Poole-Foster,laptop-44.baker.biz,GB,23:29:11
-85.058788,Kurdish,"$31,883.83",explicabo.json,Asia/Pontianak,1981-02-20 21:54:24,1994-10-28T06:10:49,"Moore, Power and Hill",db-52.bird-brennan.com,GB,07:59:32
-57.784981,Occitan,"$61,596.47",dolore.txt,Europe/Warsaw,1989-06-28 23:10:10,1984-06-28T20:19:04,"Begum, Hanson and Jones",db-21.storey.com,GB,11:46:44
-5.391777,Kalaallisut,"$8,090.25",maiores.mov,Europe/Bratislava,2013-12-09 17:19:23,2015-10-27T17:56:06,Campbell-Carter,db-27.wright-palmer.net,GB,15:58:18
81.850205,Kurdish,"$22,339.04",molestias.gif,Asia/Magadan,1979-04-10 01:00:11,2021-10-27T17:52:51,Edwards-Lee,lt-35.taylor.net,GB,12:40:20
66.0335555,Estonian,"$92,212.54",mollitia.mp3,Africa/Freetown,1999-04-28 08:44:20,1992-01-26T15:26:49,"Baker, Morris and Grant",db-95.andrews.co.uk,GB,10:17:05
21.454064,Inupiaq,$844.03,distinctio.tiff,Europe/Zagreb,1994-11-08 22:42:34,2002-10-05T18:39:41,Smith-Smith,laptop-27.morris.com,GB,08:37:37
79.3528875,Shona,$104.62,consequuntur.mp3,Africa/Djibouti,2021-05-06 01:58:16,1996-08-17T03:22:07,"Brown, Baker and Holt",srv-89.jones.info,GB,22:09:01
36.594445,Italian,$98.77,iste.html,Pacific/Auckland,2014-04-23 12:15:07,2007-12-27T09:10:17,"Stewart, Yates and Davis",laptop-99.burton.com,GB,22:36:15
-71.186636,Kinyarwanda,$0.62,aliquid.jpeg,America/Campo_Grande,2023-08-28 16:55:35,1988-10-19T23:25:58,"Kaur, Roberts and Poole",laptop-53.bailey.net,GB,18:21:20
-29.1296475,Tamil,"$88,901.57",ducimus.flac,Europe/Zagreb,2022-01-17 13:25:37,2005-02-13T15:45:56,Smith-Wood,db-09.parker.info,GB,15:25:06
-50.5507885,Dutch,$72.88,consequuntur.mp4,Europe/Brussels,1971-02-07 01:30:27,2019-02-13T17:45:31,Davies Group,desktop-50.owens-kerr.com,GB,06:16:54
3.775927,Kazakh,$74.49,consequatur.doc,Atlantic/Reykjavik,1988-04-19 06:40:05,1985-09-13T11:46:21,Jennings-Stevens,srv-86.campbell.com,GB,11:23:30
48.2209215,Turkish,$63.73,possimus.css,America/Guyana,2006-12-13 21:55:15,2011-07-28T12:04:40,Berry Group,laptop-78.smith.com,GB,03:56:59
40.5342635,German,$144.45,aperiam.mov,Asia/Amman,2000-09-18 03:16:34,2014-12-09T18:58:58,"Campbell, Wood and Smith",email-49.johnson.com,GB,00:19:32
70.2613505,Norwegian Nynorsk,$92.14,similique.numbers,Europe/Riga,2014-02-05 02:44:28,1987-04-02T19:39:34,"Taylor, Farrell and Thomas",email-26.davies-patel.info,GB,16:26:34
-43.2552525,Hindi,"$1,562.69",quasi.avi,America/Antigua,1983-06-20 22:44:14,1997-10-08T22:21:58,Campbell-Carter,laptop-11.whitehead.com,GB,04:14:32
79.6607515,Samoan,$4.42,error.webm,America/Antigua,1975-03-30 03:17:53,2009-11-29T07:04:13,Harrison and Sons,srv-74.hussain.net,GB,15:55:01
72.5933425,Kalaallisut,$332.94,iusto.gif,Asia/Ulaanbaatar,1971-04-26 01:25:40,1982-10-07T13:54:14,Cooper LLC,srv-51.hudson-hayes.info,GB,02:52:24
75.5695165,Fulah,$164.45,minima.jpeg,Asia/Rangoon,1975-09-09 10:20:50,2016-02-28T01:55:45,Mann-Houghton,laptop-94.bowen.net,GB,22:17:48
71.6728575,Sango,$9.82,corporis.mp4,Asia/Aden,2021-09-11 22:55:29,2016-03-05T00:04:56,Robinson-Davies,srv-81.rogers.com,GB,16:28:31
-58.2436715,Tsonga,$102.20,quaerat.wav,Africa/Ceuta,1988-10-22 02:39:36,2001-09-21T03:52:19,Hussain LLC,lt-67.hodgson-barton.com,GB,16:47:33
65.0653555,Croatian,$306.36,dolores.flac,Europe/Istanbul,2000-06-17 09:10:21,2019-08-25T05:23:33,"Lord, Riley and O'Donnell",lt-05.smith.info,GB,08:49:56
-32.604846,Navajo,"$25,205.73",ullam.html,Europe/Malta,1991-08-20 03:13:31,1993-08-16T04:07:29,"Cook, Cole and Holmes",web-36.richardson.info,GB,02:56:22
50.8288275,Basque,"$21,254.17",alias.bmp,America/St_Kitts,1989-07-15 18:12:18,1986-08-09T00:31:04,"Potter, Barrett and Gough",db-91.cook-jones.com,GB,22:49:31
-6.381019,Lao,$96.32,molestiae.wav,Indian/Maldives,1998-09-10 03:47:19,1975-11-08T14:50:51,Sanders and Sons,desktop-00.turner.biz,GB,16:31:07
-84.186419,Pushto,"$76,640.39",inventore.ppt,Africa/Lagos,1993-02-01 05:28:54,1970-06-27T15:22:59,"Hunter, Bradshaw and Wright",srv-16.wood.info,GB,11:25:10
-35.6005955,Ewe,$30.34,temporibus.html,Africa/Freetown,1971-04-06 05:45:30,1995-09-11T03:31:33,Grant-Smith,lt-15.allen.com,GB,11:47:53
-7.5924655,Belarusian,"$3,575.23",eligendi.mp3,Asia/Dubai,1980-10-28 21:04:59,1984-01-08T10:36:41,Smith Inc,email-57.hutchinson-harper.org,GB,15:24:27
42.8733655,Oriya,$4.68,quis.jpeg,Africa/Gaborone,1984-05-26 09:02:02,1970-06-09T07:48:05,Rogers-Craig,web-92.byrne.com,GB,02:32:45
39.013077,Hungarian,$239.38,deleniti.webm,America/Nassau,1977-10-14 20:44:40,1970-01-24T01:32:33,"Hale, Barnes and Pratt",lt-90.walker.com,GB,05:29:24
25.3937255,Fulah,$900.08,itaque.png,America/Guayaquil,1998-10-13 06:27:37,1978-07-28T07:36:43,Stewart LLC,db-92.taylor-clark.co.uk,GB,04:33:23
-52.1621515,Malayalam,$91.36,et.mp3,Europe/Prague,1979-04-19 14:36:46,2013-05-25T15:42:09,Smith and Sons,email-37.wall.com,GB,12:24:42
35.0719005,Pali,$927.06,vero.webm,Europe/Malta,2019-01-27 07:07:24,2018-10-29T15:39:11,"Harris, Nixon and Morgan",desktop-43.parry.info,GB,11:06:32
53.129397,Romanian,$975.63,sapiente.jpeg,Africa/Maseru,1973-02-19 06:18:46,2007-02-22T09:10:16,Baldwin-Watson,srv-69.holland.com,GB,13:49:53
-9.2256815,Czech,"$2,376.27",nulla.mp3,Asia/Nicosia,2008-09-22 21:39:22,1999-12-19T17:12:37,"Ahmed, Saunders and Pritchard",srv-80.leonard.co.uk,GB,19:17:41
68.3105635,Ndonga,"$7,374.52",molestiae.pages,America/Hermosillo,1995-04-11 02:53:33,2014-06-13T13:51:28,Jones-White,email-36.brown-wright.com,GB,08:57:53
-56.7945475,Komi,$691.88,asperiores.jpg,Europe/Brussels,2023-06-16 17:33:42,2018-03-09T20:55:45,Hill-White,srv-60.jenkins.net,GB,09:01:16
41.5477895,Spanish,$83.70,labore.js,Asia/Calcutta,2011-10-01 12:35:51,1993-10-16T10:58:09,Hayes-Davies,lt-95.clayton.com,GB,04:08:06
82.525251,Kirghiz,"$58,320.64",recusandae.csv,Africa/Lome,2013-08-02 19:41:26,2013-09-23T09:48:31,Wilson-Booth,lt-92.bell.org,GB,19:27:22
16.4293465,Kannada,"$14,749.13",qui.json,Africa/Accra,2016-11-17 04:04:44,2016-12-16T13:58:21,"Jones, Andrews and Moore",db-67.alexander.info,GB,11:00:39
29.535800,Greek,"$3,376.55",incidunt.jpeg,Atlantic/Reykjavik,1978-03-18 13:35:22,2013-05-02T04:40:37,Richardson and Sons,desktop-78.hayes.org,GB,05:23:41
85.0636235,Komi,"$55,552.97",natus.mp4,America/Havana,1977-02-12 19:39:28,2010-02-28T12:00:12,"Potter, Thomas and Doyle",web-60.hamilton.info,GB,17:50:05
-33.687885,Kikuyu,"$88,161.10",iste.css,Africa/Tunis,1998-11-22 10:39:19,2005-09-20T22:45:34,Richards Ltd,laptop-68.barker.net,GB,15:59:49
-29.5532635,Cree,$35.30,placeat.json,Asia/Vientiane,1991-12-30 06:51:00,2016-09-18T06:16:58,McDonald Inc,desktop-22.morris.com,GB,04:42:40
80.0767775,Uighur,$3.89,animi.flac,Asia/Baku,1985-09-03 10:12:42,1989-08-03T13:21:18,Walker-Ali,lt-31.robinson.org,GB,05:40:50
70.9645585,Ewe,$7.58,labore.ods,Africa/Bamako,1975-05-30 09:07:03,1978-04-16T03:30:11,Fuller LLC,email-15.donnelly-brown.net,GB,13:02:33
16.167256,French,$649.29,illum.flac,America/Montevideo,1992-06-11 18:52:32,1974-06-14T10:26:33,"Noble, Quinn and Gibson",web-56.sutton.com,GB,20:05:08
-62.3564455,Nepali,$7.87,nulla.json,Asia/Singapore,1998-04-12 17:14:39,1992-09-01T23:47:28,Stanley-Baker,db-69.phillips.net,GB,13:15:45
79.057315,Telugu,"$47,255.83",perferendis.ods,Pacific/Ponape,1984-06-08 22:46:21,1981-10-21T06:38:03,Cunningham-Harris,srv-63.ford.com,GB,07:50:05
78.2820295,Czech,$48.96,saepe.numbers,America/Asuncion,2022-08-22 03:44:43,1975-02-04T08:07:32,"Morris, Cox and Benson",laptop-57.quinn.biz,GB,12:25:31
-29.7302095,Bihari languages,$28.74,asperiores.mp3,Africa/Casablanca,2005-10-17 20:18:51,1999-09-29T16:43:59,Ward-Foster,desktop-76.dunn.com,GB,16:56:33
79.646638,Quechua,"$69,421.37",repellat.mp4,Pacific/Palau,1992-07-26 02:54:08,2018-08-07T16:30:22,"Wallace, Jennings and Griffin",desktop-57.davies.com,GB,12:17:12
81.9530185,Portuguese,$4.31,aliquid.xlsx,Asia/Jerusalem,1976-02-12 07:24:51,1999-11-12T01:12:05,James-Hunt,srv-23.fox.co.uk,GB,16:29:45
35.1162905,Yiddish,"$86,337.30",facilis.wav,Indian/Antananarivo,2002-10-05 00:25:59,1975-11-17T15:22:16,Gray-Campbell,web-80.arnold.com,GB,08:14:24
2.664153,Thai,"$7,442.84",ipsa.html,Asia/Jerusalem,2008-06-20 01:02:19,1998-07-22T16:28:40,"Curtis, Robinson and Walters",email-89.boyle.biz,GB,17:01:16
-31.7561545,Kurdish,"$4,795.95",laboriosam.png,Europe/Skopje,1990-05-04 11:44:26,1974-02-14T18:44:19,Johnston PLC,email-55.powell-carr.com,GB,11:11:50
-79.3875015,Kinyarwanda,$8.67,veritatis.html,America/Paramaribo,1992-06-15 14:50:55,1979-03-30T06:33:48,"Morris, Wood and Jones",email-31.davies-khan.com,GB,09:33:21
-6.965834,Limburgan,"$3,044.04",itaque.json,Asia/Tashkent,1972-06-13 15:44:17,1970-11-01T11:43:46,Adams Inc,srv-31.moss.com,GB,12:05:38
-60.304670,Bosnian,"$97,246.86",quas.webm,Atlantic/Cape_Verde,2002-03-12 05:14:30,1995-11-11T19:48:45,"Hilton, Grant and Wilson",desktop-38.khan-wilson.com,GB,16:51:44
89.9692065,Gaelic,$14.33,libero.pages,America/St_Lucia,2011-02-25 04:44:06,2008-10-23T11:13:07,Graham Ltd,email-72.todd.com,GB,19:33:28
-66.085165,Limburgan,$640.90,tenetur.ods,Pacific/Tarawa,1977-12-19 13:29:55,2008-05-26T21:47:29,Bailey and Sons,email-54.hancock-mahmood.co.uk,GB,05:08:57
16.1730515,Tahitian,$441.67,placeat.mp4,America/Guayaquil,1972-01-20 10:11:20,2019-02-06T19:29:15,Howell-Thompson,lt-44.williams.com,GB,14:59:58
-61.153641,Interlingua,"$82,887.09",velit.webm,Asia/Brunei,2018-03-25 08:10:07,1990-01-14T04:33:14,"Hill, Boyle and Osborne",laptop-80.preston.com,GB,07:54:22
-87.0559695,Armenian,$53.68,vel.wav,Asia/Bishkek,1980-12-08 17:21:33,1986-12-13T20:36:17,"Horton, Hodgson and Edwards",web-19.curtis.com,GB,00:02:40
50.8033655,Hindi,$88.98,adipisci.txt,Africa/Bangui,1983-12-28 16:58:26,2018-05-01T09:42:18,Green-Barker,laptop-01.griffiths-chapman.net,GB,02:54:39
-58.601552,Inupiaq,$73.68,sequi.jpeg,Asia/Tbilisi,2003-05-19 09:22:16,1991-06-29T04:16:33,French-Kirk,email-15.atkinson-russell.co.uk,GB,06:18:20
16.097603,Indonesian,$8.18,asperiores.wav,Europe/Lisbon,1970-06-05 11:57:27,2018-07-06T17:01:50,"Arnold, Randall and Woods",laptop-43.davies.net,GB,02:30:04
-82.0650155,Uzbek,"$98,370.69",quas.jpg,Asia/Jerusalem,2003-11-23 16:55:44,2003-02-07T22:30:53,Dale and Sons,laptop-39.bishop.com,GB,04:02:10
-10.2217335,Welsh,$5.46,vel.docx,Asia/Chongqing,1973-08-05 21:15:48,1984-09-08T09:46:16,Turner Ltd,srv-73.williams-davies.info,GB,07:52:28
82.999514,Samoan,$19.12,nostrum.jpeg,Asia/Thimphu,1987-04-25 16:38:06,1970-08-11T09:28:52,Pearson Inc,laptop-40.cook.co.uk,GB,21:55:52
-81.1583405,Interlingue,"$44,719.85",natus.mp3,Europe/Warsaw,1973-10-25 00:22:49,2013-12-09T23:05:47,"Jones, Robinson and Harding",lt-90.banks-thompson.com,GB,21:05:48
-9.009249,Fijian,"$1,836.29",fuga.csv,Asia/Muscat,1982-06-05 10:35:55,1989-10-29T02:23:37,"Stevens, Harrison and Sanderson",email-95.herbert-moss.com,GB,03:18:17
25.750797,Sichuan Yi,"$64,205.11",in.bmp,Africa/Brazzaville,2017-01-12 18:26:22,1983-12-06T00:38:27,Morgan-Savage,laptop-75.law-knight.com,GB,06:29:05
-68.512171,Sardinian,$64.04,repudiandae.avi,America/St_Kitts,1980-04-15 13:15:16,2014-01-31T06:21:38,"Booth, Saunders and Ryan",srv-52.field.com,GB,20:25:17
-75.6094705,Latin,"$19,698.03",mollitia.png,Asia/Bahrain,2010-10-19 21:40:20,1970-11-23T13:08:19,Johnston-Chan,email-14.brown.co.uk,GB,18:45:11
64.545280,Javanese,$1.39,laborum.pages,Africa/Gaborone,1996-12-15 07:05:13,2017-03-02T17:57:40,Jones-Taylor,email-10.higgins.com,GB,00:59:25
21.186916,Catalan,$684.88,repudiandae.wav,Asia/Manila,1989-12-07 06:51:15,1988-12-20T10:37:12,"Knight, Harding and Fisher",desktop-42.morris.co.uk,GB,09:31:56
53.822293,Divehi,$2.03,est.jpeg,Africa/Casablanca,2013-08-20 22:12:09,1993-12-30T15:47:48,Hilton PLC,desktop-48.williams-holt.com,GB,07:24:10
51.609601,Avestan,$55.00,odio.json,Africa/Kinshasa,2016-03-22 16:00:01,2004-04-25T01:18:07,Hughes-Cooper,db-74.dean-wilson.biz,GB,18:06:24
66.5484165,English,$43.03,maxime.docx,Africa/Kampala,1972-05-04 11:39:33,2003-03-25T04:19:46,Perkins-Sinclair,desktop-85.lewis.com,GB,14:07:43
61.137447,Gaelic,"$8,037.51",doloribus.mp4,Africa/Banjul,1976-04-07 18:30:19,2006-12-30T03:27:08,Williams Ltd,desktop-90.burton.biz,GB,04:04:25
13.773667,Bashkir,"$3,740.03",fuga.odt,Europe/Belgrade,2017-09-01 15:02:55,2022-06-20T17:57:16,"White, Thornton and Hill",email-25.clark-martin.com,GB,17:44:38
54.511734,Macedonian,$109.07,iure.txt,Africa/Harare,2019-03-12 02:04:32,1988-11-22T19:23:55,Davis LLC,srv-38.sharp.com,GB,13:28:10
-75.995378,Chinese,"$61,918.00",doloribus.png,Asia/Saigon,2015-01-13 00:52:50,1975-03-06T18:00:25,Summers-Williams,email-38.potter.info,GB,20:59:46
-40.838333,Hebrew,"$45,198.23",ipsam.webm,Europe/Ljubljana,2007-01-31 06:27:18,2017-06-16T18:59:51,"Williams, Smith and Evans",desktop-75.perry.co.uk,GB,19:45:36
-13.449902,Samoan,$88.84,debitis.wav,Asia/Qatar,1994-09-25 16:11:00,1974-09-28T08:32:03,"Bentley, Smith and Parker",lt-29.jackson.com,GB,07:35:34
60.076816,Interlingua,"$5,185.58",nisi.mp3,America/Tegucigalpa,2020-02-20 21:27:40,1986-12-06T20:08:19,Woods-Higgins,email-36.jones-hill.com,GB,04:34:02
63.6500565,Norwegian Nynorsk,$765.22,nesciunt.key,Asia/Karachi,2007-11-30 17:06:38,2008-01-28T20:33:35,Newman-Barrett,desktop-45.fox.org,GB,19:46:58
15.5225995,Tahitian,$7.05,nobis.css,Africa/Khartoum,1974-04-04 18:39:31,2017-03-08T17:51:26,"Fox, Francis and Webster",desktop-32.watts-bradley.com,GB,16:03:07
70.249011,Sundanese,"$8,581.19",laborum.avi,Africa/Kigali,1974-09-23 01:57:49,1979-11-12T11:35:31,Todd LLC,email-92.doyle.co.uk,GB,09:05:08
-0.6079795,Abkhazian,$5.28,eveniet.wav,Europe/Ljubljana,1976-01-13 20:56:23,2019-03-13T20:25:57,Law-Goodwin,email-33.rees.biz,GB,20:51:05
64.071351,Chamorro,"$48,162.40",quos.pdf,Europe/Luxembourg,1983-10-24 11:53:16,2008-01-17T20:29:56,"Pugh, Williamson and Mason",lt-50.bryan.info,GB,06:02:23
-58.9762725,Finnish,$855.34,deleniti.odt,Europe/Oslo,1995-01-16 16:45:40,2019-11-14T01:48:14,Robson Group,srv-61.fisher.co.uk,GB,19:10:14
37.348536,Italian,$33.86,aliquid.jpeg,Pacific/Nauru,2016-05-21 08:06:45,1991-04-10T10:45:59,"Watkins, Bell and Carter",laptop-06.begum.info,GB,18:52:26
-9.6499095,Inuktitut,$11.41,eveniet.gif,Asia/Yerevan,2013-05-11 01:22:21,1971-05-14T17:54:14,"Quinn, Griffin and Lamb",lt-11.fry.com,GB,12:02:10
-12.2084525,Indonesian,"$20,147.80",possimus.txt,Africa/Niamey,1994-07-03 06:33:22,2015-10-12T14:50:55,Austin-Palmer,lt-31.wright.info,GB,19:11:20
-67.914713,Sango,$4.60,molestias.js,Asia/Colombo,1997-01-07 23:25:01,1980-02-05T22:14:21,Hodgson-Saunders,db-66.barnett.info,GB,02:48:47
65.6293665,Guarani,"$99,221.82",ipsa.mp3,America/Tegucigalpa,2002-08-02 21:38:10,2012-08-23T16:26:57,Anderson and Sons,web-63.taylor.org,GB,22:01:20
-59.4163645,Estonian,$954.52,sed.webm,America/Antigua,1983-10-29 18:41:05,1990-01-06T16:08:07,Turnbull-Doyle,lt-95.barrett.com,GB,17:50:39
-8.2750185,Yoruba,"$22,507.58",eveniet.html,Europe/Sarajevo,1986-04-18 06:45:36,1998-10-08T17:06:10,O'Connor-Davis,web-58.smith.com,GB,10:08:30
-83.174980,Turkmen,$77.09,eligendi.flac,Europe/Bratislava,1980-10-01 19:17:54,1997-03-13T07:29:21,Ryan-Harris,srv-14.harris-flynn.com,GB,01:25:36
40.990365,Galician,$754.52,officiis.ods,Asia/Ashgabat,2001-01-09 01:56:58,2010-11-29T05:07:27,Vaughan-Robinson,srv-94.morgan.com,GB,23:09:00
57.131125,Amharic,$7.91,quo.avi,Africa/Cairo,1990-03-25 05:43:37,1996-09-29T12:58:20,Archer and Sons,srv-57.smith.com,GB,10:41:09
-82.122665,Avaric,$19.97,necessitatibus.tiff,Africa/Bamako,1975-09-04 22:46:37,2020-04-05T11:31:10,Dean PLC,db-36.baker.com,GB,13:59:47
11.308527,Kikuyu,$807.30,sint.mp4,Pacific/Palau,2001-01-29 03:00:28,2004-12-18T03:11:08,Webster-Summers,lt-62.thomas-cook.com,GB,06:00:14
-63.6662395,Bambara,$115.28,rerum.json,Europe/Sarajevo,1984-09-29 14:35:55,2019-11-01T22:10:34,Wright PLC,db-49.evans.com,GB,07:41:50
-77.820974,Somali,"$6,084.74",alias.bmp,Africa/Bissau,2000-07-31 15:47:52,2017-11-20T06:30:18,"Clark, Shaw and Jones",lt-50.holland-dobson.com,GB,17:34:16
-73.752062,Greek,"$1,487.78",iure.png,Europe/Amsterdam,1988-10-24 11:37:10,2000-12-21T00:12:03,Brown PLC,db-18.turner.org,GB,14:04:27
-14.996921,Yoruba,"$39,795.66",voluptates.doc,Europe/Budapest,2022-04-17 12:55:14,2021-02-23T19:17:30,Davis-Grant,lt-76.bell-norman.biz,GB,01:02:06
45.0052635,Maori,$70.86,quasi.mp3,Australia/Currie,2000-01-29 08:15:46,1984-12-31T11:01:50,Khan-Hunt,srv-78.bennett.org,GB,18:06:21
50.971600,Tibetan,"$7,825.74",aliquid.wav,Asia/Baku,1978-06-01 17:19:45,1984-11-24T06:45:25,Williams-Blake,email-59.hamilton-watson.info,GB,17:38:44
-43.4995375,Assamese,$62.88,officia.mp4,Africa/Lusaka,1981-06-15 10:49:32,2011-03-07T02:13:46,"Carroll, Holmes and Martin",web-10.jones.biz,GB,10:17:53
27.5569685,Fulah,"$94,875.24",iure.csv,Asia/Karachi,2014-03-15 15:31:08,1974-01-22T06:11:21,"Briggs, King and Davidson",web-76.preston.com,GB,12:28:27
56.985023,Turkmen,"$20,323.04",iste.bmp,Africa/Maseru,2021-09-03 23:23:05,1996-03-26T20:08:59,Poole Group,laptop-94.turner.net,GB,21:00:23
-53.227774,Gaelic,"$8,322.82",harum.avi,Africa/Brazzaville,2010-07-20 15:25:45,2017-09-26T08:04:11,Harris and Sons,desktop-15.mistry-shaw.net,GB,12:16:53
-12.669954,Bihari languages,"$9,352.96",quas.tiff,America/Nassau,2021-11-06 10:13:22,1988-05-25T07:09:52,Graham and Sons,srv-46.hopkins-grant.org,GB,12:20:59
-49.2053625,Bislama,"$21,958.74",soluta.bmp,Pacific/Port_Moresby,2017-04-11 20:27:10,2016-12-18T03:55:08,"Watson, Ali and French",lt-56.gardner-dawson.com,GB,15:38:58
-13.0303235,Interlingua,$263.18,unde.pages,Asia/Amman,1991-10-24 15:03:09,1991-04-08T20:11:43,"Howarth, Hill and Simpson",email-86.robinson-smith.net,GB,13:03:55
38.040481,Japanese,$6.22,consequuntur.flac,Asia/Brunei,1978-08-22 18:57:22,1989-03-10T02:44:19,Ferguson-Birch,email-01.begum.org,GB,11:51:57
-12.578718,Bengali,$2.28,consequatur.gif,Europe/Dublin,1976-10-10 12:33:23,2010-08-11T03:57:27,Kemp-Robinson,db-05.king.com,GB,16:16:28
60.8540385,Serbian,"$9,302.91",omnis.mp3,Indian/Antananarivo,2002-09-17 22:40:12,1971-12-04T06:46:05,Adams Inc,email-63.morris-richardson.net,GB,14:16:23
-11.1861805,Norwegian,$69.64,asperiores.jpg,Africa/Algiers,2008-11-30 04:07:13,2023-03-03T04:18:58,Robinson Ltd,laptop-90.johnson.com,GB,05:39:42
9.517077,Tswana,$823.28,delectus.jpg,America/Sao_Paulo,2016-03-23 04:46:07,2015-06-23T07:58:01,Gibson-Shaw,desktop-68.hunter.net,GB,15:40:23
-33.726157,Marshallese,$91.92,ut.flac,Europe/Luxembourg,2000-11-24 22:24:27,2011-07-05T15:03:25,Smith PLC,lt-01.norton.com,GB,13:16:57
1.0911735,Mongolian,$57.41,laborum.flac,Asia/Rangoon,2003-06-16 11:00:20,1991-02-26T17:36:33,"Allen, Richards and Thomas",desktop-02.morris.com,GB,01:34:05
-19.1544175,Tigrinya,$993.01,totam.bmp,America/Caracas,2004-10-03 01:00:51,1985-03-01T14:46:06,Poole PLC,laptop-59.harrison.com,GB,00:37:05
80.647045,Fijian,$1.46,quasi.doc,Asia/Thimphu,1994-03-08 02:05:25,1982-02-06T21:12:22,"Griffiths, Nash and Shepherd",email-24.gill-cox.com,GB,07:31:21
65.937317,Swati,$71.03,iusto.xls,Europe/Zurich,2003-01-13 23:41:09,1993-09-12T06:01:43,"Frost, Hart and Walters",lt-89.dale.co.uk,GB,17:25:27
-30.980432,Indonesian,"$23,587.15",cupiditate.js,Asia/Muscat,1975-07-23 01:05:32,1982-05-13T19:37:18,Stone PLC,desktop-73.walker.com,GB,23:05:46
13.6906275,Welsh,$469.91,praesentium.ods,Africa/Cairo,1972-03-25 16:01:09,1973-11-27T16:25:40,James-Chambers,db-60.mahmood.org,GB,00:30:17
31.838500,Aragonese,"$20,437.79",harum.key,America/Guatemala,1985-11-21 12:26:49,2002-09-18T20:54:20,Smith-Francis,db-90.dawson.biz,GB,19:20:57
-0.034901,Hungarian,$88.47,quos.css,Africa/Banjul,2012-03-29 00:03:47,2001-08-04T14:24:51,"Howells, Robson and Begum",db-73.marsh.co.uk,GB,15:04:07
-50.882942,Luxembourgish,"$24,607.24",distinctio.numbers,Africa/Ouagadougou,2003-07-27 20:36:58,2018-05-19T14:42:29,"Finch, Matthews and Thomson",db-97.morris-ball.net,GB,03:20:14
-20.6510945,Somali,"$10,230.02",aliquid.odp,America/Jamaica,2009-10-18 14:48:22,2011-05-05T00:30:19,Campbell PLC,db-88.bates.biz,GB,04:17:47
-2.389190,Panjabi,"$2,174.99",labore.txt,Europe/Prague,1989-04-24 06:47:57,2004-10-04T01:03:04,Graham Group,web-01.webb-kelly.com,GB,17:00:56
-77.6966415,Tibetan,"$1,110.22",iure.tiff,Asia/Damascus,1974-09-16 08:55:20,1986-12-09T05:18:02,Akhtar-Smith,web-93.murray.net,GB,02:58:18
48.738079,Cree,$8.28,reprehenderit.flac,America/Antigua,1996-02-20 22:41:48,1977-11-17T05:07:09,"Hargreaves, Murphy and Stone",email-65.harding-moore.com,GB,07:12:01
51.359589,Haitian,"$9,485.13",placeat.numbers,Europe/Tallinn,2006-06-16 11:17:31,2002-08-09T03:33:25,Wright Inc,desktop-51.murray-weston.com,GB,21:13:02
-85.4270165,Javanese,$437.35,error.mp4,Africa/Abidjan,2017-05-28 04:01:38,1999-10-12T03:44:58,Phillips Inc,web-60.kelly.net,GB,01:44:25
83.6320175,Burmese,$35.60,architecto.mp4,Europe/Prague,2015-12-10 04:22:53,2010-03-16T14:03:18,Harper LLC,srv-47.taylor-begum.net,GB,16:40:32
-19.6674025,Oriya,"$8,320.45",aliquam.jpg,Europe/Stockholm,2021-04-22 00:03:37,2003-03-30T06:31:52,"Banks, Adams and Turner",web-65.gray.org,GB,22:51:00
27.0550425,Herero,"$9,986.72",at.csv,Africa/Algiers,1997-09-26 03:19:47,2016-03-10T12:12:42,Moore PLC,laptop-24.parry-glover.co.uk,GB,21:48:17
24.8825125,Zulu,"$4,843.53",error.mp3,Africa/Douala,1981-03-06 08:26:43,1986-07-04T05:22:45,Perkins-Parkin,lt-61.douglas.com,GB,19:04:11
74.963377,Italian,$9.69,hic.tiff,Africa/Nairobi,1975-12-26 14:45:57,2002-02-17T07:34:47,Brown Group,web-20.khan-turner.com,GB,01:50:35
-73.917332,Aymara,$546.18,iste.xls,America/Guatemala,1970-12-19 18:47:40,2020-05-23T17:15:24,Dodd LLC,web-98.singh.org,GB,08:38:50
-37.460433,Lao,$35.21,explicabo.xlsx,Africa/Gaborone,1978-03-12 12:42:47,1977-09-07T19:01:47,Todd-Cooper,srv-76.bentley.org,GB,09:04:36
-16.502901,Lingala,$633.03,omnis.html,Pacific/Guadalcanal,1998-01-30 04:20:57,1986-07-10T19:00:39,Roberts-Woodward,lt-04.taylor.com,GB,06:15:38
-10.0691845,Turkish,"$62,101.82",aspernatur.xls,America/Port_of_Spain,1980-07-25 11:26:53,1980-03-14T11:02:20,"Hawkins, Barber and Barrett",db-46.barnes-dean.info,GB,16:25:25
-55.420387,Hiri Motu,$134.67,vitae.jpg,America/Belize,2021-06-17 06:11:45,1984-01-27T13:15:51,Macdonald PLC,db-63.roberts.com,GB,03:36:38
32.8854015,Amharic,$82.65,modi.ods,Pacific/Kwajalein,2005-06-15 05:56:02,1995-10-26T19:35:28,Davies LLC,db-30.wright.com,GB,11:11:48
-77.1511375,Samoan,"$93,552.20",voluptatem.json,Africa/Freetown,2006-05-26 12:44:38,2007-08-18T02:08:37,Jones Inc,desktop-70.clark.info,GB,01:20:24
17.5598825,Chamorro,"$30,592.82",consequuntur.txt,Europe/Kiev,1983-03-06 16:37:12,2012-03-20T17:45:38,Reed-Powell,desktop-49.smith-harrison.com,GB,16:01:10
-76.319634,Abkhazian,"$55,647.56",esse.mov,Africa/Windhoek,1979-04-22 22:44:01,2018-03-10T19:54:49,"Edwards, Peters and Williams",db-75.carter-pearce.info,GB,22:14:38
-31.8412595,Georgian,$1.81,et.mp3,Asia/Yerevan,1989-04-17 06:28:55,2019-06-25T17:12:36,Mahmood Group,lt-65.owen-jones.co.uk,GB,23:51:18
40.281779,Maltese,$7.27,ipsa.xlsx,Asia/Riyadh,2012-07-30 20:59:57,1998-06-17T17:23:49,Turnbull Group,db-69.davies.com,GB,14:59:15
-54.925835,Xhosa,$2.14,autem.gif,America/Belize,2012-09-21 04:12:33,1986-08-09T20:52:23,Sanderson-Heath,srv-30.green.info,GB,11:26:07
26.9025745,Chamorro,"$7,823.21",minus.numbers,America/Montevideo,2013-10-18 16:09:00,1992-03-20T14:27:51,Young LLC,web-99.west.com,GB,04:10:06
-24.094367,Hindi,"$14,502.73",repellendus.json,Asia/Tokyo,1996-05-18 11:40:23,1979-11-01T07:38:04,"James, Curtis and Moore",desktop-25.bolton.com,GB,07:09:41
74.955203,Inupiaq,"$9,457.47",qui.css,Africa/Lome,2008-07-14 06:02:20,1998-10-03T12:17:14,Dickinson-May,laptop-91.ross.com,GB,05:19:40
58.643950,Uzbek,$6.42,fugiat.webm,Pacific/Kosrae,2013-08-14 19:38:27,2003-07-16T03:01:55,Morris-Crawford,srv-64.black.com,GB,09:17:34
-33.243779,Turkish,$947.88,dolores.css,America/Guatemala,1989-05-26 21:54:58,1974-02-09T11:51:58,"Butler, Gough and Craig",srv-53.collier.com,GB,09:29:50
49.7590645,Cree,"$72,403.05",dolorem.bmp,America/Dominica,1970-08-06 06:39:32,2010-09-23T22:25:01,Randall-Singh,desktop-79.morley.com,GB,19:16:41
28.9534775,Samoan,$3.98,cum.html,America/Belize,1983-11-24 17:01:43,1977-06-19T18:16:20,Smith Group,web-81.akhtar.com,GB,02:38:41
-2.5372525,Sinhala,"$49,761.22",rerum.mov,Europe/Oslo,2019-07-01 19:32:07,1978-02-07T21:48:17,Harper PLC,desktop-16.swift.com,GB,08:28:58
21.9858405,Limburgan,$973.53,nam.json,Europe/Brussels,1997-09-01 06:51:31,2020-01-28T12:41:33,Smith Ltd,web-15.gray-shah.com,GB,12:29:23
74.1320265,Maltese,$22.90,exercitationem.flac,Europe/Dublin,2008-01-31 16:59:02,2010-04-25T03:07:30,"Morris, Fox and Wright",lt-93.whitehead.org,GB,09:04:34
52.8100495,Zulu,"$4,858.66",aliquam.jpeg,Pacific/Palau,2009-10-01 06:05:12,1978-09-26T15:23:14,"Thomas, Thompson and Taylor",desktop-60.steele.co.uk,GB,15:40:08
-26.9354525,Welsh,$870.60,earum.wav,Asia/Baku,1981-06-30 19:07:52,2017-09-16T04:38:21,Clarke-Davies,email-27.norton.co.uk,GB,04:43:13
41.363035,Corsican,"$7,255.25",quia.wav,Asia/Muscat,1999-07-17 03:52:25,1993-05-27T01:43:54,"Smith, West and Cross",desktop-15.williams.com,GB,04:29:38
37.7419995,Kuanyama,"$38,079.47",explicabo.doc,Asia/Gaza,2022-03-12 07:59:51,2022-07-19T12:32:05,Thomas-Johnson,email-48.cook.com,GB,02:47:23
-0.6306925,Azerbaijani,"$1,339.14",eaque.flac,Asia/Jerusalem,2008-06-13 04:31:23,1990-07-13T04:27:56,"Barber, Davis and Jones",lt-46.mann-clarke.info,GB,12:07:25
