random_number,time,city,country,hostname,file_name,date,pricetag,language_code,mac_address,iso8601,longitude,latitude
76948196,21:21:44,Patelstad,Slovenia,web-38.thompson.info,facilis.js,1982-12-31,$4.73,ky,57:36:a3:60:c8:c1,2010-02-05T02:44:03,90.315197,-84.147329
782831376,21:25:45,South Elliemouth,Madagascar,db-54.begum-andrews.com,impedit.gif,1998-11-23,"$95,187.24",gl,f0:46:bc:34:63:72,2000-07-02T09:54:30,133.117286,-73.535129
54,00:25:52,North Elliot,Russian Federation,web-59.bailey-davey.com,voluptate.docx,1983-09-06,$36.04,zu,f4:56:34:a5:6a:ad,2015-10-15T01:13:41,-144.659508,-28.8925545
26554803,05:41:13,New Stephen,Vanuatu,desktop-89.robertson.net,adipisci.xlsx,2004-09-20,"$7,317.75",so,37:dd:66:e7:db:42,1970-09-01T21:55:03,-125.752606,-54.951655
907402867,06:10:40,West Paul,Chad,desktop-98.holland.com,perspiciatis.pages,1994-04-18,$363.76,se,22:07:d0:12:0e:f4,2016-03-12T09:10:27,35.440960,-21.212733
181018665,08:33:32,Stevenshire,Seychelles,srv-54.warner.org,quo.wav,1988-07-04,$331.64,ckb,1c:42:6e:70:d3:29,1995-01-14T07:47:49,161.753704,-80.428793
546,17:41:02,Glennstad,Equatorial Guinea,email-52.phillips-cross.info,earum.wav,1981-09-21,$61.31,wa,4c:38:fd:76:51:1e,2020-07-02T08:50:11,-43.990482,-77.453242
58062,19:52:58,Lydiamouth,Guam,web-37.mahmood.net,et.js,2015-04-16,$9.84,ta,d8:ec:a5:e3:79:3f,1991-06-08T02:43:45,175.669487,44.5710355
9267,08:07:20,West Joanna,Mexico,desktop-51.ali.com,qui.mov,2013-08-03,$48.79,ast,7c:bd:b5:6f:6b:cc,1993-04-22T23:18:41,55.757237,-34.868499
451549530,20:51:25,North Mohamed,Bosnia and Herzegovina,desktop-08.hall-bell.com,asperiores.css,1997-06-19,$9.77,szl,a0:33:cc:6c:2e:69,2003-08-03T07:03:28,-166.264892,15.2361655
535136,21:47:30,East Bruce,Iran,email-33.harrison.com,recusandae.png,2001-06-17,$6.44,ur,d2:f6:1b:b0:0d:d8,2015-02-21T13:45:14,-24.552041,70.5974805
911236103,11:23:04,Clarkview,Mauritania,web-79.jones-brown.com,repudiandae.avi,1991-05-24,$66.55,ts,aa:65:d2:ef:69:17,2001-11-20T20:08:43,38.621959,19.497469
900939,16:14:53,Kathrynshire,Turkey,desktop-11.williamson.com,nulla.flac,2009-05-03,"$3,506.12",ak,94:0c:5a:9e:07:5a,1992-07-22T08:04:41,-76.966740,26.009048
57855764,13:09:45,North Melissa,Lebanon,lt-46.hall.com,consequuntur.webm,1988-08-03,"$89,771.21",hak,98:95:d5:0b:56:aa,2003-05-29T23:18:39,78.170412,-40.093156
28,10:06:05,Holmesmouth,Jordan,lt-02.baker.com,accusamus.mov,1987-03-12,$11.00,lb,48:ab:a1:c3:96:44,2023-08-02T04:01:40,-34.015968,72.106995
96734387,03:18:24,Lake Antonytown,Bahamas,email-29.potter.net,iusto.mov,2018-11-01,$6.61,wal,82:03:9e:ef:50:11,1985-09-07T17:36:37,30.372892,74.557685
1,01:49:04,Thomasview,Cook Islands,srv-50.parker-parkinson.com,libero.txt,1972-04-20,$6.09,sl,4c:cc:68:7f:ca:74,2003-02-15T01:33:14,87.096492,79.463879
722868946,06:20:49,Howardland,Belgium,email-53.hartley-bryan.net,occaecati.pages,1999-01-03,"$78,642.44",ayc,bb:79:06:bd:10:16,1995-04-10T21:29:14,44.624246,47.876149
36463,10:11:28,South Catherine,Cameroon,web-16.dodd.com,sed.jpeg,2015-04-24,$454.05,mai,3c:a8:81:7f:b3:90,1998-04-06T09:10:37,-138.185656,74.0097785
2262,21:10:53,Shaunstad,Kazakhstan,db-20.byrne.com,atque.html,2021-02-24,"$6,833.02",li,b0:96:a4:5b:e9:1d,2006-09-05T07:39:02,13.436050,0.5926365
7,08:37:31,Lake Julian,Cocos (Keeling) Islands,db-69.patel.com,ea.ods,2006-09-02,"$98,388.31",mg,da:9e:0b:73:c4:30,2019-04-18T12:25:37,17.357532,-86.0923225
461121,03:00:32,Julianland,Macao,web-43.wood.info,nobis.flac,2012-09-10,"$5,323.44",tig,e9:f3:83:28:15:87,1987-06-08T18:08:12,148.427255,62.1496925
28776,05:24:01,South Damian,Liberia,email-00.pollard.com,atque.png,1980-11-14,$99.62,gv,bd:7d:27:92:d0:e1,1980-03-26T18:36:00,-158.360831,35.4497315
58765950,10:49:18,Port Jasonfurt,Pitcairn Islands,email-15.conway.com,alias.jpg,1994-09-21,$3.98,ks,6f:a8:fa:51:de:24,1990-02-09T11:54:29,106.782409,53.487858
218321935,04:49:18,South Oliviamouth,Djibouti,lt-91.wilson-martin.com,nulla.html,1987-02-28,$23.93,ha,2a:63:46:38:37:c9,1975-01-27T04:56:58,18.661340,47.409940
57,02:06:39,North Timothy,Zimbabwe,srv-51.woodward.com,pariatur.js,2021-11-11,"$6,424.67",hu,8e:96:4a:1f:0e:e3,2017-08-31T16:19:32,85.605086,41.614711
89,09:29:59,Rosestad,Bermuda,db-30.pearson-gilbert.co.uk,quasi.csv,1995-04-08,$15.68,ak,4a:d8:ef:7d:0c:09,1991-07-14T06:08:37,60.927480,14.511535
3,07:19:29,Leahmouth,Holy See (Vatican City State),db-68.tucker-morris.com,unde.png,1991-01-12,$739.27,dv,79:e3:b2:51:38:0d,1971-04-30T16:22:51,-118.694253,48.328294
1549,07:07:34,Bakerland,Greenland,db-20.skinner.com,ab.wav,2004-04-16,$6.28,om,04:2c:c7:4b:49:08,2015-06-05T20:28:43,63.683543,-40.9127105
4887,03:56:44,Louisechester,Ghana,db-41.moore.co.uk,dolorem.js,2015-03-27,$160.12,mhr,7c:e9:42:62:78:48,1972-05-01T07:42:08,-156.485065,-29.488142
58,10:23:41,Emilyland,Cote d'Ivoire,email-81.pope.com,corrupti.flac,1982-05-29,$10.72,sq,e0:09:94:89:60:0a,1970-11-23T00:27:52,136.182551,-58.270762
5367,04:43:01,West Gavinhaven,Saint Helena,srv-59.gregory-chan.org,id.html,2020-06-16,$145.32,so,6a:c7:aa:23:71:d2,1986-04-17T12:25:18,-122.992862,39.5996135
0,22:02:18,East Damien,Albania,web-98.hall-power.info,minima.mov,2000-02-28,$55.40,nds,d4:0a:94:88:1e:f5,2006-06-06T19:39:46,130.917835,87.4106545
2899750,13:31:12,Port Hannahshire,Botswana,laptop-87.preston.com,ullam.png,1992-10-29,"$1,476.59",ayc,88:e0:c0:5d:01:e0,2007-10-15T10:54:22,141.325573,-59.188048
89463,04:02:45,New Abbie,Timor-Leste,email-78.holmes.info,error.avi,2019-07-27,"$17,369.08",sl,36:1e:60:7a:af:fd,1974-02-01T11:26:51,4.977172,46.7459015
478,06:07:31,Foxhaven,Liechtenstein,laptop-32.simpson-ahmed.info,consequatur.mp4,1996-06-19,$64.32,as,53:25:91:21:9a:b2,2020-01-01T23:27:54,26.460431,-29.396468
111672009,05:55:48,South Ben,China,email-08.johnson.com,enim.json,2019-06-04,"$4,571.20",fi,3c:71:83:a9:38:05,1978-11-29T09:48:14,-147.371318,48.552678
2987000,03:33:18,Aimeeside,Algeria,srv-97.williams.com,vel.gif,1990-06-07,"$7,848.10",pt,c0:cf:41:78:b2:57,1972-06-24T06:53:57,176.642985,27.058521
1609,12:40:03,Murphyfort,Ecuador,lt-90.bradley.com,dolorum.flac,1980-04-02,"$95,463.97",so,b2:da:09:f8:bd:0a,1978-12-03T09:08:51,30.806616,-34.2800265
667,03:02:37,Judithshire,British Indian Ocean Territory (Chagos Archipelago),lt-83.lee.com,voluptate.gif,2011-09-22,$64.72,be,28:49:62:18:fb:de,1983-10-18T05:27:28,125.394792,77.1550265
965,00:58:20,Denisport,Iceland,web-82.naylor-williams.org,nostrum.odt,1973-04-26,$1.88,om,1e:ac:b6:f2:c6:e4,2009-01-01T17:05:03,101.157147,73.595441
67176715,00:45:33,South Laurenmouth,Switzerland,srv-57.rogers-davies.com,voluptatibus.ods,2019-08-26,$13.85,ff,a0:4f:b5:91:bc:56,1997-11-09T16:43:50,-173.689041,-13.1273235
5436,14:53:16,Kimland,Aruba,email-30.davis-james.co.uk,saepe.ods,2017-03-22,$19.01,ar,37:1d:be:d0:6d:6e,2003-09-13T03:23:45,0.316099,-84.3802775
1032949,21:40:34,Glennview,Guyana,web-02.bradley.com,incidunt.jpeg,1993-01-30,$4.03,hsb,87:6f:47:9f:66:68,1998-05-05T12:51:30,-116.603065,47.7477515
5,00:13:50,South Graemeton,French Guiana,laptop-01.bowen.com,animi.pptx,1992-05-05,$330.60,fil,db:74:ca:78:f2:eb,2014-12-04T18:46:38,-22.480900,31.1676995
239330,05:06:14,Port Robertport,Uganda,lt-37.dawson-thomas.com,voluptatem.flac,1990-11-29,"$6,961.95",ht,a7:fd:39:6f:48:ce,1970-08-18T08:34:25,179.912310,7.6785055
5,16:06:47,Natashaview,Guam,web-00.oconnor.com,repellendus.numbers,2018-05-18,$67.87,apn,09:be:f8:ba:a8:73,1992-12-18T03:34:12,-166.389009,-68.718580
29941254,22:38:17,South Tinafurt,Sri Lanka,desktop-76.jones-saunders.com,quisquam.xls,2019-12-27,"$7,198.78",pap,63:8c:37:6d:9b:65,1980-02-04T09:48:10,28.237283,-84.5620445
3130362,11:47:42,Royview,French Southern Territories,srv-25.wright.com,iure.tiff,1973-09-29,"$41,097.46",ps,fa:29:7c:cb:6a:16,2003-04-28T00:28:05,-167.131653,-88.735452
97,07:24:47,Port Dennis,Slovakia (Slovak Republic),laptop-98.john.org,voluptas.mov,1996-01-08,"$81,757.97",wo,67:b5:ba:73:ca:dc,1991-10-12T05:12:09,-98.300820,28.1024465
85173,06:47:24,East Ashley,Guam,srv-97.thomas.biz,at.json,1996-01-24,"$7,985.55",es,88:c5:57:8e:3b:19,2004-09-22T05:20:24,-53.240586,-37.8844055
2,13:48:54,South Jamesside,Bangladesh,desktop-41.robinson.com,iste.pdf,2021-02-05,"$95,893.55",sat,02:eb:bb:16:30:09,2006-10-19T16:47:16,-98.805631,-79.788177
37238,15:16:35,North Allan,San Marino,srv-48.quinn.info,quaerat.xlsx,2015-10-18,$983.47,fi,64:87:69:67:eb:51,2013-07-25T11:50:20,-179.349454,-29.933359
4,15:21:14,Lake Amy,Norway,web-20.mills.com,sit.css,1992-09-15,$50.84,ga,bb:ee:73:42:1b:9d,2001-06-23T11:44:43,53.539521,-16.1520155
22,01:09:04,Boothstad,Armenia,desktop-96.richards.co.uk,placeat.json,1972-12-22,$211.96,ve,45:a1:2a:33:c2:bf,2003-03-16T18:01:42,156.863983,9.066713
2672,07:27:54,Yvonneport,France,desktop-11.morgan.org,quis.txt,1987-08-17,$2.53,hr,51:37:f2:17:06:f0,1974-05-06T09:30:11,-33.324486,41.080236
8030696,13:10:44,Raymondbury,Dominican Republic,srv-76.smith-field.info,voluptatum.mp4,1987-01-10,$30.46,bhb,89:13:b2:58:c0:96,1974-03-16T05:02:41,-60.509724,-70.9205765
1247107,17:52:38,Websterport,Jordan,web-40.duffy-simpson.com,in.jpg,2004-12-30,$9.80,ga,1d:63:30:ca:b8:4d,2004-11-19T14:45:51,164.294321,21.8988275
9506,10:39:22,Evansbury,Papua New Guinea,laptop-92.elliott-armstrong.co.uk,amet.json,1996-11-10,$508.08,th,c2:ae:9a:29:64:66,2015-08-05T12:26:55,150.558026,-28.4016615
67,04:37:51,Aliceshire,Bahrain,laptop-87.ward-sutton.com,illo.mov,2000-06-06,"$38,704.65",fo,4c:61:f9:08:6f:5b,2012-01-29T10:18:08,53.895744,-54.5812765
8842,12:56:10,Janeburgh,Tunisia,lt-36.white.com,atque.js,2001-10-09,"$6,759.89",it,86:31:f2:22:d5:89,2014-12-16T16:48:29,-25.530912,-4.749644
8981,18:57:50,North Keith,Guam,lt-28.white-russell.org,quam.bmp,2005-02-17,"$1,664.29",fa,49:79:02:8b:6c:c9,2010-08-23T12:17:26,129.433837,-74.798802
604374148,00:57:55,Hopestad,Mali,email-15.taylor-parry.com,quasi.json,1976-05-09,$724.45,ky,21:39:82:26:6a:21,2022-08-20T18:24:09,-1.131139,26.4411905
32908153,01:04:00,Lucasbury,Heard Island and McDonald Islands,desktop-67.smith.com,nisi.flac,2005-06-10,$61.52,dz,9f:f5:46:12:35:d9,1977-05-16T04:58:57,-124.213054,68.5121145
30,02:31:42,Port Julia,Moldova,web-62.allen-dixon.net,reprehenderit.mp4,1985-03-01,"$45,375.27",lij,a9:23:0f:1d:34:df,1975-05-24T04:51:32,42.704642,-17.1798525
50856869,23:14:36,Jeanberg,Kenya,lt-90.oconnor.net,alias.mov,2002-10-16,$6.61,lzh,d2:12:3f:8d:5d:d4,1996-12-25T02:21:43,34.882268,39.6181615
29779,09:47:50,South Ben,Lao People's Democratic Republic,desktop-35.patel.net,est.pdf,1978-09-07,$613.40,hne,36:09:49:b3:0c:25,2006-05-19T11:55:43,113.574116,-41.3506715
15,03:15:03,Parkinsonville,North Macedonia,db-46.king.co.uk,possimus.mp4,2005-12-11,"$47,765.47",dz,36:9f:58:f0:10:8d,1996-11-06T06:22:48,102.111964,-5.842755
51741,04:55:18,North Shannon,Cyprus,email-83.murray-stephenson.com,ad.json,1987-08-28,$36.66,mt,94:9f:b5:0e:82:2b,2001-01-25T05:11:26,-37.799948,-89.089487
84630,01:23:09,Nolanmouth,Jordan,desktop-90.bartlett-gibbs.biz,quis.txt,1997-09-07,$652.79,te,2c:c2:7a:83:c9:59,1999-08-20T14:20:34,-107.644769,-60.5019925
601686,11:20:52,Hicksberg,Cuba,lt-37.butcher-gibson.com,est.odt,2009-03-03,"$16,529.65",li,c7:83:d6:6e:d5:28,2013-04-14T01:12:55,166.438535,10.7191735
1,11:33:57,South Molly,Trinidad and Tobago,email-67.cole-allan.info,ab.jpeg,2023-04-10,$8.95,zh,95:47:aa:58:8d:d4,1980-09-19T16:01:39,-140.530385,88.961083
21904,10:12:14,Lake Julianview,Saint Martin,web-81.roberts.info,dolor.js,1992-06-24,$51.38,mag,66:c7:95:fb:79:87,1993-12-03T03:16:22,146.871439,82.3909835
16355,22:02:09,New Paulatown,Antigua and Barbuda,email-43.humphreys.com,ea.jpg,2023-09-13,"$6,345.40",sat,89:33:d3:5c:50:a6,1994-12-02T02:44:06,115.234510,30.6630565
4,16:25:20,North Anne,Tanzania,desktop-87.hussain-taylor.com,officia.mov,1983-06-29,"$19,857.58",the,1b:06:6c:7e:34:0b,1975-02-06T05:58:42,-69.226912,-42.526823
7597647,09:08:49,West Rachael,United States of America,laptop-82.blackburn-buckley.net,deleniti.csv,1998-02-08,"$8,755.27",ru,36:90:94:a2:e9:08,1980-10-19T09:45:45,4.554878,73.4243415
6153,10:09:12,Lake Adamshire,Tanzania,srv-10.sykes.info,eius.css,1977-12-24,"$39,323.88",iw,0d:2d:3f:aa:5a:bc,1990-06-01T00:26:12,65.275980,32.419930
57070756,14:38:04,Carlhaven,Senegal,laptop-05.patterson.com,culpa.bmp,1988-07-13,"$9,647.56",mi,28:94:40:a4:aa:cb,1990-11-28T22:01:35,-84.306878,-28.788402
36029,11:59:07,Marshmouth,Maldives,db-55.blake.com,a.bmp,2008-12-15,$65.96,tn,72:1e:d4:f4:7c:41,2012-10-22T09:39:50,142.883836,27.9340025
6,10:49:18,Stevensmouth,Belgium,srv-86.smith.com,consequuntur.docx,1985-03-09,$85.79,oc,ba:71:d2:2f:2e:27,2008-06-10T00:02:55,164.770967,23.0221525
2718,01:13:12,New Rhys,Tuvalu,email-58.dunn.com,provident.pdf,2020-03-03,"$4,338.68",ig,b9:00:db:de:bf:8c,2015-05-15T01:09:47,88.064999,20.0814165
728,16:52:58,Bethanyland,Christmas Island,laptop-56.lewis.net,nisi.bmp,1999-07-18,$97.40,cy,45:c7:83:15:43:14,1988-10-27T12:11:52,94.336611,54.422484
4086,06:37:01,Lake Kathryn,Costa Rica,email-57.collins.com,accusamus.css,2006-07-01,"$41,203.82",unm,e8:b2:d3:2a:62:c5,1985-02-03T17:25:16,-160.628902,-58.6488545
53,14:19:03,Lake Jasonstad,Kenya,email-85.gregory.biz,quo.flac,2008-03-05,$24.73,csb,11:fa:10:6b:b6:6c,2023-04-24T10:14:38,90.440913,9.883467
1,04:57:59,North Dale,Portugal,web-29.carr.co.uk,omnis.mp3,1979-04-30,"$4,215.27",tcy,84:28:14:84:76:cf,1989-10-19T11:18:44,152.896507,67.155200
59,23:34:06,Karlmouth,Madagascar,lt-51.james.biz,quisquam.flac,1991-06-18,$385.05,iw,36:01:21:e1:b7:c9,1971-12-02T00:33:49,-77.148468,-67.7022035
2153,10:59:49,West Donaldside,Solomon Islands,desktop-34.manning-cook.info,sit.doc,1998-12-28,$57.09,ber,55:90:73:83:fa:b2,2009-11-11T01:36:17,91.967665,-80.566262
1543973,08:33:40,Francescastad,Germany,laptop-33.murray.com,laboriosam.json,2020-08-31,"$4,656.13",km,a8:04:db:ff:9b:c7,1970-05-09T05:55:05,-82.931713,34.1965405
55475255,13:01:10,West Nicola,Cyprus,srv-63.davis-bates.com,molestiae.pptx,2007-12-08,$19.40,ro,40:74:6e:e8:81:d5,1997-10-05T01:54:39,128.099320,-64.5655545
7975,05:23:04,North Amandaberg,United States Minor Outlying Islands,lt-80.manning.co.uk,inventore.mov,2016-11-30,$2.39,ar,a8:8d:d2:0c:8c:f2,2007-04-08T21:53:39,-161.092727,-18.023882
89,09:19:41,Lake Rachael,Burundi,lt-42.harris-field.com,voluptatum.html,2006-06-21,$4.97,mn,9c:3d:6d:50:a5:d3,1972-07-21T08:32:14,76.223862,-1.8904535
7840551,22:21:59,Turnerland,Croatia,laptop-39.baker.com,cupiditate.js,2011-08-20,"$63,244.81",mag,76:d0:c1:ec:6a:db,2013-11-11T15:08:40,77.694868,-17.954448
339107,08:58:17,South Amberville,Nepal,email-56.williams.com,quo.json,1995-06-25,$6.18,om,45:68:3f:16:f2:27,2014-01-30T01:15:21,-159.971506,66.557191
28382,15:52:55,Westborough,Oman,desktop-62.holland.com,deserunt.wav,1971-05-31,$2.35,hu,80:58:8a:71:1b:85,1975-07-05T09:04:36,36.876657,-77.5938385
2724615,19:59:10,Port Sylviaberg,United Kingdom,email-31.whittaker.com,repellat.mp3,1981-08-18,"$48,175.19",eu,5d:2b:1a:e1:32:28,2014-10-27T07:11:17,5.366971,-53.6246695
919735069,04:12:13,South Amandaton,Ecuador,srv-45.mccarthy-cunningham.net,sed.mp4,1978-04-29,$0.88,br,ba:c3:23:24:53:4e,2014-10-11T10:06:25,-48.894440,-50.266533
35164,17:26:12,South Glenn,Macao,web-41.cooper.info,fugit.html,1999-06-10,$40.82,rw,6a:01:9d:92:a5:c8,2023-01-19T03:41:02,-44.030742,75.2868205
733,07:00:23,Terencefurt,Belize,lt-81.brown-gardner.org,fugit.json,1978-12-29,"$7,895.29",lg,2a:10:17:cd:4d:f3,2008-07-06T01:35:53,-104.466343,-3.252825
51252,20:07:38,Amytown,Bahrain,web-14.knight.com,nostrum.jpeg,2010-02-11,$5.39,pl,2e:83:51:15:82:22,1985-01-01T07:37:23,-45.368737,-81.9751995
971594,08:20:40,East Stacey,Germany,web-44.hopkins-white.co.uk,earum.bmp,2002-03-07,"$58,348.50",nan,aa:be:94:cb:7e:fc,1996-07-19T03:40:28,-48.251361,-37.6123235
278,00:42:09,Irenefurt,Colombia,desktop-08.ford-taylor.co.uk,quos.html,1985-04-17,$63.19,sid,8f:c2:05:27:90:10,1987-04-05T12:03:33,157.536480,-2.706123
1,23:03:46,Nixontown,Yemen,email-39.hussain-ball.biz,corrupti.pdf,1979-02-12,"$95,618.95",nso,45:86:86:9d:fc:96,1990-05-02T16:30:51,178.176720,-64.0058435
2,19:27:42,Mariaberg,United Arab Emirates,laptop-49.martin-ryan.info,magni.webm,2002-12-12,$29.18,bem,6c:9d:17:b2:78:bc,1973-11-22T05:36:50,2.248105,-48.6259615
33246,06:30:39,West Sharon,Latvia,db-94.bailey.com,unde.css,1974-12-05,$55.31,ht,d5:bd:c5:38:0e:31,1986-04-26T02:23:16,-121.515874,61.896927
8,05:23:44,Martinton,Montserrat,desktop-05.edwards-quinn.com,saepe.tiff,1997-07-13,$28.07,it,54:5f:3e:51:20:0a,2013-10-22T06:56:47,-163.233229,-78.4505305
2570,05:33:04,Lake Jacobfurt,Bulgaria,srv-77.smith-woods.biz,temporibus.jpg,1975-09-27,"$4,604.58",lij,f3:2b:3a:5e:6c:9c,1996-11-19T01:40:11,-45.270297,56.5580885
12990285,00:49:48,Clairefurt,Saint Vincent and the Grenadines,web-08.miller.com,cum.jpeg,2022-03-26,$7.82,shs,d9:fa:91:aa:6e:5a,2010-02-18T10:49:07,-165.522972,-37.819716
58933,21:24:08,Michaelburgh,Gambia,web-48.hurst.com,ut.jpg,2005-04-21,"$52,877.38",fur,f8:6e:35:dc:94:b6,1999-03-27T23:25:16,-60.078066,0.947053
21741,12:32:08,New Stewartside,Hungary,desktop-90.hughes.com,velit.jpeg,2007-05-04,"$6,149.11",uk,29:ec:9d:21:64:ee,2010-07-24T14:41:06,0.675037,-65.860924
446849,00:47:42,Lake Jeanbury,Greece,email-80.marsh.com,iste.mp3,1974-02-11,"$8,426.08",he,9a:df:b4:a5:2f:03,2007-12-31T19:58:34,131.249947,-15.4171795
998089,05:53:16,Lake Gemma,Peru,db-91.jackson.biz,ut.doc,1990-07-19,$212.92,ast,01:4b:a4:98:9b:d8,2006-09-11T17:30:07,62.748481,-6.705488
2702,14:30:47,Donnaport,Saudi Arabia,desktop-30.brown-robinson.com,enim.html,2020-02-25,"$5,346.60",sq,ae:c7:1b:3d:28:5c,2016-05-03T03:23:23,165.227505,85.6529415
31,04:23:30,New Bernard,Lithuania,desktop-14.whitehead.com,veritatis.webm,2005-03-29,$735.92,tt,6f:cd:02:f3:fc:43,1993-10-21T04:02:57,54.394124,-77.9464165
52,15:40:18,East Alexander,Mali,lt-86.davies.org,veniam.gif,2018-12-22,$3.33,li,a2:a6:95:8f:c2:1d,1982-10-20T00:29:41,-147.024245,-69.9096385
24,05:29:35,Quinnland,Cayman Islands,db-60.walker.com,nihil.tiff,1989-10-21,"$71,626.00",unm,87:8a:f2:40:ea:b9,1977-04-11T06:03:44,-110.587033,-12.6071895
5428,23:28:29,New Frank,Saint Martin,lt-64.brown.biz,voluptates.bmp,1970-11-18,$98.99,ms,b7:14:d6:8d:af:0c,2017-09-28T13:06:22,-84.117618,68.7202535
815,02:41:01,North Stephaniehaven,Pitcairn Islands,web-40.henderson.net,molestias.csv,1971-03-18,"$2,354.48",ff,7b:b3:64:d8:f9:6e,1988-11-09T22:46:58,-134.307000,52.369943
7,06:34:41,Hannahton,Chad,lt-01.austin-green.co.uk,sequi.wav,1979-05-24,$9.00,ne,5e:d1:9b:00:7b:d5,2011-08-17T12:27:54,45.681163,5.8083905
39,19:46:33,West Donaldstad,Cameroon,web-80.willis.com,accusantium.pptx,2018-12-17,$8.37,apn,c4:fc:25:8b:49:f4,1975-06-20T01:55:35,98.140336,45.405632
566,06:10:19,Boothchester,Brazil,laptop-33.cooke.com,aperiam.txt,2019-07-31,$480.04,pa,ce:9a:0f:83:32:6d,2001-06-17T02:12:46,-50.117318,-15.4089735
869485280,16:26:09,Kevinbury,Niue,srv-77.cook.com,eius.mp4,2011-04-15,"$5,544.69",gu,83:b4:5e:90:fe:ef,1980-09-14T09:30:16,-143.881912,25.6855725
6271036,06:39:45,West Timothyside,Czech Republic,laptop-19.brooks.org,tempora.json,2011-11-18,$17.25,sa,70:98:1b:a6:87:5a,2006-10-25T13:16:29,20.257718,-71.0118425
0,22:35:25,Susanland,Bangladesh,desktop-09.ellis-kemp.net,molestias.json,1974-10-27,$3.37,fy,6e:5f:13:19:93:5c,2015-04-18T02:44:05,-61.226768,-83.7078625
397389,22:51:10,Marcusstad,Sweden,desktop-23.barrett.com,beatae.png,1983-06-11,$44.60,bs,a3:f2:19:32:ab:62,2001-12-03T16:03:01,-74.223765,-7.697463
4,00:20:06,Hughtown,Zambia,web-37.johnson.com,exercitationem.flac,1982-11-13,"$38,723.24",dz,96:bf:fc:42:6b:78,2015-07-06T04:14:04,89.431720,-49.3747505
678621,00:20:17,West Shane,Bouvet Island (Bouvetoya),lt-33.saunders.net,ducimus.json,2001-12-15,"$5,881.68",doi,37:de:88:ac:16:76,2001-10-11T13:46:06,138.675633,-41.517085
68592,23:31:25,North Hilarychester,Ireland,email-20.anderson.com,voluptates.webm,1972-08-23,$66.39,ka,8c:91:00:42:8c:87,1970-04-30T22:06:46,-29.763185,70.1874555
68,15:16:15,New Thomas,Ukraine,db-37.green.info,corporis.png,2006-07-27,"$5,824.31",fr,48:a5:07:b0:c4:83,2015-07-25T10:18:44,-131.565114,-81.1070315
78,21:34:57,East Francis,Belgium,srv-67.butler.org,magni.txt,1986-01-22,"$90,930.90",is,da:e2:12:e6:e0:b9,2010-05-17T01:33:21,72.778893,45.3232755
61009731,10:54:49,Francescatown,Djibouti,email-18.doyle-cole.com,exercitationem.avi,1980-01-25,$93.44,gl,64:5c:e3:bd:19:6b,1983-11-14T06:43:46,-19.013014,-32.5627065
51378,00:48:52,Lake Philip,Iraq,srv-41.woodward.co.uk,blanditiis.webm,1972-08-12,$1.72,sq,6c:e5:88:e1:8c:61,1972-11-11T04:36:44,5.868348,-34.5998575
71002789,05:23:46,Port Abigailbury,Sierra Leone,web-59.bell.com,odio.json,2001-04-13,$21.22,so,80:50:a0:43:7e:f1,2020-11-12T19:45:43,-48.988951,-28.007715
647,21:48:46,North Catherine,San Marino,email-65.hill.info,delectus.js,1985-09-01,$19.06,so,6a:a5:69:2c:52:14,2011-11-08T04:08:44,-80.357319,-10.6703075
327003,08:13:34,New Kerry,Palau,desktop-25.whitehouse.info,illum.html,1987-02-25,$1.48,el,e0:d8:4a:50:ff:17,1980-11-02T19:15:26,-4.655307,-57.189494
5792202,11:18:22,South Dorothy,Bosnia and Herzegovina,db-36.johnson-goddard.org,numquam.flac,2000-01-12,"$54,540.88",yo,60:ef:76:d0:f3:9d,2019-06-24T02:01:44,-42.578004,-3.0699615
9767,13:25:30,West Nataliemouth,Israel,laptop-13.john-lane.biz,repellendus.pptx,1989-09-14,$972.63,fur,52:64:6a:0b:bc:d2,1996-10-25T02:14:28,-58.412196,71.369612
695,22:52:21,Williamsfort,Saint Martin,laptop-21.pearce-richardson.com,animi.xls,1994-01-17,$81.76,iu,13:71:89:b0:87:6a,1977-11-21T04:13:46,24.700739,-44.9193575
23,05:42:21,Millerborough,Malaysia,web-48.alexander.com,cupiditate.wav,1992-09-23,"$20,917.89",nan,f1:60:88:0e:0c:96,1973-10-02T12:10:00,-164.904018,86.637871
72046065,03:50:27,West Josephineport,Hungary,db-32.hurst.com,ex.mov,1992-05-23,"$95,350.40",hu,42:12:f5:f2:a0:dc,2018-09-03T06:03:34,-165.826957,39.749678
8061,11:07:35,Cooperville,British Indian Ocean Territory (Chagos Archipelago),desktop-35.bradley-edwards.com,alias.mov,2015-08-01,"$14,280.90",kn,84:66:19:3b:a2:bb,1987-08-13T03:35:16,118.917969,-15.0111685
62531,06:31:27,Lawrencetown,Mozambique,desktop-09.holden.info,neque.csv,2002-03-04,$487.90,ia,20:96:0f:80:4f:32,1995-04-29T23:09:22,-72.413973,-72.5210925
299,05:18:31,Port Brianchester,Japan,email-93.bryant-green.biz,animi.docx,1973-03-13,"$9,684.96",eo,3f:b1:65:a7:72:1d,1996-02-23T02:48:48,-74.209121,-29.7302575
36,03:58:21,Port Lynne,Dominica,desktop-88.howarth.com,eveniet.avi,2017-09-26,"$8,112.47",se,96:c6:fa:d9:8b:12,1991-02-25T16:47:10,-29.533208,-80.4117115
75041,02:08:34,Martinport,Guam,email-13.harper-mcdonald.co.uk,sunt.ods,2008-11-07,"$6,363.65",os,7c:d8:db:0c:ea:d9,2000-06-24T23:08:03,18.943794,-10.601647
9037,06:06:47,Lake Leon,Trinidad and Tobago,desktop-41.williams-hart.com,vitae.wav,2017-12-01,"$90,574.41",he,91:a7:3e:dd:14:e9,1984-01-16T07:09:13,-57.483854,87.5772235
72863248,07:03:21,East Frank,Portugal,lt-18.haynes-singh.com,molestias.doc,1979-10-06,"$74,539.56",os,ed:09:0c:83:0d:59,2014-05-01T14:22:03,-45.291422,49.135298
20410,03:30:23,Port Albertport,Puerto Rico,db-65.mccarthy.com,vel.mov,2016-03-22,"$89,102.40",it,2e:ab:33:a9:8c:ad,2011-10-30T12:25:40,-104.247215,-67.806964
6,12:00:38,Rachaelmouth,Malaysia,srv-15.williams.com,labore.png,2002-11-05,"$6,522.10",ce,d1:e4:be:73:6e:24,1989-04-24T09:31:26,-18.245514,-9.754777
9728682,02:21:24,South Geoffrey,Morocco,srv-78.chan.com,rerum.png,1983-08-23,"$92,853.54",nn,e2:fb:48:e3:70:cb,2009-01-20T19:09:44,-99.956305,81.559620
718706,20:30:50,Leemouth,Switzerland,email-17.middleton.info,est.doc,2008-11-27,$5.65,or,26:a5:58:f0:1c:9f,1981-05-01T03:25:47,48.371899,25.2010015
156,23:10:10,Lake Gillian,Chile,lt-51.taylor.net,aspernatur.js,1983-10-23,$827.84,wal,31:7c:58:72:fc:03,2000-07-28T14:25:41,-81.416063,-81.514860
979757931,04:49:06,Pearsonton,Puerto Rico,lt-26.wells-morgan.net,assumenda.avi,1992-06-04,$34.59,my,df:b7:dd:6b:dd:fc,2013-10-14T22:43:27,140.405834,70.811080
46457,03:00:31,Port Bethanytown,Tuvalu,lt-96.tomlinson-hodgson.co.uk,officiis.txt,2018-07-11,$5.54,sd,b7:d2:5b:fb:c7:de,2006-10-24T06:31:58,82.139099,-84.330391
2144,22:43:58,Lake Joelfurt,Samoa,email-10.thomas-dean.com,repellat.webm,2021-07-18,$779.11,xh,29:39:8b:53:74:02,2011-04-12T06:18:58,16.042496,74.727584
285,09:47:10,South Roy,Congo,laptop-10.ward.org,maxime.jpeg,1996-12-02,"$7,865.35",or,eb:d6:58:ab:aa:4e,2002-03-22T13:40:14,-89.364941,-18.034527
3,23:35:00,North Graeme,Djibouti,lt-40.james-graham.com,dolor.wav,2004-03-30,$2.61,zu,b7:ca:51:0f:3f:40,2001-02-09T19:24:57,-142.206929,81.7402405
7,18:59:19,South Bryan,Kyrgyz Republic,desktop-08.berry-davies.com,magnam.mp4,1989-08-19,"$3,739.06",en,8c:6a:41:b3:a1:83,1988-10-01T06:20:21,-68.821222,-89.136515
16953901,23:31:52,North Gemmaborough,Albania,srv-34.andrews.com,cum.gif,2007-09-23,"$4,251.08",li,b3:7c:8a:79:4a:1a,1992-03-14T17:37:17,-113.051102,-65.7179215
76849147,12:01:12,Hannahton,Sudan,desktop-42.webster-king.info,aliquid.html,1982-11-07,$687.11,ro,9a:2a:74:72:25:ea,1998-09-08T03:11:26,-51.049989,50.7330265
4963932,01:51:22,East Laurahaven,Poland,web-56.adams.com,dolor.jpg,1993-03-02,$372.17,iw,51:ba:d3:e9:6c:72,1983-11-24T05:33:23,-136.220932,-7.586854
6878,15:24:46,Smithside,Congo,desktop-41.baker.info,quasi.flac,1988-02-19,"$8,898.53",sv,63:da:5b:aa:b8:17,1977-08-11T02:25:30,88.487115,-75.3043895
426589,02:45:14,Lake Scott,Mexico,web-62.cook.com,assumenda.mp4,2015-10-05,"$9,981.49",cmn,96:e4:ae:ec:c4:ee,1972-05-24T07:50:48,-151.405596,-64.2771355
498246084,10:29:52,New Nicholasbury,Venezuela,laptop-04.cooke.co.uk,quod.html,1970-11-06,"$13,892.57",es,80:65:fa:3e:6a:a7,2010-08-30T14:55:10,-30.743271,10.803299
86140,08:47:07,Lake Josephbury,Cambodia,desktop-47.gilbert-davies.com,nulla.webm,2012-01-27,$12.50,nhn,73:ad:0e:f0:21:d8,2010-09-23T14:45:15,72.275038,45.707298
13,02:02:27,Hopkinsberg,Andorra,db-58.patel.com,asperiores.json,1993-10-29,"$7,558.01",pa,d4:e1:60:fb:ca:a6,2017-07-16T06:15:45,-95.276315,-55.325114
299911618,07:34:23,Mohammadmouth,Bulgaria,db-93.reynolds.com,atque.mov,1984-10-19,$49.38,sr,ec:3d:cd:0c:ac:b4,1983-10-21T16:33:15,85.379351,-35.6140625
30,09:36:32,Dawnberg,Nicaragua,lt-70.dixon.co.uk,dolores.json,2020-08-15,$60.20,mg,75:bf:9e:88:37:43,1977-04-19T10:40:06,-36.861928,-19.823954
96725,07:34:52,Port Rosemaryland,Burundi,db-99.miller-jackson.biz,fugiat.tiff,2022-04-16,"$82,775.96",az,7f:27:d4:e7:e2:53,2020-07-03T17:24:48,129.198430,19.2580505
903,11:13:48,Smithview,Macao,desktop-59.martin.com,molestiae.html,1971-10-30,"$5,702.82",lij,2f:79:57:3f:ba:30,2015-12-27T03:18:23,1.665175,29.322074
24,21:01:10,Lindafort,Norway,db-97.johnson-jones.org,veritatis.mp4,1980-02-12,$118.75,ce,e9:75:93:ed:95:5a,1973-07-16T03:18:54,-39.124621,71.0208225
728,17:18:13,New Teresa,Kazakhstan,desktop-03.marsh-gregory.biz,distinctio.tiff,2003-01-06,"$2,517.14",nl,66:12:9c:7a:b6:72,2018-07-18T23:33:20,-169.657378,56.196288
8691182,18:36:03,South Kennethfort,Puerto Rico,db-35.morgan-odonnell.biz,atque.json,1992-02-12,$41.92,nds,8e:29:66:d7:23:d9,1974-08-10T12:13:24,85.297370,51.5746785
610,16:21:26,Powelltown,Tunisia,db-77.marsden.org,veniam.ppt,2013-09-21,"$7,208.17",kok,e6:f7:1b:1d:20:bc,1988-11-05T20:17:42,-103.309739,-82.902727
36862081,15:51:10,Elliotmouth,Saint Pierre and Miquelon,srv-72.collier.com,ipsum.wav,2011-09-30,"$7,119.61",mr,64:34:c5:3d:59:bb,2009-05-08T23:37:47,-10.656063,32.8617925
1128995,15:23:07,Port Toby,Brunei Darussalam,email-05.hardy.co.uk,consectetur.txt,1977-09-30,$5.54,mhr,d1:d7:36:68:f1:c9,2004-05-06T07:12:30,-82.450233,79.7875225
354,13:23:06,West Samuelton,Sudan,desktop-30.wells.com,vel.jpeg,1996-10-22,$4.64,unm,5f:55:10:45:53:41,2006-05-09T00:21:04,66.702794,32.821934
1952538,22:15:36,Deanbury,Eritrea,lt-51.kirby-wilson.com,laudantium.jpeg,2009-09-23,"$4,613.81",yi,c3:2b:57:a5:2c:de,1997-08-08T02:01:01,-163.480801,-32.262867
7411102,09:41:32,New Jessicaside,Holy See (Vatican City State),srv-00.mccarthy.com,explicabo.flac,1997-02-15,$721.20,shs,4b:7e:9b:f4:28:d6,1986-12-21T12:39:52,-4.960886,76.499308
654530,16:32:27,Deborahfort,Saint Barthelemy,email-27.ward.net,ducimus.css,1993-04-13,$354.30,mi,1b:2f:76:c6:c3:33,1971-02-09T07:03:06,176.862675,63.2676385
75,22:19:42,Hughesshire,Iran,web-39.jennings.org,corporis.webm,1974-07-31,$52.74,da,c9:a9:be:6b:ab:8e,1972-04-08T02:20:46,-7.662691,-80.642348
234286,21:28:52,Joneshaven,Guadeloupe,laptop-77.jones.com,maxime.txt,1973-02-09,"$61,612.35",mni,96:e1:b7:12:2a:aa,2018-10-28T01:22:54,-42.301907,-88.5687505
32041,10:01:34,South Teresa,Montenegro,db-75.bell.com,soluta.xlsx,1980-11-26,$6.42,se,21:cc:07:02:ab:ca,1974-07-20T15:18:38,-29.300631,32.974563
39909658,06:57:39,South Jasmine,Niue,desktop-98.long.co.uk,amet.html,1993-08-07,"$32,707.52",lg,3e:ee:83:6b:e7:13,2016-10-21T22:07:12,-72.222051,18.1405955
5889,16:03:13,Kennethfurt,Honduras,email-81.whitehouse.com,voluptate.odp,2004-05-11,$286.37,lt,a9:98:38:7e:75:8b,2023-08-16T15:51:02,-112.839371,14.6663035
41,11:28:17,Bradleystad,Qatar,desktop-28.williams-winter.net,deleniti.webm,1975-01-28,"$7,678.94",mhr,a0:9d:10:23:b9:de,1993-07-01T18:29:14,-113.451522,4.353605
6906800,01:08:39,New Lewisview,Bouvet Island (Bouvetoya),desktop-04.smith-obrien.net,numquam.avi,2002-09-07,"$9,073.85",hy,60:12:2e:76:0b:59,1980-10-10T22:09:55,-119.708289,-52.747500
742,22:53:22,Burtonside,Argentina,desktop-48.anderson-lord.com,odit.jpeg,1999-09-20,$8.39,ur,3f:9e:16:e9:df:f8,2008-07-09T17:27:21,27.184015,-1.6429895
464977,15:29:35,Natashafurt,Thailand,lt-10.hughes-jones.com,facilis.js,1984-10-04,$85.66,fy,4b:b7:78:43:c9:2d,1986-07-21T10:56:45,80.653918,-10.374579
2,20:04:56,Woodview,Bhutan,desktop-45.booth.com,dignissimos.csv,2009-09-03,$5.03,ga,50:29:74:75:89:f6,2018-03-30T05:41:40,-175.866885,-3.272800
51378328,04:57:51,East Geoffreyberg,Bulgaria,db-90.collins.net,iusto.css,1991-08-13,$0.57,nhn,c0:a6:5c:30:cc:27,1975-06-15T03:44:28,-27.967265,53.8622335
322,12:36:43,South Sam,Philippines,web-52.doyle.com,expedita.wav,2015-08-01,$96.08,th,79:74:6b:7f:0b:b3,1972-01-04T05:39:17,36.227802,-61.6724455
8310,09:38:57,Lake Pamelachester,Timor-Leste,email-58.murphy-cooper.co.uk,minima.flac,1973-03-04,$94.29,tcy,d5:29:87:77:5f:26,2000-05-12T02:11:02,18.868312,67.863202
9,07:26:01,Hardingmouth,Senegal,web-60.miller-watson.com,repellat.mov,2007-12-06,"$39,766.84",ast,ca:7f:bd:d3:4c:ef,1987-08-14T17:07:17,-120.583055,72.391939
87989,05:56:28,Brucemouth,Japan,laptop-32.hunt.com,veniam.docx,1973-02-20,"$1,482.75",sq,aa:15:a7:d6:7a:51,2000-04-18T17:41:32,-14.996075,32.791283
91,08:15:40,New Diane,Indonesia,email-73.jackson.net,facilis.pages,2015-05-25,$58.85,ber,e8:e0:bb:42:20:1a,1978-10-21T00:12:00,-163.741657,33.6607555
62283,07:00:16,Janetview,Kyrgyz Republic,lt-07.glover.com,velit.js,1974-02-25,$59.44,en,9c:21:0b:47:7a:94,1997-02-09T13:10:10,86.313125,34.6649125
82661,07:07:52,Miahmouth,Venezuela,srv-34.palmer.com,voluptas.odp,2003-09-02,$106.07,ig,74:c9:4f:fa:e1:7d,1988-04-23T19:32:07,14.789444,-64.577368
11026055,22:31:35,New Leslie,Tanzania,laptop-34.smith.co.uk,praesentium.png,2006-10-16,$13.94,doi,01:97:a6:bb:41:de,2023-06-11T12:28:38,-69.248385,-64.8611265
703096,19:26:33,Mitchellstad,Panama,laptop-54.brown.com,est.numbers,2016-01-05,$7.30,cmn,69:ae:59:ec:7f:71,1979-04-03T02:15:34,39.437390,66.187710
22,15:29:21,Lindseyshire,North Macedonia,desktop-28.jarvis.org,sequi.mp3,1981-04-01,"$14,452.54",ps,f8:9d:3a:5b:8b:51,1978-12-27T22:27:44,-81.444582,19.4384355
61984167,03:16:36,Lake Trevorburgh,Saudi Arabia,db-62.chambers.com,hic.mp4,1982-07-18,$39.04,tl,25:57:80:3e:0d:d1,1977-08-23T10:10:23,60.642031,-38.144030
838141805,09:11:43,North Brian,French Guiana,lt-51.hunter.com,exercitationem.pdf,1985-07-23,$36.69,ml,49:46:05:1c:1d:06,1994-04-02T02:59:21,-121.725900,-10.331181
97361365,13:05:46,Gardnerland,Swaziland,email-49.cooper-douglas.info,voluptatibus.pages,1970-04-01,$4.34,ta,a2:47:ec:74:dd:3e,2008-06-07T13:22:26,-51.232217,-57.144840
5792,11:31:48,Meganburgh,Niger,desktop-07.rhodes.com,libero.wav,2021-11-18,$10.99,mn,de:95:d6:6a:dd:fa,1997-12-09T11:59:17,-4.503639,62.0760755
821013,12:05:29,Lawsonton,Pitcairn Islands,desktop-66.taylor.org,quibusdam.mp3,1974-01-05,$4.19,bs,7b:6f:95:a2:5f:fc,1984-06-13T12:36:06,-29.085474,-80.477757
1,03:28:35,Hollymouth,Antarctica (the territory South of 60 deg S),laptop-79.parker-cunningham.com,porro.mov,1971-12-05,$987.60,cmn,28:2d:1e:65:3f:dd,1974-05-24T17:19:09,86.651324,-64.5201265
2640760,14:31:19,Hewittshire,Anguilla,email-80.hawkins.co.uk,qui.csv,1972-01-10,$927.86,sid,86:4d:68:3c:ab:ea,1975-08-05T03:48:04,-4.397494,87.3413545
22178,23:09:27,Port Alicemouth,Ethiopia,lt-62.foster.co.uk,rem.bmp,1994-08-06,"$28,907.62",doi,1a:39:67:3d:13:38,2016-08-24T14:25:58,-76.686440,-12.135060
57107,15:41:37,Joebury,Lithuania,laptop-43.robinson-holloway.org,error.mov,2020-09-28,$2.84,tk,9e:0d:e1:6a:3a:4d,2008-03-28T07:34:11,13.716188,44.301936
3,13:26:20,Martinside,Faroe Islands,web-63.roberts.com,repellendus.tiff,1983-01-04,$9.59,tg,84:e8:94:93:73:1d,1970-07-26T05:56:32,62.503789,73.666704
766922842,13:48:22,Fionaborough,Hong Kong,srv-68.clayton-robertson.biz,occaecati.json,2011-12-05,$2.56,fil,50:3d:94:d6:3a:8b,2008-12-08T05:34:30,-135.194583,2.620793
2633,10:51:35,Dawnshire,Egypt,email-77.humphreys-white.net,recusandae.gif,1993-08-18,"$69,680.04",st,e1:2a:d0:1c:09:a0,1982-03-06T07:16:34,126.390702,-25.8566215
897986563,05:59:47,Daleton,Sudan,laptop-84.simmons-moss.com,perferendis.mp3,1981-09-07,$60.02,nds,55:28:31:5c:51:de,2006-12-16T13:02:54,-145.932846,-46.1176345
68,15:35:52,East Glen,Zimbabwe,laptop-43.butler.co.uk,enim.ods,2008-05-20,"$4,920.45",ff,3e:32:e7:1e:58:bc,1982-03-19T17:00:28,-66.571438,-45.215209
31704,11:46:49,East Danny,Turks and Caicos Islands,srv-83.power.org,fugit.csv,1972-06-15,$57.57,gu,ef:39:76:1a:88:5e,2012-05-04T18:42:42,125.804191,55.3335275
5,16:41:47,South Melaniebury,New Caledonia,laptop-36.stewart-russell.com,reprehenderit.gif,1981-02-08,"$5,276.72",tg,6c:22:5d:80:3b:b9,2021-09-21T13:52:13,161.512362,60.0051755
48,18:42:14,Brownburgh,Luxembourg,db-65.chambers-thompson.com,maiores.pdf,2019-03-15,"$1,595.37",eo,72:2a:14:72:29:b9,2006-07-25T02:35:15,98.701570,-32.0794325
88309,22:12:28,New Elainetown,Guinea-Bissau,laptop-15.lord.org,necessitatibus.mp3,1982-08-30,$24.57,gv,f2:57:03:53:17:df,2017-10-20T14:07:21,98.703100,-19.586506
5,18:08:30,Derekview,Haiti,db-39.bird.com,inventore.flac,1996-11-02,$95.60,or,c6:af:c4:7a:38:78,2009-05-05T04:46:57,30.408925,-8.3423365
917066,19:11:19,Webbfort,Cape Verde,srv-02.hall-whittaker.org,et.avi,2007-01-26,"$4,752.28",fi,04:67:b2:d9:16:87,1995-06-09T03:59:04,-57.448069,77.7394315
2,01:44:03,West Jacobhaven,Cocos (Keeling) Islands,web-83.parker-richardson.info,quibusdam.jpg,1999-07-27,"$41,917.26",an,36:05:39:f9:57:58,2023-08-14T11:39:18,-44.653629,-86.0206895
29054033,10:04:26,South Mandymouth,Yemen,laptop-45.ford-clayton.co.uk,sint.csv,1999-03-21,$624.98,tg,97:4f:d7:99:42:46,2023-08-31T01:10:23,-36.955745,-2.1966885
16,08:54:50,New Conorport,Denmark,laptop-84.fowler.com,facilis.jpg,1977-04-25,$8.41,doi,61:c0:f1:85:56:ca,2007-11-26T11:38:27,123.272851,-5.351177
551279848,08:53:42,Kathrynland,Korea,email-39.stanley.com,id.webm,2011-08-22,"$6,097.41",lo,cb:18:18:f9:7a:12,1989-04-20T17:04:27,-68.588883,-44.974284
542,21:56:58,South Laurenbury,Haiti,db-68.stevenson.net,accusamus.wav,2015-12-11,$7.33,cs,63:8e:11:dc:81:6a,2003-04-15T06:44:58,124.545646,-55.231241
8228518,05:27:04,Chapmantown,Svalbard & Jan Mayen Islands,web-91.harvey.net,veritatis.js,2019-11-30,"$96,866.06",sv,c5:4d:41:62:b5:71,1988-12-13T14:29:13,79.618860,62.412999
29046,17:25:26,Eleanorside,Lithuania,email-65.donnelly-watts.org,voluptate.jpg,1994-09-09,"$47,957.70",aa,a2:be:ce:0b:97:76,1971-07-05T02:40:34,-52.077041,-36.1058165
8113416,09:57:37,West Leonard,Antarctica (the territory South of 60 deg S),email-95.cunningham.com,aperiam.flac,2013-07-25,"$51,940.66",lij,6c:0b:a1:0a:2d:3c,1990-06-23T14:35:32,-133.173033,53.0154035
309,16:44:48,Lake Antonytown,Brazil,email-28.kennedy.org,ipsa.wav,1978-07-30,$369.04,fr,71:1c:9e:94:75:3f,2022-08-23T04:01:03,173.570068,-9.259269
107,19:03:35,Lake Callum,Iceland,desktop-63.phillips.biz,corporis.json,2019-11-29,$82.65,tcy,25:d1:c9:32:50:af,1989-10-02T20:40:30,99.027447,-50.3065275
19574168,09:53:13,Lake Megan,Slovenia,laptop-81.goodwin.org,provident.webm,2014-01-24,"$9,406.65",ast,cd:79:6e:3c:20:79,2001-03-03T10:28:54,79.406157,-46.757025
8740,05:57:39,Sarahborough,Kiribati,desktop-14.walsh-barnes.com,dicta.flac,2009-08-24,"$3,899.25",hne,19:07:9f:e6:c4:84,2006-11-12T04:46:01,18.533865,-62.869897
9463,17:57:28,South Dominicmouth,French Guiana,db-87.roberts-robinson.com,suscipit.mp3,1993-06-16,$1.37,ha,d6:de:73:41:25:44,2010-03-18T12:14:15,-24.333640,-24.4587195
97617443,15:19:21,North Rhysstad,United Arab Emirates,db-83.short.biz,sunt.json,1977-12-31,$0.37,se,07:ca:0a:56:39:e2,1972-08-16T12:39:48,168.103865,-30.5105475
94789237,19:35:56,Lake Jill,Venezuela,email-53.thomas.com,nisi.wav,2012-12-20,"$44,584.54",iu,3e:53:25:a8:66:9d,1991-02-24T11:28:13,-155.429978,-48.517446
3116,05:00:08,Stevensborough,Saint Helena,web-99.morton.com,blanditiis.mp3,1977-07-28,"$8,467.61",aa,95:e6:9e:16:85:2b,1983-03-02T00:28:03,135.964269,30.322524
67541222,14:52:27,Mauricefort,Haiti,srv-64.lynch.com,nostrum.tiff,2002-12-29,"$96,880.92",zu,ed:d8:b4:4f:19:18,1983-05-15T13:34:19,-134.492664,82.400879
2,12:15:04,East Emily,Romania,desktop-59.crawford-hilton.com,vero.avi,1982-12-17,$73.11,dz,bf:3d:ce:5a:ac:3f,1975-07-14T03:44:39,-17.430701,73.3224605
3285032,09:51:11,Scottbury,Comoros,email-27.clayton.com,itaque.css,1972-05-18,"$6,929.75",sv,1c:4a:b6:e0:76:7d,1971-03-19T22:53:22,80.186277,-45.353928
4322,12:01:00,South Gareth,Falkland Islands (Malvinas),email-39.edwards.com,saepe.avi,1971-01-01,$324.78,fr,ab:a7:31:9f:d4:85,1992-07-18T08:39:53,-157.120253,-73.7479515
18595521,02:44:53,Port Jeremy,Cayman Islands,laptop-93.welch.com,laborum.key,1990-06-25,$85.81,li,ab:0c:68:2c:c8:27,1986-01-03T00:16:25,30.449229,11.8375785
5750,13:15:34,Jeanside,Kenya,desktop-95.bird.info,exercitationem.doc,2012-05-18,$64.74,ckb,a3:e5:5d:db:d2:46,2012-06-19T10:33:42,17.397033,20.310753
28246652,12:57:07,Lake Mauriceport,Uganda,email-03.baker.com,molestiae.docx,2006-10-14,"$9,058.58",sa,41:ef:70:2e:b4:fb,1998-11-10T09:10:05,-6.745116,16.099924
8278094,12:55:03,Leonardberg,France,email-85.patel-wells.com,quisquam.txt,2009-02-23,"$8,236.02",wae,f5:08:ad:c8:b9:06,2001-01-28T23:24:55,-115.368656,78.793292
6,23:53:39,Frankchester,United States Minor Outlying Islands,lt-54.johnson.org,nisi.gif,1987-01-02,"$5,435.86",nb,a4:07:be:e2:41:5a,2023-02-16T04:41:24,112.603731,-28.2814435
0,12:37:20,East Katyton,Germany,email-03.evans.info,eligendi.mov,1970-11-15,$418.17,ku,82:2f:e1:a9:46:d0,2009-03-06T18:21:44,-56.476137,12.2554135
5537,19:46:14,New Kate,Myanmar,email-78.curtis-sharpe.com,non.ods,1970-03-22,$693.08,nl,d8:e1:29:bf:14:a1,1978-06-09T01:10:07,-59.054309,17.091964
611850013,08:06:35,West Amelia,Kazakhstan,db-70.john-shah.com,est.csv,2016-07-11,"$67,656.94",szl,b9:3e:d1:9f:ab:d8,1984-06-21T00:54:04,54.411606,58.2895915
31,00:02:43,New Carl,Cape Verde,email-90.smith.com,dolores.flac,2016-03-09,$9.74,bhb,4b:24:d8:a6:f0:2d,2009-04-18T20:54:26,-33.536917,13.1021945
433477,13:04:24,Ryanhaven,Palestinian Territory,email-38.booth.info,odit.jpg,2009-03-17,$8.19,it,03:39:66:25:bf:b5,1984-05-23T09:37:35,94.915080,23.313904
12189,04:42:23,South Eileen,Hungary,srv-43.stokes-holland.com,sunt.png,2009-04-08,$5.77,apn,2a:6f:29:35:7f:f6,2004-12-22T20:47:44,-179.913682,55.927394
804,05:07:49,Walkerville,Saint Lucia,srv-69.robinson.com,perferendis.mov,1987-03-17,$426.44,vi,03:c1:52:4b:6b:68,2006-05-13T04:48:14,-62.262326,-79.3909715
440,01:34:28,Elaineton,Iran,laptop-58.ross.com,suscipit.mp4,1998-12-30,$33.81,am,62:e6:04:28:3c:e6,1989-10-11T00:09:50,74.782207,-9.4988225
5747770,11:14:40,Lake Anna,Libyan Arab Jamahiriya,desktop-66.connor.com,porro.pdf,1986-09-04,$944.75,bg,50:e2:3c:14:23:96,2015-11-10T08:11:13,-90.157512,-1.7031105
51868431,13:56:52,Mauriceville,Micronesia,lt-95.smith.net,voluptates.gif,2014-10-12,$6.16,unm,c9:10:42:da:db:bd,2013-04-12T09:13:15,14.787784,-36.5325015
1231,05:01:03,East Edwardhaven,Grenada,laptop-83.evans-harrison.com,laboriosam.pages,2015-01-25,$8.70,cs,d5:82:11:a7:19:92,2021-10-23T20:56:40,-71.773763,56.6623735
929676,16:45:48,West Stanleyborough,Finland,db-63.singh.com,aliquid.mov,2017-12-05,"$42,127.75",cmn,1a:44:ff:bb:ed:d3,1981-12-11T10:34:59,170.892075,-70.625311
92,10:43:28,New Gordon,Croatia,srv-18.ward-gray.com,impedit.key,2003-04-22,"$9,645.50",gu,3d:c4:83:dd:f5:75,2020-12-20T12:49:34,-82.485804,-64.557698
