random_number,hostname,iso8601,date,timezone,language_name,bank_country,language_code,file_name,mac_address,pricetag,city,longitude,country,date_time
53540,email-48.akhtar.com,2009-09-11T17:45:31,1979-10-26,America/Guyana,Gujarati,GB,de,occaecati.mov,2c:12:50:34:59:77,"$2,452.08",Taylorshire,-169.423735,Malaysia,1983-09-04 02:30:16
77,web-91.young.com,1997-06-05T14:03:45,2008-05-22,Atlantic/Reykjavik,Latin,GB,hi,architecto.jpg,6e:92:8b:1e:90:98,$5.76,North Georgina,33.245207,Bahrain,1991-07-31 08:58:34
27172,lt-87.turnbull.co.uk,2013-08-25T11:25:13,1974-03-31,Asia/Gaza,Oromo,GB,gd,sunt.mp4,df:9a:80:aa:c2:9b,$994.68,East Pamela,-46.465250,Bhutan,2009-09-11 04:50:59
1,db-74.thorpe-nicholls.com,2019-10-29T06:16:57,2014-07-17,Africa/Harare,Occitan,GB,eu,officiis.mov,73:73:a9:dc:03:dc,"$67,577.57",O'Brienstad,-91.272721,Mayotte,2020-06-11 22:59:51
316,web-97.mckenzie.com,1995-01-17T11:40:35,1986-04-23,Europe/Stockholm,Estonian,GB,ts,sunt.html,6b:84:43:50:8c:2c,$912.14,Hawkinston,2.107692,Grenada,2013-05-20 13:41:09
0,db-65.lawson-smith.net,2001-01-26T17:51:58,1984-04-18,Europe/Rome,Uzbek,GB,bhb,quod.mp3,8c:e7:7e:c8:b3:c0,$65.52,Murrayhaven,98.996155,Syrian Arab Republic,1980-03-15 02:36:42
543428,lt-79.gardiner-jenkins.info,1996-02-19T09:27:43,2019-11-14,Europe/Helsinki,Persian,GB,fy,magnam.webm,d7:55:f0:88:28:aa,$568.46,Louisefurt,-155.378636,Ecuador,1999-08-21 07:55:19
73969833,email-84.faulkner.co.uk,2020-01-14T05:51:20,1977-03-30,Asia/Pyongyang,Greek,GB,de,quisquam.pages,4c:c7:4c:63:cd:81,$84.08,Jonesview,-47.841330,Spain,2020-11-28 08:59:31
105069597,web-75.dixon-morton.com,1975-05-17T12:46:28,1988-02-14,Africa/Monrovia,Tamil,GB,mg,dolor.mp3,84:df:8e:78:d5:ce,$60.75,West Craigmouth,107.405177,Fiji,2022-12-09 15:28:13
879721,laptop-40.john.com,2021-11-30T06:30:13,2020-05-22,America/La_Paz,Nauru,GB,fr,quod.mp4,e1:35:61:e7:e0:1e,"$7,328.06",Conortown,76.775629,Iceland,2000-09-04 15:55:25
48,db-62.jones-evans.com,1983-11-08T20:21:05,2002-06-22,Asia/Bahrain,Tonga,GB,bs,voluptate.js,a2:f0:b1:51:8c:70,$973.03,Juneton,31.496945,Cyprus,1997-01-26 14:30:04
5866,lt-37.barton.info,1977-03-27T21:46:43,2014-10-06,Europe/Vienna,Bambara,GB,ne,velit.avi,02:f1:50:04:d6:52,$4.80,Jamesview,155.535540,Sao Tome and Principe,1984-02-13 05:54:41
549175179,web-83.butler.com,2016-12-16T01:56:10,2014-06-05,America/La_Paz,Arabic,GB,br,illum.wav,e3:25:1a:f0:e5:f8,$174.93,Christophermouth,-67.661910,Fiji,2001-02-03 04:28:12
670,db-68.wood.com,1989-09-12T00:06:41,1981-07-08,Europe/Warsaw,Northern Sami,GB,da,voluptatum.gif,82:a0:fc:a8:88:0e,$88.51,North Deborahchester,2.148509,Niger,2010-03-01 05:56:25
122833381,laptop-52.collins-james.com,1974-01-25T10:19:38,2012-04-10,Africa/Douala,Catalan,GB,sa,quibusdam.mov,e7:af:f4:ee:98:b6,"$42,251.26",Rickyview,-171.182333,Nauru,1979-07-25 01:46:01
23,srv-37.allen.com,2019-11-01T06:37:43,2003-12-22,Asia/Calcutta,Romansh,GB,as,minima.mp4,ba:49:75:52:9d:95,"$41,054.97",West Suzanne,-14.144160,Bouvet Island (Bouvetoya),2008-09-10 10:48:13
827,desktop-92.griffin.com,2009-10-20T09:43:00,1997-09-11,Asia/Karachi,Tigrinya,GB,ka,modi.html,ed:21:16:44:60:12,$7.36,Lake Katie,88.641171,Cote d'Ivoire,2012-09-23 21:57:57
702507,laptop-31.godfrey.biz,2020-03-30T13:08:16,2015-08-25,America/Panama,Sinhala,GB,tig,amet.ppt,56:57:4b:ec:63:97,"$5,446.12",Bartonbury,-154.424601,Bahamas,2007-02-23 16:00:25
673154761,desktop-11.lawrence.com,2022-07-22T14:23:43,1971-01-01,Asia/Calcutta,Esperanto,GB,mk,quos.mp3,14:53:3d:e6:8a:52,$45.68,Robertsland,-7.140704,Portugal,2000-09-29 00:41:02
355,email-54.wilson.com,1991-03-29T14:38:45,2006-02-25,Africa/Windhoek,Avestan,GB,ar,consectetur.doc,5a:af:fc:66:e0:f0,$1.45,Port Julia,73.572034,Russian Federation,1983-06-10 22:07:38
136258,web-07.kemp.com,2018-04-17T11:58:54,1971-10-20,Europe/Malta,Central Khmer,GB,si,dolore.pages,65:7c:39:37:95:8c,"$9,701.61",North Joelberg,-84.401424,Korea,1994-08-16 01:26:59
485018984,srv-86.johnston.biz,2009-06-12T16:37:26,2004-08-27,Africa/Cairo,Fijian,GB,is,ipsa.html,9f:80:fd:73:77:06,$766.47,Maxville,155.657771,Cape Verde,2000-12-28 21:20:41
8701,web-36.murphy.biz,1986-02-21T11:27:21,2020-05-06,America/St_Kitts,Aragonese,GB,hr,deleniti.gif,e0:e1:cd:d1:ad:5c,"$3,471.79",Yvonnechester,93.691303,Andorra,1997-10-06 13:42:56
3,db-99.fleming.info,1972-10-12T13:22:04,1975-04-01,America/Cuiaba,Afrikaans,GB,ga,sunt.key,d4:d4:a6:e4:1d:de,"$3,830.14",Lake Barbara,-100.637701,Jamaica,2021-11-21 22:19:22
19269,db-87.turner.com,2000-02-04T04:21:45,1984-07-18,America/Asuncion,Fulah,GB,ms,quidem.pdf,5c:c2:ec:70:a2:63,$6.83,Lydiaside,-20.977652,Spain,2002-05-01 13:33:21
790980493,desktop-20.briggs-khan.org,1985-07-14T05:26:07,2014-03-07,Pacific/Palau,Sindhi,GB,ia,totam.doc,67:d6:74:d4:45:07,"$7,829.56",Jayburgh,-10.471076,France,2010-09-08 15:02:59
60426,srv-95.brown.net,1998-03-06T20:39:38,1996-12-23,Pacific/Efate,Romanian,GB,tk,fugit.webm,b7:d7:2e:e5:4c:8b,$45.98,Cunninghamfort,32.927912,United States of America,2013-05-28 21:10:13
14977661,lt-29.davis.com,2008-12-30T23:35:27,2014-06-03,Europe/Brussels,Catalan,GB,km,ipsam.json,2a:f0:9f:3c:30:1a,"$9,013.49",Lake Russellmouth,-110.207555,Belgium,1993-02-05 09:42:20
9,laptop-48.miller.co.uk,1981-09-08T22:08:36,2006-04-29,America/Mexico_City,Shona,GB,ia,temporibus.jpeg,17:44:e4:00:c1:7f,$651.85,South Bradley,43.038348,Burundi,1995-02-07 18:06:08
9614694,email-74.smith.biz,2016-06-03T20:40:15,1986-03-28,Europe/Vienna,Igbo,GB,gu,vero.wav,41:9f:14:45:02:fe,"$10,815.95",South Hayleyhaven,175.513202,Congo,1976-06-08 21:50:22
2767924,desktop-50.williams-richardson.com,2003-08-04T21:04:06,2001-03-05,America/Antigua,Haitian,GB,ms,quisquam.avi,f0:29:2a:f8:c2:5c,$8.59,Rosston,-36.017914,United States of America,2022-02-27 05:21:51
3,web-75.king.com,2009-05-07T06:26:20,1982-01-16,America/Antigua,Samoan,GB,my,tempora.mp4,57:01:c5:d4:e8:04,$7.99,Joelbury,-173.092462,Solomon Islands,2013-06-05 04:36:11
6601,email-93.harper.com,1986-02-20T11:51:07,2006-12-21,Indian/Mahe,Kanuri,GB,lt,earum.wav,a0:ac:37:3d:02:f6,"$6,669.92",Lauramouth,-131.557403,Norway,1997-12-27 19:13:03
516,email-72.hill.biz,1997-01-23T00:34:39,2017-06-05,Pacific/Funafuti,Amharic,GB,az,fugit.json,c9:1e:c6:9c:25:ca,"$17,945.61",Gordonborough,131.864038,Macao,1988-01-08 02:12:07
62929,laptop-11.hicks-williams.com,2008-02-17T15:39:56,1980-10-14,Atlantic/Canary,Luxembourgish,GB,sat,ducimus.mp4,1e:84:19:6c:ab:b1,$50.31,Mathewland,69.745794,Belgium,1984-02-07 05:02:28
10,lt-06.dawson-adams.com,2005-02-23T09:52:06,1987-05-07,Africa/Ndjamena,Ganda,GB,uk,dolor.csv,78:02:13:69:29:f3,$81.10,Heatherhaven,156.890515,Lebanon,2014-04-20 22:10:05
866712015,web-75.warner.com,1972-12-14T06:35:57,1988-05-11,Europe/London,Bambara,GB,nhn,distinctio.webm,1b:a2:5e:c1:24:59,$0.12,New Damienland,-52.531933,Saint Pierre and Miquelon,2015-05-29 20:16:52
281735588,email-16.porter.info,1986-04-18T19:04:47,1982-02-13,America/Managua,Church Slavic,GB,ps,nulla.doc,4c:52:fa:25:19:be,$95.64,North Geraldbury,140.133754,Micronesia,1998-12-16 14:47:33
107,laptop-92.kelly.com,2002-03-13T05:29:22,1981-09-10,Asia/Manila,Kirghiz,GB,pt,similique.mp3,73:ce:bc:1f:eb:59,$1.22,North Scottside,151.539488,Gabon,1971-03-29 02:58:15
42,web-59.lambert.com,1978-12-10T22:55:47,1970-10-08,Africa/Kigali,Maltese,GB,wae,omnis.html,d4:b5:76:29:27:62,"$47,920.98",Garrybury,27.967977,Antarctica (the territory South of 60 deg S),2013-09-10 02:11:41
0,laptop-03.cooke-wilson.biz,1971-12-27T04:05:47,2021-07-17,Indian/Mahe,Tonga,GB,fi,recusandae.mp3,9f:94:1e:98:c2:06,$177.28,Kinghaven,-150.559873,Cameroon,1993-10-28 07:22:16
36962,srv-33.barker-foster.com,1995-04-04T03:12:46,2014-12-05,America/Cuiaba,Telugu,GB,bho,iure.gif,ab:d7:ca:15:11:e5,$19.76,East Stephen,47.693877,Argentina,1973-12-28 13:08:34
8144,web-32.charlton-thomas.com,2020-09-26T12:41:06,1993-10-03,America/Tegucigalpa,Kirghiz,GB,sd,reiciendis.webm,54:47:1c:cf:b7:37,"$88,143.56",Marcusmouth,-24.440091,Mozambique,1977-10-17 22:07:10
8547,srv-93.ball-taylor.com,2010-08-28T01:51:39,1988-04-23,America/Guayaquil,Hungarian,GB,niu,atque.xls,9b:40:4c:a6:60:00,"$8,700.22",Jacobbury,-158.561429,Armenia,1988-07-22 21:56:22
96719469,email-20.graham-baker.info,2013-04-02T17:09:52,2009-09-07,Europe/Oslo,Sanskrit,GB,zh,excepturi.csv,cb:54:10:b1:c6:27,"$86,864.10",Robertsberg,-152.072589,Turkey,2008-11-18 18:31:59
1678659,web-83.payne.co.uk,2020-02-23T04:41:17,1973-04-04,Asia/Colombo,Welsh,GB,gez,ullam.jpeg,4f:22:ad:91:ab:8a,"$44,378.81",Chloeburgh,-102.915679,Chile,1986-08-14 18:03:36
617,email-28.cook-jones.net,1998-12-30T00:54:15,2000-12-02,Europe/Sofia,Sardinian,GB,tn,nam.mov,c5:35:4b:aa:f5:51,$5.34,Owenmouth,-6.682624,Yemen,1985-02-12 09:45:59
23292,email-38.smith.com,2016-01-06T17:27:06,1978-11-09,Africa/Ouagadougou,Bislama,GB,so,laudantium.mp4,35:c3:54:3c:32:36,"$8,189.11",Ameliaville,-137.851303,Kuwait,1983-11-26 12:46:44
5581528,laptop-14.curtis.info,1980-06-21T04:10:30,2023-02-09,Africa/Abidjan,Italian,GB,ca,quae.jpg,7a:b5:b7:e6:0c:4f,$8.31,Wilsonberg,39.130509,Japan,1993-03-13 18:01:21
505050,laptop-23.jones.com,1997-10-15T14:43:16,1998-09-06,Africa/Asmera,Sango,GB,hy,accusamus.mov,07:bd:16:5d:aa:c7,$162.78,Jamiemouth,0.645209,Sudan,1975-02-17 15:50:37
47149,web-77.hart.com,1976-11-26T07:56:34,2009-05-20,America/Guatemala,Macedonian,GB,mr,nostrum.mp4,35:a1:c7:16:ef:91,"$63,959.20",Thorntonberg,164.418590,Comoros,2019-04-04 19:28:25
73,lt-90.johnson.biz,1982-11-08T03:51:20,1973-11-20,America/Jamaica,Aragonese,GB,si,maiores.odt,94:c1:d1:3f:28:f6,$2.20,West Francis,-150.376672,Zambia,1993-12-16 07:34:24
6067110,lt-69.myers.com,1982-10-04T05:37:04,1987-09-20,America/Paramaribo,Irish,GB,sa,nobis.odt,1b:43:54:a6:06:91,$10.96,Port Robin,-57.952453,Serbia,2016-10-24 01:36:02
63419644,db-94.fowler.com,2012-06-09T01:45:31,1972-02-17,America/Nassau,Zhuang,GB,ia,error.js,e1:98:bc:8d:fe:b7,"$33,713.70",Millsshire,-177.196961,Monaco,1976-04-04 04:04:19
501100794,srv-99.stewart.org,1999-06-05T08:20:39,1990-12-23,America/Caracas,Walloon,GB,crh,mollitia.jpeg,62:77:e1:f2:96:51,"$2,616.95",East Carole,-16.744662,Indonesia,2003-08-06 20:28:58
8,srv-87.fletcher-shaw.co.uk,2005-05-07T15:27:25,2011-05-23,Indian/Maldives,Breton,GB,it,a.mp4,64:8c:bb:c7:d2:5a,$7.42,Lake Rachel,143.260397,Sierra Leone,2003-02-02 14:30:22
2921,desktop-83.nicholson.com,2003-08-27T23:29:39,2011-06-27,America/Asuncion,Abkhazian,GB,ff,doloribus.odp,f2:15:3b:6c:43:17,$14.78,New Georginatown,162.381349,Reunion,1971-01-01 23:49:55
933,email-90.griffiths-oliver.com,1979-01-15T17:29:39,1989-10-27,Europe/Copenhagen,Swedish,GB,sr,nisi.jpeg,8f:54:0b:35:45:d3,$4.29,North Jason,-129.114884,Zambia,1995-03-01 10:22:28
803435677,lt-90.tomlinson-stephens.org,1975-09-13T10:33:35,1992-09-19,Africa/Nouakchott,Latvian,GB,kk,expedita.webm,53:50:f3:6f:3d:4e,"$83,036.99",Adamshaven,-102.097619,Haiti,1987-10-02 03:11:10
34245945,email-80.thompson.com,2017-08-26T19:30:32,2014-02-06,Asia/Aqtau,Aragonese,GB,se,laboriosam.txt,10:2a:f6:1c:af:82,$76.94,Port Katherine,-17.141599,Ireland,2013-10-11 05:39:45
531115,web-42.baker-kirby.net,1993-08-22T23:21:20,1976-11-16,America/Guyana,Norwegian,GB,si,incidunt.flac,9c:c9:f9:cf:80:65,$509.73,South Katherine,81.779841,Ecuador,1990-06-22 03:49:07
1,web-45.johnson.net,2006-11-26T10:54:31,1980-02-04,America/St_Lucia,Galician,GB,xh,officia.flac,f9:e3:2a:f1:d6:98,"$30,506.13",West Colin,-34.715886,Norway,2006-08-07 23:06:02
71537660,srv-24.stanley.biz,2020-02-17T13:00:55,1987-02-10,Europe/Vaduz,Portuguese,GB,fo,ratione.ppt,5d:42:32:b6:7f:f4,"$9,384.05",Kellymouth,121.042405,Seychelles,2022-10-11 12:22:31
10008,desktop-01.simpson.com,2007-10-03T11:53:06,2001-03-05,Asia/Saigon,Persian,GB,as,accusamus.js,af:55:56:e6:fb:c8,$48.51,Angelafurt,-15.957330,Saint Lucia,1970-03-19 17:17:53
4,web-35.davies.info,2023-03-28T12:05:10,1974-10-26,Africa/Blantyre,Ewe,GB,sat,cupiditate.webm,e9:cb:2e:72:ba:9b,"$11,694.71",West Jack,91.404834,Burkina Faso,1990-01-03 18:59:11
87866270,lt-36.wilson-byrne.com,1999-11-06T20:10:51,1990-03-04,Asia/Rangoon,Fijian,GB,ln,in.csv,bd:d0:7d:b6:21:79,$55.31,Brownland,51.190709,Solomon Islands,2020-12-07 20:46:07
6394962,laptop-98.shaw.org,2016-05-15T00:54:46,1990-01-10,Europe/Andorra,Welsh,GB,tcy,quidem.csv,0e:3d:a3:6a:e7:d2,$333.24,South Carl,110.559040,Uzbekistan,1997-04-22 12:58:14
46442967,laptop-88.mistry.com,2014-02-13T09:21:19,2022-12-04,Europe/Brussels,Chamorro,GB,fo,natus.ppt,ce:80:c6:12:0e:f3,"$4,702.15",Lorrainebury,-173.991525,Mayotte,1998-04-04 19:57:31
98700,laptop-07.north-osullivan.com,1995-08-18T13:34:34,2013-08-14,Asia/Saigon,Vietnamese,GB,bhb,repellendus.pdf,9f:ff:8d:88:96:90,$1.43,Priceside,-35.213970,Grenada,1977-07-25 23:10:36
19062,web-43.smith.com,1973-12-12T06:35:20,1985-01-28,Pacific/Tongatapu,Greek,GB,ar,temporibus.css,35:2c:d3:93:24:f7,"$7,004.62",Lake Melissashire,-155.957996,South Africa,1995-05-15 01:59:04
973,db-81.barker.biz,1989-09-15T23:18:49,1990-03-24,Africa/Casablanca,Turkish,GB,mn,dignissimos.webm,83:ad:0c:37:58:56,$4.48,Hughesborough,-80.082103,Slovakia (Slovak Republic),1985-09-15 08:03:55
87611,web-47.fry.biz,2004-11-24T13:02:24,2000-08-08,Africa/Banjul,Rundi,GB,te,sed.tiff,64:63:2c:10:8c:6d,$76.13,West Frank,88.781527,Wallis and Futuna,1971-01-06 12:03:18
79895,web-40.stanley-jones.com,1990-12-04T11:47:26,1986-03-31,Africa/Libreville,Bihari languages,GB,csb,velit.pdf,c9:2d:80:e1:58:ae,$87.32,Bakerfort,6.848044,Oman,1970-03-07 04:57:20
8779621,srv-21.cross.com,1973-10-16T09:59:08,1984-05-13,Pacific/Tarawa,Kurdish,GB,ayc,enim.png,55:4f:ea:20:ce:ce,"$7,550.09",Port Justinfurt,-172.372513,Morocco,1998-03-01 06:26:09
8,srv-00.khan-miller.com,2008-01-07T02:37:29,1975-03-03,Asia/Bahrain,Hindi,GB,nr,quaerat.webm,b8:e3:1d:3f:77:e6,"$9,196.03",Jonesmouth,172.721519,Eritrea,2007-11-11 09:09:22
14,email-18.godfrey.com,2019-03-06T10:33:11,1977-09-27,Africa/Douala,Bislama,GB,wo,similique.pages,e8:c6:e8:c1:ad:7a,$439.87,Curtiston,-102.547743,Central African Republic,2004-04-30 13:23:24
341,laptop-85.williams.biz,1974-03-04T21:42:32,2005-11-28,America/Argentina/Jujuy,Korean,GB,is,sunt.css,5f:db:ad:3d:b7:95,"$34,130.10",Andersonshire,118.788867,Belgium,2000-04-07 10:21:46
2128739,srv-66.ellis-macdonald.info,1999-05-05T00:14:41,2006-03-28,Asia/Riyadh,Persian,GB,lb,sunt.mp3,72:32:20:86:16:da,$137.30,Port Alexandraside,169.078016,Cambodia,1994-01-26 19:26:14
2,email-76.smith.net,2015-09-22T00:40:19,1985-09-17,Europe/London,Western Frisian,GB,fil,accusantium.mov,d5:cd:6c:df:b2:f2,$3.87,West Cliffordville,40.579557,France,2000-03-02 09:33:39
62,laptop-72.schofield-johnson.co.uk,1994-01-29T20:06:31,1980-02-09,Africa/Lagos,French,GB,is,facere.jpeg,76:60:0f:90:01:4d,$8.50,Barbarahaven,-17.305141,Saint Lucia,1984-01-11 20:51:52
23,lt-56.taylor.net,2002-03-12T08:10:34,1986-07-18,Asia/Jerusalem,Twi,GB,tcy,omnis.json,0e:7c:6b:20:8a:ea,$0.36,Lynneside,129.090710,Vanuatu,1975-06-23 13:26:53
398762,laptop-71.benson.com,1985-01-15T20:31:57,2002-11-07,Europe/Bratislava,Ossetian,GB,ml,vel.odp,01:d2:86:55:1a:81,$44.14,Vanessastad,95.556669,United Kingdom,2014-11-22 16:48:53
1,desktop-55.chambers.info,2002-01-12T11:30:34,1975-09-16,Asia/Dubai,German,GB,niu,placeat.key,b7:60:06:ea:b6:43,"$7,988.59",East Lindafurt,149.511435,Puerto Rico,1980-06-26 16:12:08
91154,web-63.collins.co.uk,1977-04-23T21:14:57,2002-08-09,America/St_Kitts,Polish,GB,wo,laboriosam.flac,4a:f1:1b:02:ff:aa,"$4,520.90",Barnesside,29.493305,Tokelau,1971-11-04 15:53:40
667793043,db-13.sullivan-thomson.com,1970-01-14T19:59:00,1976-11-28,Asia/Dili,Indonesian,GB,hak,delectus.xls,93:e8:39:3e:22:2c,"$74,707.42",Kieranfurt,145.430046,Tajikistan,1998-03-16 21:48:11
458849075,lt-90.bolton.com,2017-04-28T11:22:55,1982-03-27,Europe/San_Marino,Haitian,GB,nb,nam.js,77:1c:53:98:52:2c,"$55,753.07",West Clifford,-80.580983,Monaco,1971-02-06 05:06:18
15,lt-60.kaur.org,1985-10-13T06:58:41,1991-05-12,Africa/Casablanca,Cornish,GB,bho,veritatis.jpeg,12:a8:d2:38:1e:14,$2.55,Lake Hannahville,35.249214,Colombia,2017-06-22 17:16:02
4,desktop-96.lyons.biz,1970-01-09T04:58:32,2022-12-14,America/Santo_Domingo,Chinese,GB,el,quos.avi,46:c4:63:9c:9c:8d,$842.84,Port Joanna,-79.133459,Bahrain,1977-09-21 13:21:14
1519181,db-30.griffiths-williams.com,2009-03-28T12:22:15,1980-01-21,Europe/Monaco,Ossetian,GB,ig,corporis.docx,fe:9b:0d:b1:bc:1c,$27.58,East Daniel,63.032372,Libyan Arab Jamahiriya,1989-03-11 12:24:15
89216165,laptop-63.porter.com,1976-01-28T15:21:17,2001-03-31,Europe/Vilnius,Sinhala,GB,xh,eos.tiff,9d:a0:75:a1:46:aa,"$8,849.31",West Declan,-115.495090,Cocos (Keeling) Islands,2008-06-06 03:58:04
19117914,email-84.sutton.co.uk,1972-01-04T08:19:45,1988-09-25,America/Bogota,Sango,GB,ug,at.gif,a3:4c:b5:57:02:19,$70.28,Hunttown,-131.735289,Japan,1979-10-15 20:16:20
302077,email-43.webster-sharpe.com,1995-01-13T10:33:31,2016-12-29,Asia/Qatar,Armenian,GB,hu,voluptatibus.css,5a:32:fd:61:35:ce,$937.71,Port Gillian,54.773182,Equatorial Guinea,1973-07-15 01:20:37
387604228,db-05.stevens-smith.com,1975-05-23T09:55:17,1989-02-21,Asia/Baku,Irish,GB,en,veritatis.json,ef:6e:f8:35:12:6d,$34.54,East Gracefurt,142.122308,Western Sahara,1977-09-10 20:07:59
57158,laptop-48.robson.com,2001-02-11T18:27:57,1979-08-17,Asia/Aqtobe,Ewe,GB,hr,est.json,0d:22:7a:e9:cb:6d,$36.98,East Lindseyborough,121.585913,Oman,2019-11-06 23:05:58
4372,laptop-55.hussain.biz,1975-09-24T12:50:48,1984-03-14,America/Lima,Chamorro,GB,mt,quam.bmp,ad:0e:a7:11:14:8c,$346.79,South Malcolmstad,-126.664495,Thailand,1991-04-28 20:35:06
4485,srv-54.bennett-davies.com,1987-04-22T07:38:42,2023-02-13,Pacific/Ponape,"Sotho, Southern",GB,so,dolore.jpeg,aa:9a:62:aa:f6:5f,$11.83,Mollyview,179.720554,Palau,2011-04-22 18:24:10
8016376,laptop-30.ryan.org,2011-08-08T21:11:04,1996-09-30,Asia/Brunei,Central Khmer,GB,et,at.bmp,16:81:ff:c4:61:20,$8.05,Philiphaven,-39.867465,Cote d'Ivoire,1988-03-14 17:02:31
7,desktop-35.moran.info,1995-01-21T08:13:27,2008-08-19,Asia/Tashkent,Dzongkha,GB,pa,ea.odp,3e:9e:24:93:63:47,"$37,816.94",Nicholasside,144.203173,Madagascar,1973-07-06 19:56:27
56,desktop-53.watson-cooper.biz,1980-04-01T00:35:53,1971-06-18,Asia/Kabul,Northern Sami,GB,eo,ullam.gif,2d:e8:fb:3a:11:88,$9.75,Robertbury,-71.229461,Western Sahara,1979-03-05 17:23:05
157680,web-50.andrews.org,1996-08-15T12:20:13,2010-03-01,Africa/Ouagadougou,Assamese,GB,wal,repellat.wav,82:f0:28:f2:a5:bc,"$34,166.04",Coopermouth,-159.520605,Japan,1999-09-23 04:08:08
7102150,laptop-73.evans.net,1970-05-20T03:09:35,1999-06-09,Atlantic/Cape_Verde,Tonga,GB,ce,nihil.mp3,2f:26:88:80:61:cf,$215.70,Shahside,124.013398,Germany,1973-10-29 20:20:40
3,desktop-30.thomas.com,1977-01-11T02:20:53,1991-01-04,Europe/Vienna,Shona,GB,et,eaque.txt,ba:58:18:ac:72:f6,$7.30,Janeview,68.539869,Brazil,2006-10-09 20:18:03
26002,web-64.briggs-ross.biz,1989-11-03T05:09:55,1980-10-20,Africa/Addis_Ababa,Herero,GB,ve,consectetur.txt,18:4a:11:a6:cd:76,$758.79,Lake Neilborough,-76.626575,Bouvet Island (Bouvetoya),2011-08-01 16:00:09
8502118,laptop-74.chambers.com,1980-02-29T04:01:30,2008-07-02,Asia/Seoul,Pushto,GB,pap,amet.csv,ab:8f:21:9a:5c:63,$88.63,West Yvonnefort,113.895695,Iran,2022-03-23 09:52:45
5698132,db-67.brown.com,1986-02-16T20:16:48,1972-01-01,Africa/Casablanca,Akan,GB,pa,nobis.js,a7:20:cb:45:c1:a3,$534.77,West Lynnmouth,15.535879,Mauritius,1980-03-15 19:34:41
5939,db-14.godfrey-shepherd.co.uk,1975-11-23T14:22:42,1974-12-05,Europe/Stockholm,Avaric,GB,tt,repellendus.tiff,49:33:c6:37:79:8d,$31.54,Laurenburgh,-162.786094,Mozambique,1994-06-22 18:54:47
38979,srv-51.miles.com,1988-08-10T22:39:51,2010-04-06,Asia/Yerevan,Bengali,GB,hr,perferendis.png,e2:78:29:fe:53:d4,$9.69,Goddardberg,88.762379,Liechtenstein,2007-01-23 22:47:20
64,desktop-98.kirk-brown.info,2004-02-23T20:40:29,2013-09-25,Africa/Kigali,German,GB,ms,ipsam.key,ed:96:be:6c:e8:8e,$80.64,New Sallychester,-56.987645,Guatemala,2001-02-18 06:46:58
262,web-72.davies.com,1995-12-02T07:56:32,1996-05-10,America/Guyana,Albanian,GB,ky,a.csv,fb:e3:90:dd:bf:f3,$463.82,South Abdul,96.079731,Niger,1999-03-10 00:34:15
24,laptop-40.booth-turner.com,2017-03-31T16:33:51,1991-03-22,Asia/Damascus,Lao,GB,nan,a.mp3,64:2a:37:23:8b:76,"$66,425.98",Port Nicholaschester,-5.962187,Burkina Faso,2004-05-28 14:37:47
58803,desktop-29.morris-hall.com,2005-02-24T19:18:19,1994-05-17,America/Tijuana,Cornish,GB,tt,asperiores.flac,73:ce:9a:b7:44:ad,$2.49,Loweville,-52.405027,Dominican Republic,1989-08-02 10:21:32
3065,email-55.wood.com,1973-06-17T22:37:36,2007-02-01,Asia/Dhaka,Avestan,GB,yo,sequi.js,27:4f:5d:b8:95:99,$622.29,Julianton,151.861245,Somalia,1970-08-22 07:37:44
758045,email-97.stevenson-butler.com,2014-08-11T23:51:48,1980-09-20,Africa/Tunis,Sinhala,GB,be,in.mov,56:2f:00:4f:27:ef,$86.01,Port Amandaburgh,-115.569522,Mali,2007-05-05 14:43:14
4882,web-24.nelson.com,2019-10-02T22:38:45,2018-08-24,Asia/Dhaka,Azerbaijani,GB,my,perspiciatis.ppt,35:db:72:c0:62:31,$1.58,Archerton,-66.014956,Belarus,1971-09-06 17:06:41
228,email-57.cooper.com,1981-09-26T22:23:40,1989-04-06,Asia/Brunei,Irish,GB,doi,assumenda.odt,30:b8:4a:21:7b:23,$1.02,Ameliaborough,71.823604,Benin,1990-10-02 12:26:16
36,db-46.frost-barry.co.uk,1982-09-30T16:49:14,1973-02-17,Asia/Jerusalem,French,GB,fr,eligendi.pdf,7e:28:01:bb:85:2f,$136.19,Prestonside,-77.228903,India,2004-08-28 09:57:48
84920,srv-57.scott.com,1998-10-14T07:54:03,1970-09-03,Africa/Tripoli,Maori,GB,gv,mollitia.webm,8f:e9:48:da:dc:77,$9.80,Lake Dianaburgh,2.899369,Zimbabwe,1977-03-11 02:49:00
67825,desktop-94.king.org,1987-02-08T04:20:29,1978-10-29,Australia/Hobart,Swati,GB,fy,maxime.png,14:d9:bb:70:85:49,"$38,220.41",Hollyville,15.893985,Djibouti,1996-10-13 04:24:56
53065918,lt-16.watts.org,2006-10-19T18:07:26,1970-11-07,Asia/Riyadh,Chamorro,GB,nso,facere.gif,e1:55:1e:a3:bf:34,$16.12,Hallland,-147.660585,Saint Pierre and Miquelon,2006-02-18 05:52:17
138288,desktop-06.harris.info,1971-06-21T20:42:25,1984-06-15,Europe/Paris,Chinese,GB,sw,voluptates.avi,42:de:69:a5:83:9d,$9.11,Lewisshire,-62.008971,Belarus,1987-05-23 05:55:03
27,email-02.webb-burns.com,1979-04-04T05:07:08,1989-12-21,Asia/Hebron,Tajik,GB,bn,doloribus.jpeg,3f:8f:5d:c8:c8:4f,"$57,267.15",New Annette,99.373295,Liechtenstein,1979-03-13 10:20:16
2,desktop-51.carr.biz,2020-09-05T11:58:32,2006-04-02,Africa/Freetown,Bulgarian,GB,xh,veritatis.flac,9d:64:be:51:7b:ca,$25.99,South Geoffrey,138.325852,Svalbard & Jan Mayen Islands,2008-09-17 09:49:24
92929,web-00.griffiths.com,1990-03-09T17:01:45,2001-04-29,Africa/Lagos,Mongolian,GB,id,deserunt.pdf,57:a8:04:d7:1c:85,$80.58,Goodwinland,61.624541,Uruguay,2012-05-25 02:47:47
30705,desktop-33.harris-brown.org,1992-11-26T04:02:13,2019-01-17,Africa/Bamako,Shona,GB,ce,minus.mp4,31:a0:f3:7e:a0:fd,"$3,234.45",Frederickfurt,-46.492624,Tanzania,2010-08-22 04:16:31
55156,db-22.henry.com,2022-06-09T12:49:23,1995-05-23,Europe/Ljubljana,Bashkir,GB,gez,maiores.mov,14:7e:14:8f:c6:c0,"$2,646.50",Paigeville,69.135488,Bangladesh,1977-03-30 20:11:34
289355418,srv-15.hooper.com,1999-02-14T10:42:30,1991-12-30,America/Belize,Chichewa,GB,wal,laudantium.txt,ed:5e:e3:95:ea:d4,$9.45,Pottsstad,62.144813,Dominican Republic,1988-03-26 13:19:02
85,desktop-83.smith.com,1972-08-27T15:17:01,1998-03-19,America/Dominica,Serbian,GB,br,sit.gif,98:72:78:92:41:80,$77.84,East Stacey,158.385076,Korea,2011-08-03 05:38:10
4820,web-13.fraser.com,1986-07-16T05:14:54,1975-11-09,Africa/Mogadishu,Russian,GB,hsb,sint.mp3,ed:d1:e6:f5:4c:5f,$438.01,Wilkinsonburgh,-163.872022,Montenegro,2015-02-22 10:25:49
891418682,srv-78.power.com,2022-06-20T15:07:10,2020-08-21,America/Paramaribo,Norwegian Nynorsk,GB,bhb,eos.flac,55:4c:a5:91:40:41,"$9,848.50",West Kate,-110.840280,British Virgin Islands,2006-05-13 05:25:47
950,db-32.hughes.com,1976-07-17T04:11:55,2018-04-28,Africa/Lome,Persian,GB,dv,exercitationem.txt,07:ee:6d:9d:c1:f2,$760.80,Thomasside,-41.513052,Cape Verde,1987-05-01 11:21:27
269606,db-98.wood.info,1994-08-28T16:08:08,1999-05-12,Asia/Jerusalem,Korean,GB,ve,ut.odp,8b:28:83:dc:c5:32,"$8,805.15",New Beverleystad,54.816322,French Southern Territories,2002-03-08 00:56:48
333,email-66.roberts.info,2011-08-23T21:18:43,1980-08-18,America/Caracas,Norwegian,GB,eu,voluptatem.webm,b4:a4:10:94:68:ac,$8.96,North Shannon,-20.935267,Christmas Island,1977-12-16 07:02:51
3597164,db-81.haynes.com,2019-01-05T13:39:02,1982-07-12,Indian/Comoro,Ukrainian,GB,ckb,eligendi.json,1c:d9:74:3c:a8:a5,$75.55,South Melanie,148.144784,Morocco,2007-08-20 13:01:47
2,lt-80.scott.info,1998-11-20T04:42:19,1994-01-08,Pacific/Fiji,Amharic,GB,id,vitae.webm,33:f8:f1:53:05:42,"$63,735.54",Walkerfort,168.892078,Venezuela,2004-04-23 18:41:08
681,laptop-28.noble.co.uk,1992-05-01T06:58:51,2005-12-24,Africa/Dar_es_Salaam,Esperanto,GB,brx,omnis.js,5f:98:1c:b8:f6:ce,$462.96,Smithfurt,24.647920,Cape Verde,1992-09-13 07:55:56
19,srv-56.jackson.biz,1993-01-25T23:29:08,1975-05-13,America/La_Paz,Romansh,GB,sv,fuga.avi,73:68:8b:74:5b:84,"$9,828.18",Port Dawntown,138.554323,Russian Federation,2002-05-20 10:54:58
5610,lt-00.knight.com,1972-07-11T20:45:35,1989-12-26,Asia/Hovd,Serbian,GB,pl,nulla.odp,f1:5d:8f:27:0b:79,"$2,453.05",Port Stevenville,126.007543,Guadeloupe,1977-10-18 21:14:47
38764,srv-58.lewis.net,2004-02-24T20:24:29,2017-06-22,Europe/Podgorica,Bengali,GB,ig,cupiditate.mp3,87:55:ba:93:c6:56,$37.50,Williamsonchester,-93.802818,British Virgin Islands,2003-07-12 04:38:45
349,lt-49.humphries.com,1998-01-29T09:45:30,1981-08-20,Asia/Dili,Church Slavic,GB,so,minima.png,3f:ef:00:b7:5f:a5,$98.96,West Jay,6.902393,Romania,2008-12-05 22:36:32
63089789,email-48.thompson.info,2016-02-28T14:08:36,1971-06-09,Asia/Qatar,Tswana,GB,hu,a.tiff,d6:ae:d3:f8:d2:d5,$5.54,Port Mitchellville,113.835792,Brazil,1976-08-28 14:37:39
976136,desktop-64.bartlett.com,2016-10-08T17:24:40,2019-03-09,Asia/Yerevan,Quechua,GB,bn,sequi.flac,c5:8f:03:0f:40:97,$0.75,West Caroline,116.064516,Sudan,2002-11-26 07:32:40
22518909,web-76.harris.biz,1978-12-06T23:18:56,2007-03-29,Europe/Zurich,German,GB,nso,nobis.avi,d2:02:57:6f:06:36,$653.63,Annettetown,115.224528,Marshall Islands,2014-11-18 00:33:06
41639033,db-18.ryan.com,2019-04-04T08:54:14,1978-01-27,Asia/Singapore,Quechua,GB,bg,quisquam.mp3,3c:2a:66:2c:5e:3d,$136.04,Shirleyside,115.686099,Angola,1989-07-10 19:41:49
879061,desktop-17.newton-harrison.com,1992-08-16T18:28:10,1992-02-16,Europe/Stockholm,Marshallese,GB,sq,perspiciatis.mp3,49:63:8c:29:f2:6f,$5.62,Sheilashire,1.622258,Armenia,1983-09-04 14:32:27
29152079,db-11.turner-walker.com,1995-11-24T03:50:09,2000-10-09,Asia/Seoul,Spanish,GB,lb,odit.bmp,d4:c7:f2:e0:66:34,"$1,660.71",West Lindaport,172.558289,Korea,2009-03-14 23:37:17
99903,srv-73.clarke-lewis.com,1979-05-29T18:22:04,2018-09-07,America/Nassau,Welsh,GB,om,magnam.flac,01:56:f9:5c:4a:3a,$269.44,Victoriafort,-73.292149,Sao Tome and Principe,1976-03-29 08:14:29
559,web-41.wright.com,1998-05-05T21:14:26,2007-06-17,Africa/Johannesburg,Gujarati,GB,sk,mollitia.flac,ff:5a:b6:80:95:23,"$9,477.77",Lake Jakechester,127.237543,Lao People's Democratic Republic,1983-07-27 10:16:15
86074375,db-36.goddard.com,1971-06-26T14:20:59,2015-12-25,Africa/Cairo,Danish,GB,mn,officia.pages,ba:90:ad:91:5d:99,$532.40,West Fionabury,109.017006,Germany,1980-01-19 01:44:15
4,email-98.thompson-bates.biz,1979-04-02T00:59:02,1984-05-14,Indian/Mahe,Lithuanian,GB,my,corporis.webm,d5:3a:5f:b1:bc:da,"$9,230.45",Hazelbury,161.167358,Congo,1986-12-13 11:51:07
44304135,db-81.bowen.com,1997-05-23T22:26:16,2011-07-03,Africa/Malabo,Kongo,GB,wo,non.docx,7b:90:a5:23:46:db,"$4,158.19",O'Sullivanland,-123.088004,Serbia,1977-09-16 23:04:14
28,web-31.gray.org,2007-08-02T01:46:09,1990-03-21,Africa/Johannesburg,Romansh,GB,wo,incidunt.mov,bd:65:84:5b:67:5a,$61.00,Jacobchester,-1.661189,Sweden,2006-06-09 23:27:18
7973714,email-23.jones.com,2011-04-14T00:20:42,1975-07-05,Asia/Baku,Croatian,GB,mai,expedita.jpeg,b7:c6:81:32:b1:d6,"$8,142.25",Meganton,-166.665381,Isle of Man,1971-02-15 16:51:07
8,srv-31.wood.com,1997-10-29T13:14:06,2020-06-01,Europe/Helsinki,Uighur,GB,yi,impedit.webm,38:a7:c0:41:b7:70,$65.92,Royhaven,-161.546556,Saint Barthelemy,2017-12-31 02:16:47
730181,email-86.brown.biz,2017-01-12T02:47:02,1991-05-07,America/Jamaica,Kanuri,GB,iw,magnam.jpg,cf:8b:90:c8:08:27,$44.66,North Lindaport,124.726177,Guinea,1970-12-24 12:13:39
75116338,laptop-70.grant-thompson.co.uk,1975-08-18T22:22:29,2009-09-12,Indian/Mahe,Mongolian,GB,sc,deleniti.jpg,ed:15:96:71:37:85,"$72,479.70",Port Martinshire,-160.784779,Bhutan,2000-07-20 10:47:23
827373300,email-19.holloway.co.uk,1979-10-02T12:36:53,2021-01-03,Europe/Sofia,Norwegian Nynorsk,GB,kk,animi.docx,de:9e:0d:b2:9f:9c,"$7,371.43",New Neilburgh,66.816247,Yemen,1983-12-03 16:53:37
4371901,email-83.phillips.net,2016-11-03T18:31:44,2008-01-19,Africa/Niamey,Navajo,GB,nhn,exercitationem.jpg,36:f8:24:a8:8a:9c,"$32,714.89",Port Grahamland,-10.286895,Ukraine,1998-10-13 07:15:08
58364456,web-30.wright.com,1991-08-04T06:04:58,1975-02-14,America/Bogota,Vietnamese,GB,km,eaque.ods,2e:e8:7d:6a:7b:15,"$8,534.25",Andreafurt,-134.205677,Liberia,2022-03-18 02:07:38
121873,desktop-80.curtis.com,2007-02-04T15:57:02,2011-07-30,Asia/Pontianak,Gaelic,GB,lb,porro.wav,30:20:30:75:3f:e3,"$70,877.71",Port Malcolmshire,14.073230,Singapore,1984-09-20 01:15:40
56956,laptop-29.bennett.com,1986-03-25T09:56:06,2018-03-23,Africa/Libreville,Bashkir,GB,ast,earum.jpeg,21:5b:28:ef:e1:ce,$470.11,South Cheryl,150.377438,San Marino,1992-09-10 12:01:20
714,laptop-70.lawson-richards.com,2004-07-29T00:41:20,1977-12-16,Asia/Magadan,Zhuang,GB,bs,doloremque.mp3,76:ca:a9:14:09:8b,"$5,873.39",Andrewsshire,162.746795,Seychelles,1974-02-16 04:04:33
225883263,laptop-96.rees.org,1977-09-28T04:07:55,1978-04-02,Asia/Baku,German,GB,en,accusamus.jpeg,d2:67:65:90:63:08,$5.87,Lake Richardmouth,146.236169,Mauritania,2009-10-29 11:51:53
783127,db-22.benson.org,1985-01-10T22:18:51,1995-06-05,Africa/Lubumbashi,Somali,GB,ia,non.flac,13:18:3d:a8:54:90,$6.84,East Joannaton,178.754138,Egypt,1992-11-23 11:27:45
997887282,desktop-29.smith.org,2013-10-25T14:55:40,1994-08-28,Africa/Porto-Novo,Oriya,GB,bo,autem.mp3,9c:90:d8:b8:9d:f8,$6.87,South Leahtown,-129.940838,Swaziland,1972-02-23 01:49:50
97,laptop-95.wilson.com,1988-02-08T23:44:41,2019-12-01,Europe/Paris,Thai,GB,gl,assumenda.webm,8a:3a:d2:44:f8:e2,"$67,886.76",West Charlotteside,-134.109797,Albania,1977-06-14 03:30:22
0,web-27.perry-clark.net,1983-12-13T15:02:36,1979-09-16,Asia/Ashgabat,Wolof,GB,dv,perspiciatis.avi,a9:5a:aa:fd:48:28,$2.56,Karlburgh,-35.960306,Netherlands Antilles,1999-10-23 23:17:11
18384,db-50.waters.info,1997-09-27T03:19:36,1974-03-01,Asia/Baghdad,Somali,GB,sk,quo.gif,87:ec:84:fa:2f:5b,"$24,753.62",North Frederickshire,59.134779,Malawi,1973-07-22 18:05:10
513603,email-90.turner.com,1984-08-04T15:07:14,2004-11-15,Africa/Maseru,Bulgarian,GB,eo,facere.txt,53:78:f8:ab:ec:50,$444.99,East Leslie,173.681169,Liberia,1974-11-13 20:52:54
83,email-76.rice.co.uk,1985-07-06T20:51:29,2014-02-13,Africa/Nouakchott,Portuguese,GB,yue,facilis.webm,c9:fb:94:7e:7d:4f,$23.26,West Elaineshire,9.070791,Palestinian Territory,1998-08-05 23:27:13
4288156,web-38.cartwright.com,2001-03-18T21:43:45,1986-12-10,Africa/Kigali,Avaric,GB,hi,ullam.doc,f3:ed:da:83:97:5d,$21.83,Port Stephen,-15.619922,Spain,1997-02-10 03:19:29
452,laptop-47.kelly.biz,1985-11-12T10:59:43,1991-04-05,Europe/Vaduz,Vietnamese,GB,hi,officia.css,05:d5:1e:48:0e:ba,$11.98,Freemanstad,45.950655,Cambodia,1993-01-28 22:46:13
9452291,laptop-52.holmes.com,1982-05-23T17:38:41,1999-04-05,Asia/Kabul,Sinhala,GB,cv,neque.wav,ff:36:ca:0c:ec:03,$348.13,West Neil,-144.729268,Guyana,1985-01-23 08:38:15
38506,db-19.howells.com,2021-05-16T04:34:19,1977-04-11,Europe/Rome,Lao,GB,ur,placeat.mp4,d4:d4:bc:59:ef:7f,"$48,052.41",Patriciaberg,14.889431,Norway,1993-05-30 19:45:17
272,db-95.green.info,1992-02-24T10:48:15,2013-08-11,Asia/Tbilisi,Norwegian Nynorsk,GB,si,voluptate.json,0e:8e:67:2b:61:0a,$672.85,Jeanmouth,-75.326693,Slovenia,1979-12-15 05:41:03
647,email-35.johnson-hunt.org,2007-06-15T19:04:08,2014-03-25,America/Cancun,Icelandic,GB,os,numquam.json,35:ab:25:80:97:9d,$42.95,South Alexville,73.043634,South Georgia and the South Sandwich Islands,2008-07-13 00:43:54
631730812,email-81.lyons-abbott.com,2006-11-24T17:22:22,2007-09-21,Europe/Ljubljana,Oromo,GB,ko,voluptatum.ods,23:15:29:ce:79:c5,$962.53,Lake Lukeville,-3.646735,Moldova,1972-08-13 08:08:33
50064,srv-62.roberts.co.uk,1987-08-13T11:55:36,2000-10-30,Asia/Amman,Swedish,GB,en,fugiat.pages,e0:50:72:4d:82:69,$7.65,New Ann,2.845679,Kenya,1996-05-07 00:58:25
47256,laptop-39.jackson.com,1993-12-06T08:17:04,2019-05-24,Pacific/Palau,Latvian,GB,sa,veritatis.css,d4:6b:46:81:45:93,$2.02,West Jayburgh,39.106137,Martinique,2018-07-30 02:43:30
932,laptop-56.john-riley.org,1987-03-12T16:01:40,1972-04-23,America/Argentina/Ushuaia,Sichuan Yi,GB,om,mollitia.jpeg,13:65:04:8a:2b:6a,"$8,393.90",Forsterton,-177.680515,Djibouti,2023-08-05 02:46:17
79703,web-62.davidson-reid.net,2008-03-12T21:42:17,1985-09-10,Europe/Sofia,Faroese,GB,bs,quasi.gif,ae:0e:74:dd:5a:3c,$1.06,Jordanton,170.164391,Switzerland,2017-05-14 03:32:49
31282,desktop-62.stevens.com,2014-09-21T13:47:36,1984-09-03,Pacific/Ponape,Kongo,GB,tk,porro.xlsx,e5:5b:81:b3:97:7e,$51.35,Andreashire,-78.326329,Oman,2017-11-15 22:01:01
8452,lt-18.porter.com,1981-03-16T00:13:52,2020-07-23,Africa/Ouagadougou,Romansh,GB,ln,distinctio.mp4,b5:30:75:41:fd:0e,$19.57,Lake Grace,77.622668,Albania,1986-01-21 19:01:24
31763890,desktop-84.spencer.com,2013-04-29T16:07:02,2015-07-22,Africa/Cairo,Pushto,GB,bg,dolor.html,97:bf:0a:a9:b5:36,"$6,913.34",Lake Kelly,18.484791,Turks and Caicos Islands,2019-08-06 09:44:30
810,srv-08.carr.biz,2016-06-13T12:43:14,1975-08-12,Europe/Vaduz,Kuanyama,GB,bho,nulla.css,c6:97:88:0d:6d:07,$208.45,East Claire,174.107174,Afghanistan,1978-10-23 17:51:20
333,desktop-30.wilson.com,2013-03-09T10:56:41,1974-11-30,Africa/Tripoli,Galician,GB,dz,porro.tiff,d8:ae:92:db:08:8e,"$2,235.91",North Samantha,75.977813,Antigua and Barbuda,1983-07-03 07:17:11
58996,laptop-33.lynch.org,1995-02-03T11:34:25,2001-07-23,Africa/Conakry,Georgian,GB,gl,dignissimos.pptx,5e:98:1f:fd:64:9d,$542.58,Barneschester,97.418297,Armenia,2016-06-17 20:32:31
39895972,srv-99.smith.biz,2015-11-08T23:04:42,1973-05-03,Asia/Kuala_Lumpur,Tswana,GB,ug,quisquam.wav,f3:28:30:62:f4:f3,"$48,784.24",Haynesberg,-1.088637,Uganda,1996-09-24 08:10:23
7566263,lt-48.kelly.org,1981-12-27T13:09:16,2017-11-21,Africa/Addis_Ababa,Bislama,GB,as,aperiam.bmp,a6:53:64:8c:6a:86,$52.60,Rickymouth,18.868276,United States Virgin Islands,2005-02-17 04:07:36
0,db-14.baker-kerr.com,1984-02-01T23:00:31,1988-11-27,America/Guatemala,Avaric,GB,lo,sit.odt,59:e9:9f:4f:20:62,"$2,217.76",Mariefurt,-102.745723,American Samoa,2022-11-17 06:06:05
6,db-46.green.org,2015-08-12T07:44:42,2008-03-17,Pacific/Fiji,Shona,GB,nds,reiciendis.mov,30:17:c6:3c:3e:ff,$46.90,Tinastad,86.009221,Botswana,1991-01-10 06:10:41
25,email-18.gray.info,1985-06-21T04:23:16,1974-02-18,Pacific/Fiji,Urdu,GB,ast,reiciendis.json,24:38:88:c1:b3:c8,"$90,115.71",Teresaborough,54.211977,Tonga,1995-03-11 00:27:25
4770,desktop-21.jenkins-howard.net,2019-10-11T16:55:15,2010-02-07,America/Asuncion,Cree,GB,sa,molestias.txt,40:25:3e:94:61:41,$2.26,South Hollie,130.121904,Austria,1999-07-27 05:28:54
4,srv-09.barrett.org,1973-11-15T09:10:36,1972-04-08,Africa/Bangui,Chechen,GB,apn,sapiente.png,c8:ce:b9:89:a7:09,"$90,631.11",Howardmouth,115.832104,French Guiana,2019-08-30 03:24:53
152,srv-55.potter-garner.org,2019-07-07T10:34:54,2010-11-27,Europe/San_Marino,Danish,GB,ms,ad.tiff,32:68:0d:be:c2:c8,"$51,877.84",South Bethborough,46.557377,Aruba,1981-07-11 12:19:26
36242,lt-03.jordan-sharp.com,2008-11-14T15:45:04,1984-07-24,America/Asuncion,Ukrainian,GB,ca,unde.flac,62:b0:02:a8:40:94,$8.42,Bradleyview,34.137894,Pakistan,2010-06-21 10:30:22
18863,desktop-87.stephens-taylor.net,2014-11-15T15:12:12,2005-08-18,Asia/Amman,Navajo,GB,de,quam.avi,3b:f9:ea:0f:6f:63,$5.05,Leebury,-102.046208,Antarctica (the territory South of 60 deg S),1992-12-04 03:24:42
17118913,srv-15.wilson.biz,1990-10-25T05:47:42,1997-01-26,Asia/Rangoon,Limburgan,GB,cy,molestias.avi,2e:82:0f:21:c3:62,$1.77,East Kevin,155.333654,Tokelau,1988-03-21 06:04:06
2372764,web-90.johnson.info,1975-03-10T04:42:31,2014-03-02,Asia/Nicosia,Manx,GB,yue,reiciendis.txt,de:2b:ac:6b:8a:3b,$86.77,Parkertown,143.776490,Pitcairn Islands,2009-11-14 01:39:30
720,email-06.curtis.com,1979-10-12T04:15:01,1999-10-03,America/Jamaica,Estonian,GB,ka,beatae.bmp,07:18:e3:06:7a:af,$9.07,Younghaven,-48.012686,United States Virgin Islands,2001-01-24 11:12:34
6632,lt-55.potter-davis.com,1986-03-11T07:27:35,2020-12-22,Asia/Nicosia,South Ndebele,GB,id,cumque.odt,09:dc:e8:29:b7:85,$434.38,Birdmouth,-40.398062,Martinique,1995-08-07 22:38:12
551091948,srv-55.welch.biz,1999-12-04T02:14:06,2012-03-13,Europe/Helsinki,Bosnian,GB,yi,nam.jpeg,53:c7:f9:d3:2d:b1,"$8,864.28",Douglasstad,-6.843756,Guyana,1988-09-13 07:59:17
862950,desktop-63.green-johnson.com,1977-04-15T12:40:56,1971-02-11,Africa/Kigali,Tagalog,GB,be,itaque.wav,eb:6d:c3:fb:1a:4c,$65.36,Lindachester,-106.553871,Iceland,1998-08-11 13:05:31
654,srv-10.john-barton.biz,1990-05-01T18:09:55,2006-09-23,Pacific/Palau,Rundi,GB,hr,voluptatibus.ods,5d:46:f7:89:b6:e8,"$3,828.92",Port Philipville,176.665839,French Guiana,1982-03-31 23:02:07
17,srv-74.gill.com,1980-09-12T20:58:54,1982-11-30,Europe/Paris,Tswana,GB,ka,exercitationem.gif,fa:2a:06:65:35:0f,$11.46,Jeffreyberg,-133.512980,Austria,1971-07-30 11:29:19
695309,lt-21.price.co.uk,2014-01-21T08:48:23,1982-02-06,Asia/Nicosia,Tatar,GB,byn,perferendis.css,64:44:7c:6b:bd:44,"$5,702.23",Lake Christopher,-111.797653,Netherlands Antilles,1993-01-29 05:49:27
960,srv-50.parker.biz,2005-12-26T18:38:26,2019-11-04,Pacific/Auckland,Ewe,GB,ber,voluptatem.js,e5:c2:a9:c1:e5:f6,"$8,789.26",South Howard,98.912283,Gibraltar,1974-06-03 03:32:50
6210904,laptop-59.hall.org,2017-09-25T15:29:03,2003-08-15,America/Asuncion,Chamorro,GB,mn,aliquid.mp4,9f:3e:de:3d:76:5d,$234.25,Lake Charlieville,-102.474038,Suriname,1994-02-01 05:25:34
215282,desktop-84.cole.info,2012-06-12T06:34:53,2017-01-06,Asia/Dushanbe,Hausa,GB,lij,quos.ppt,43:77:08:1b:11:aa,$93.46,Taylorview,3.098206,Congo,1979-02-06 03:54:34
6109,lt-78.smith.info,2008-02-08T05:23:43,2016-09-16,Europe/Sofia,Corsican,GB,ff,facilis.pdf,c5:eb:1b:bb:e3:7a,$1.32,New Victoriaside,-14.071539,Saint Barthelemy,2013-11-25 05:06:10
76319,db-81.reid-russell.biz,2021-01-20T07:52:18,1990-08-15,Africa/Maseru,Malagasy,GB,de,voluptatum.webm,cc:c2:02:fc:86:53,"$1,773.61",Hudsonchester,-17.996283,Nigeria,2004-07-01 06:24:35
42565,email-65.morris-clark.biz,2019-04-02T01:32:53,2005-12-04,Europe/Vatican,Sanskrit,GB,cmn,eligendi.bmp,b8:f5:38:d8:64:12,$547.82,Knightland,-163.410749,Mauritius,1977-05-17 09:46:33
58128,desktop-97.reed.biz,1995-11-10T11:55:20,1989-09-09,America/Tegucigalpa,Ossetian,GB,byn,alias.jpeg,ac:b9:b7:b3:c4:ce,"$50,700.92",Watkinsville,-143.384395,Ecuador,2022-03-07 00:08:16
2,lt-27.bell-davies.net,1985-08-20T01:11:52,2022-04-19,Europe/Bratislava,Afar,GB,sw,eum.flac,a0:d6:ba:1d:10:7a,"$3,695.41",Wallacehaven,-126.920215,Saint Pierre and Miquelon,2007-11-26 23:15:14
89602063,laptop-47.griffin.com,2002-10-28T10:53:10,1983-07-01,Africa/Niamey,Uighur,GB,niu,natus.doc,94:bb:5b:52:31:e6,$888.75,East Suzanneville,-129.021905,Austria,2022-10-17 17:30:02
63157,laptop-50.robinson.com,2013-12-11T12:34:03,1971-11-25,Africa/Kigali,Guarani,GB,cy,soluta.numbers,a1:58:46:5c:60:5e,"$57,726.75",North Harrietmouth,-43.754336,Germany,1983-04-27 23:37:35
428,lt-93.king.com,2018-10-21T22:39:54,1994-08-11,Europe/Helsinki,Navajo,GB,os,molestiae.flac,4e:bd:ae:51:51:c5,$4.46,Curtisfort,3.287289,Indonesia,1970-06-22 14:47:56
37,email-07.griffiths.com,2010-12-18T07:03:41,1979-02-05,Pacific/Guadalcanal,Uighur,GB,ayc,distinctio.wav,e9:93:06:fa:ae:e4,$99.29,Youngtown,86.763506,Barbados,2010-11-27 01:47:23
97565,desktop-34.evans-wood.biz,1972-05-11T19:35:32,1980-02-02,Asia/Kabul,Malagasy,GB,unm,repellendus.jpeg,c8:7c:67:48:c8:09,$4.59,Port Aimeestad,20.796859,Iceland,1998-05-26 02:40:52
727553,srv-16.craig.com,1993-11-05T04:01:19,1990-10-28,Asia/Kuala_Lumpur,Chamorro,GB,uk,vel.png,c0:75:6f:b4:0c:f1,"$1,577.27",Brendahaven,33.176261,Chile,1971-05-17 08:52:34
15,desktop-23.ali.com,2012-08-19T14:07:51,2014-06-04,Asia/Rangoon,Limburgan,GB,sr,ab.html,8d:e4:76:2d:fc:11,"$94,635.37",Armstrongbury,-128.472100,Slovenia,2000-12-01 02:03:26
1756202,desktop-09.hill.com,2006-01-08T11:03:14,1986-08-22,Africa/Accra,Tagalog,GB,os,corporis.jpeg,fe:b5:f2:7a:57:8c,$7.94,Leslieberg,-70.719117,Palestinian Territory,1984-03-15 08:48:05
854074,web-28.townsend.co.uk,1978-12-30T15:39:58,2017-12-19,Europe/Luxembourg,Tonga,GB,lzh,dolorum.csv,c5:e7:35:d9:9e:d3,"$6,452.14",Pageton,168.588043,Lebanon,1993-02-13 09:57:11
63577,laptop-03.reeves-wilkinson.com,1989-02-16T21:32:17,1996-10-07,Pacific/Tarawa,Fijian,GB,ku,commodi.js,86:eb:34:24:f9:ae,"$26,839.73",Henryville,-116.779074,Gibraltar,1991-05-25 20:07:48
751,lt-18.chapman.com,2019-10-01T07:17:47,1990-09-13,Asia/Brunei,Portuguese,GB,iu,perspiciatis.mp4,00:81:51:b8:69:cf,"$5,433.80",Port Trevor,-37.885530,Malaysia,2012-12-12 12:54:33
72197,email-41.smith.com,1970-06-17T22:46:17,1994-01-14,America/Asuncion,Italian,GB,brx,aliquid.tiff,7b:7d:10:01:fe:06,$4.57,West Carlbury,163.347219,Cameroon,2007-01-12 18:51:06
96197,web-77.white-cole.co.uk,1978-11-27T04:35:17,1973-09-15,Asia/Bahrain,North Ndebele,GB,da,unde.pages,67:47:8d:3f:b9:dd,$961.19,West Jason,111.839233,Iran,2004-06-13 08:30:22
980478,srv-44.hall.net,2009-08-20T16:23:20,1971-12-05,Pacific/Kwajalein,Gaelic,GB,ht,ad.bmp,0e:3f:df:78:5b:6c,$3.13,East Shannon,158.984797,Peru,2016-09-18 14:57:07
28,srv-35.gibson.com,1976-05-22T15:34:08,1983-03-28,Africa/Harare,Thai,GB,wo,fuga.flac,ba:d4:9f:d9:fc:d6,$52.46,Conorville,-151.593965,Sudan,2014-07-03 06:24:46
6393049,web-57.jenkins-chambers.biz,1998-06-19T22:36:27,1971-02-16,America/Hermosillo,Luxembourgish,GB,hu,perferendis.mp3,7c:05:c4:7a:da:d9,$87.81,North Chloe,-45.578797,Ghana,1992-05-25 13:01:06
2934,desktop-31.howard.com,2020-11-07T05:15:48,2001-08-19,Africa/Harare,Macedonian,GB,pl,porro.html,69:9d:63:11:a0:c2,"$3,980.64",Morrisonhaven,125.182568,Cambodia,2015-07-25 11:25:47
36100231,email-18.robinson.com,2005-10-13T16:52:11,1994-11-09,Africa/Douala,Kanuri,GB,gez,voluptate.html,82:80:1d:8b:cd:33,"$31,087.57",West Connorland,13.246660,Bosnia and Herzegovina,2015-11-12 14:43:56
62,db-06.robertson.net,2017-11-27T22:04:09,1975-12-23,Asia/Nicosia,Chechen,GB,is,quis.mp3,85:f0:9d:55:15:16,$14.83,Port Aimeeside,-16.950081,Japan,1985-04-15 00:01:18
4572220,lt-99.ellis.co.uk,1984-09-29T11:03:55,2003-10-01,America/Lima,Western Frisian,GB,ar,hic.mp3,22:10:9c:d6:81:e0,"$7,979.90",Lake Sheila,103.705501,Bahrain,1971-03-27 20:02:42
2,srv-11.baldwin.org,2000-02-13T14:26:05,1994-07-30,America/Paramaribo,Galician,GB,am,doloremque.jpg,84:c3:e6:c8:04:ce,"$33,063.06",Peterfort,-20.253118,Guadeloupe,1982-06-05 03:43:15
330,web-07.griffiths-white.com,2005-12-21T22:53:31,1978-08-07,Asia/Katmandu,Gaelic,GB,bho,quidem.odt,d3:28:79:57:ce:1b,"$11,157.94",Kirkton,-105.014072,Portugal,1993-05-21 19:37:24
553,laptop-43.gill.com,2001-10-03T19:59:05,1976-10-17,Europe/Belgrade,Komi,GB,nr,recusandae.mp4,7b:23:ee:7c:68:46,$9.50,South Heather,-23.551666,Peru,2001-03-25 15:14:28
1593276,srv-68.fraser.com,1993-09-03T14:17:25,1976-11-23,America/Bogota,Chuvash,GB,cmn,distinctio.pptx,31:12:38:45:93:04,"$6,914.74",Mollyview,-157.207847,Reunion,1983-09-15 10:41:59
6,desktop-78.wilkinson.com,1986-07-12T15:17:09,1996-11-05,America/Grenada,Maori,GB,gv,ipsa.gif,17:89:82:11:27:78,$7.32,New Dennisville,128.336186,Cameroon,2002-09-14 03:54:21
867276,lt-41.evans-khan.co.uk,1972-06-02T03:58:23,1998-08-09,America/Havana,Norwegian,GB,ko,eum.gif,d4:af:89:87:cf:2e,$22.22,Banksstad,71.166931,Myanmar,1993-06-15 01:23:10
53283919,srv-08.chandler-bailey.biz,2018-08-30T23:34:28,1991-02-09,Europe/Vaduz,Slovenian,GB,mag,quia.mp4,cc:0f:20:53:99:99,$2.73,Port Trevorberg,141.751320,Cocos (Keeling) Islands,1981-10-07 16:05:01
64225,email-67.adams-pritchard.net,2016-05-21T07:45:46,1993-07-15,Asia/Amman,Luba-Katanga,GB,ga,pariatur.txt,69:4b:e5:d9:4c:1e,$23.05,Garethberg,121.036335,Netherlands,2010-01-26 08:21:57
713491072,desktop-69.poole.com,1987-10-05T04:56:03,2009-01-21,America/Nassau,Chamorro,GB,uk,rem.webm,d2:da:9f:78:a2:08,"$5,814.65",West Stewartside,-76.457311,Sierra Leone,2010-08-18 15:50:59
2862,email-19.hicks-griffiths.com,1999-08-18T06:13:34,1975-10-12,Africa/Douala,Chechen,GB,fr,deleniti.html,de:9b:c9:20:ce:b1,$857.64,South Gerard,-131.196789,Honduras,2022-05-19 10:40:19
646,srv-14.payne.com,1975-02-04T09:52:51,2015-02-25,Asia/Aqtobe,Norwegian,GB,mg,blanditiis.pdf,d6:1a:bc:1f:9c:13,"$7,793.07",North Sean,-42.425556,Lesotho,1995-04-20 20:34:49
492,desktop-93.patel.com,2018-04-27T02:30:14,1987-07-11,Asia/Thimphu,Chuvash,GB,th,voluptatibus.html,05:6a:4a:86:72:c6,"$88,972.50",Greenport,93.845706,Nigeria,2004-12-18 08:00:55
72696422,lt-96.robinson-taylor.com,2017-08-27T23:50:55,1984-10-14,Africa/Mbabane,Inupiaq,GB,dv,commodi.mov,53:dd:0f:a1:17:88,$7.69,North Adamton,-96.726140,Guyana,1986-07-27 04:12:02
6268583,email-60.brown.com,2002-10-26T21:46:01,1999-07-22,Indian/Comoro,Maltese,GB,kl,nemo.odt,f3:24:b4:99:19:dc,$66.95,Dorothyside,84.903369,Micronesia,1998-08-21 01:36:23
6736,desktop-52.dobson.com,1983-08-13T18:47:05,2009-05-19,America/Havana,Tatar,GB,xh,laborum.css,58:42:9f:a0:ab:5c,"$4,183.37",Johnsonfort,-1.488224,Costa Rica,1992-01-03 17:11:24
70388,db-47.allen-nelson.com,2001-07-29T15:11:20,1998-02-07,Asia/Bangkok,Mongolian,GB,sid,odio.wav,e4:ed:dd:d5:db:29,"$92,338.64",Johnfurt,-139.058740,Tajikistan,1975-03-27 14:13:12
52,db-39.burke-thomas.com,2023-05-25T23:16:38,2009-05-06,Africa/Bujumbura,North Ndebele,GB,rw,eius.jpeg,f9:46:c2:ad:37:30,$8.62,South Max,-151.042977,Aruba,1980-02-18 10:46:05
38,db-03.harrison.com,1983-08-17T03:11:34,1980-03-11,Africa/Bamako,Lao,GB,tig,eveniet.webm,b4:0d:81:a6:87:76,$1.34,New Dean,138.269620,Saint Barthelemy,2001-08-15 23:06:26
1952574,laptop-31.watts-parker.co.uk,1994-03-09T09:12:26,1984-12-06,Africa/Lome,Czech,GB,lb,dolorem.mov,93:85:86:f6:24:c3,"$71,395.28",South Iainfort,-112.738389,Brunei Darussalam,2022-07-01 04:53:40
430975,lt-30.perry-parry.info,1973-11-08T13:34:54,2000-10-14,Atlantic/Reykjavik,Igbo,GB,the,eveniet.mp3,bc:5f:b1:eb:e0:e6,$140.93,Clarkefort,82.203966,Norfolk Island,2011-02-24 20:13:00
403,srv-55.rose.net,1972-11-07T03:51:47,1989-12-22,America/Chihuahua,Albanian,GB,iw,tenetur.css,07:29:45:bd:67:a6,$533.25,Glennfurt,-172.814716,Timor-Leste,1970-11-07 09:03:25
748060010,db-41.clark.com,2007-06-28T09:25:48,2021-05-15,Asia/Urumqi,Samoan,GB,sid,molestias.ppt,24:5f:5e:bf:e3:7c,$99.95,O'Neillfurt,-133.043201,Jersey,2022-06-20 06:49:18
4989951,email-34.holt-mitchell.org,2008-08-11T14:03:17,1977-02-11,America/Cancun,Irish,GB,it,iste.bmp,09:ed:4e:29:b3:82,$1.38,East Rachelborough,114.601000,Mauritania,1971-11-07 02:35:23
5547,email-09.allen.com,1987-06-06T01:26:54,1981-06-09,Africa/Niamey,Bengali,GB,ky,magni.mov,9b:8c:b3:26:dc:b7,$785.27,New Katherineside,-170.834052,Macao,1997-04-22 21:08:34
456,db-55.foster-white.com,2016-09-24T03:22:35,2000-11-13,Africa/Harare,Igbo,GB,bhb,voluptas.json,fb:fb:86:1f:5d:ca,$42.85,East Amyville,35.221269,Antigua and Barbuda,1993-05-26 02:09:06
31211,lt-80.jackson.net,1994-07-04T18:03:12,2010-04-16,Atlantic/Azores,Ossetian,GB,kn,vitae.flac,c0:46:f8:53:69:13,$174.48,East Lucymouth,-31.344402,Israel,2019-11-17 17:52:41
9,srv-97.ward.org,1981-03-23T12:45:01,1996-01-11,Asia/Calcutta,Sindhi,GB,eu,repudiandae.mp3,9f:82:c7:24:10:55,$83.96,Lake Marion,19.645173,Cocos (Keeling) Islands,1991-10-12 00:35:58
6271,desktop-55.curtis-faulkner.com,2008-01-02T11:53:45,1978-03-25,Asia/Katmandu,Avestan,GB,mn,ipsam.webm,a5:03:91:5f:25:e3,"$7,854.79",Myerschester,104.170967,Azerbaijan,2003-12-19 00:24:09
451926762,db-77.miller.biz,1983-11-02T08:23:51,1979-10-01,Africa/Luanda,Sinhala,GB,gl,laborum.pdf,20:d1:57:c3:66:f5,"$91,881.72",Gardnerview,-0.439621,Liberia,1986-08-24 09:02:17
5,email-51.grant.com,2015-11-25T07:49:50,2018-07-01,Africa/Ouagadougou,Somali,GB,ta,quod.avi,fb:44:d3:8e:e3:b0,"$4,237.90",Port Ashley,116.514625,Korea,2003-04-09 03:20:20
847226,email-93.ahmed.info,2020-05-15T22:36:32,2023-06-01,Pacific/Ponape,Urdu,GB,zh,suscipit.avi,06:dc:11:b0:e1:de,"$2,790.09",Lake Reece,-120.222453,Luxembourg,1993-04-10 07:26:44
83538769,desktop-09.kirk-thompson.net,1975-01-03T16:49:51,2008-03-08,America/El_Salvador,Maori,GB,lij,magnam.json,d1:22:a1:f3:a8:e7,"$78,540.80",Toddfurt,42.550892,United Arab Emirates,1983-05-23 17:20:39
92164140,web-08.white-rhodes.net,2007-07-10T00:33:18,1999-08-05,Pacific/Guadalcanal,Javanese,GB,sq,debitis.png,0a:78:db:d7:46:57,"$20,955.98",Hussainchester,-43.641152,Australia,1986-06-03 06:59:50
42,db-73.brown.com,2016-12-23T20:42:13,1979-09-10,America/Indiana/Indianapolis,Uighur,GB,is,quisquam.html,5b:01:94:18:bb:18,$52.13,Potterport,-9.959875,Congo,1974-02-03 00:52:18
315721515,email-74.barker.com,1985-02-25T03:19:50,1998-08-31,Africa/Lubumbashi,Hebrew,GB,crh,quidem.key,28:4b:64:64:e8:d5,"$3,918.91",North Douglasstad,49.916072,Botswana,2005-06-17 18:13:30
1601081,db-48.ball.biz,1978-12-31T10:15:25,1970-11-24,Pacific/Fiji,Kurdish,GB,tt,asperiores.mp3,76:30:43:f5:24:74,"$76,665.88",Christineview,70.682799,Libyan Arab Jamahiriya,1980-10-02 12:52:22
7289,email-69.saunders.com,1984-12-01T12:31:27,1998-10-09,Africa/Mogadishu,Kashmiri,GB,yi,vitae.webm,26:02:7f:38:3c:91,$5.07,Lake Catherineborough,118.682860,Malawi,1981-11-24 10:52:16
8,desktop-75.taylor.com,1980-02-17T20:14:05,2017-01-13,Africa/Conakry,Bislama,GB,ln,quasi.jpeg,bf:5d:17:aa:eb:50,"$9,179.04",Port Clive,161.562731,Trinidad and Tobago,1990-04-24 21:01:51
1953676,desktop-78.taylor.info,1996-04-15T07:13:54,2022-08-22,Africa/Brazzaville,Assamese,GB,bem,quo.avi,38:73:87:b4:ad:4e,$6.81,Lake Kieranchester,68.955884,Burundi,1986-08-20 08:20:34
69526091,srv-64.james.com,1973-10-13T00:27:25,1986-09-09,Pacific/Chatham,Inupiaq,GB,it,quae.jpeg,ce:29:e4:23:eb:99,"$68,820.44",South Elliottfort,10.770374,Marshall Islands,2021-09-30 01:27:05
3856,laptop-84.winter.biz,2023-02-07T19:50:39,1986-05-17,Africa/Johannesburg,Sindhi,GB,dz,amet.jpg,73:96:ad:1c:ba:e1,$6.48,North Clifford,26.789117,Pakistan,1984-06-04 19:43:57
7593,desktop-34.doyle.com,1970-07-13T10:22:43,1995-07-25,Asia/Kuwait,Thai,GB,or,ea.txt,04:9e:8d:28:92:42,"$32,267.17",Davidshire,-144.341782,Angola,2012-03-11 08:45:02
439,laptop-76.edwards.biz,2009-04-06T21:39:17,2022-11-10,Asia/Almaty,Nauru,GB,cv,eos.json,70:35:76:d8:2d:7c,"$77,990.68",Gilberthaven,90.746125,Tajikistan,1977-02-19 23:45:52
9047071,lt-51.howells-yates.net,2011-09-15T14:48:08,1997-10-24,Asia/Dhaka,Central Khmer,GB,li,ad.ppt,7a:27:87:c3:fe:98,$75.56,East Emily,98.098893,Ethiopia,2008-04-23 20:42:08
893397,web-96.hanson.com,2005-09-11T10:02:16,1983-04-22,Atlantic/Reykjavik,Sichuan Yi,GB,hak,optio.tiff,15:b2:4a:f3:21:8f,"$1,628.35",North Zoe,51.482977,Gambia,2012-11-01 18:39:21
6610895,web-77.griffiths-rees.org,2021-03-29T04:57:53,1992-06-08,Asia/Tokyo,Vietnamese,GB,ko,eius.mov,0b:c0:e4:d6:de:c2,$7.12,Lawrencehaven,-115.993181,Venezuela,1974-01-23 03:54:37
22125,desktop-15.evans-smith.co.uk,2007-11-28T23:25:06,2009-01-27,Asia/Taipei,Luba-Katanga,GB,yue,esse.mov,40:24:04:d8:b7:cc,"$7,050.58",East Craigchester,-125.947705,Saint Martin,2013-12-10 22:50:20
83961,web-55.whitehouse.info,2013-09-20T12:52:07,1996-03-27,Asia/Amman,Fulah,GB,crh,totam.csv,aa:d9:a0:19:ce:c1,$1.62,Ryanshire,106.886326,South Africa,1987-08-20 20:18:46
360646,desktop-95.cole.org,2022-04-13T22:25:11,1978-12-09,Asia/Ashgabat,Kurdish,GB,niu,consectetur.mp3,6b:41:a7:14:ea:ca,$1.35,Collinsshire,144.267537,Romania,1973-01-12 14:27:58
67464541,email-55.hughes.com,2018-11-09T00:46:51,1997-10-05,Africa/Malabo,Lao,GB,nan,pariatur.mov,85:75:71:02:ad:f3,$5.08,Shanemouth,-127.821767,Belarus,1988-10-17 17:37:25
4,desktop-90.pickering.info,1972-09-23T00:53:15,2008-07-23,Africa/Bamako,Thai,GB,en,voluptate.docx,08:29:44:84:3c:9d,"$4,115.48",Deanmouth,93.231925,Tanzania,1987-09-06 16:04:34
64,web-56.mills-hunt.com,1993-01-16T09:07:37,1995-07-21,Africa/Tunis,Samoan,GB,eu,iure.flac,a5:3b:48:80:bb:98,$8.50,Stephenstown,45.214293,Brunei Darussalam,1998-05-07 14:25:09
528,laptop-18.taylor.info,1999-02-14T18:00:50,2015-09-30,Asia/Amman,Tagalog,GB,hne,iste.ppt,08:09:cb:35:56:61,$97.08,Henrymouth,-89.254058,Liberia,2015-04-09 08:14:53
98,laptop-90.peters.info,1973-05-10T21:07:44,2001-02-05,Europe/Sofia,North Ndebele,GB,ast,cumque.webm,67:59:79:2d:de:bb,$5.47,Patriciaburgh,23.335140,Albania,2005-12-24 19:27:14
99644634,desktop-42.rhodes.biz,1983-09-15T00:57:25,1985-08-22,America/Paramaribo,Igbo,GB,sv,ex.html,fd:49:44:65:46:30,"$5,196.51",West Bethhaven,106.226983,Guadeloupe,1999-12-29 04:08:34
62,laptop-86.bibi.com,2010-07-25T14:05:09,1982-02-12,Africa/Maseru,Kalaallisut,GB,uk,alias.png,fe:0c:3b:aa:f4:f4,"$1,341.05",Mitchellview,110.030103,Sierra Leone,1984-07-02 10:13:36
415343,lt-62.clark.com,1970-06-21T02:14:20,1986-09-17,Europe/Warsaw,Belarusian,GB,ps,aperiam.csv,d0:84:13:6d:95:3e,"$46,739.85",Burtonchester,-71.351519,Ukraine,1986-03-19 13:12:32
821,lt-49.parry.com,2004-02-15T17:10:58,2004-11-29,Asia/Dhaka,Kalaallisut,GB,ln,quos.flac,d0:8e:a4:f8:4b:cb,$8.88,Port Maurice,96.603302,Rwanda,1975-12-08 23:01:02
1,desktop-52.hughes-wilson.com,2016-01-14T15:53:35,1971-03-16,Europe/Belgrade,Igbo,GB,el,quaerat.docx,51:21:5e:da:23:4a,"$7,812.48",Port Duncan,-38.671982,French Southern Territories,2005-02-09 01:22:44
4131257,laptop-36.webb-cooper.co.uk,2022-12-13T09:57:26,1982-03-30,America/Antigua,Kikuyu,GB,iu,hic.doc,5e:a0:54:e5:30:eb,$66.29,Lake Graham,174.916890,United States Minor Outlying Islands,1971-01-26 14:22:41
86326986,laptop-46.sinclair-sims.com,1973-08-06T17:53:37,1976-02-01,Asia/Saigon,Belarusian,GB,or,eveniet.csv,32:53:dc:32:16:91,$46.14,Bernardburgh,-112.379948,Cuba,1970-03-10 05:24:54
79457723,email-64.fitzgerald-burgess.com,1993-04-27T11:48:30,2020-06-20,Pacific/Galapagos,Kannada,GB,lb,quis.pptx,a3:dc:23:b8:e1:93,$85.95,Careyhaven,137.767520,Lebanon,2002-07-24 08:04:46
8,laptop-67.mitchell-martin.com,1991-03-27T13:20:45,2005-02-20,Pacific/Tongatapu,Zulu,GB,ve,unde.jpg,5b:7b:f0:ff:1c:cd,"$64,068.93",Valeriemouth,-80.050852,Comoros,1970-04-26 21:16:47
81,lt-04.hughes-barrett.biz,2020-04-08T15:48:59,2004-02-23,Pacific/Palau,Korean,GB,kk,similique.html,25:44:f4:35:41:3f,$357.44,Porterstad,-60.220660,Morocco,1983-05-22 17:57:17
74,desktop-76.randall.info,2012-03-01T23:49:33,1996-10-17,Africa/Conakry,Kalaallisut,GB,hr,repellat.json,f8:27:03:a7:70:93,$481.34,Port Karl,-76.873296,British Indian Ocean Territory (Chagos Archipelago),1976-06-03 11:26:03
5610604,web-06.armstrong.biz,2008-11-17T10:40:00,1981-08-12,Africa/Windhoek,Rundi,GB,ku,non.docx,2f:9d:9f:07:de:f4,$37.17,North Emilymouth,98.423287,Trinidad and Tobago,1972-04-03 05:11:39
655578730,web-27.lynch.info,2003-09-21T02:05:58,2011-04-10,Africa/Ndjamena,Interlingua,GB,hi,sunt.xls,4e:16:96:97:b9:e9,"$37,416.88",Port Katyberg,-177.615993,Egypt,2013-12-17 09:38:19
23540812,email-17.campbell-kent.com,2014-01-14T14:05:45,2010-06-28,Europe/Prague,Western Frisian,GB,el,laborum.json,93:55:60:68:2a:53,$532.71,New Thomas,-124.599649,Nepal,1997-06-28 11:51:36
1053715,lt-93.lee.info,2014-09-08T20:36:57,1984-04-16,Africa/Algiers,Interlingue,GB,de,qui.jpg,6e:2e:36:d9:ac:ff,"$92,203.36",New Lorraine,5.424376,Falkland Islands (Malvinas),1984-08-06 18:29:35
828702951,db-13.hill.co.uk,2012-06-16T03:40:04,2009-11-18,Africa/Bujumbura,Uighur,GB,lt,quam.numbers,ba:97:5f:d6:69:94,$9.60,Singhside,76.946659,Ecuador,2019-03-22 05:53:02
25,email-33.bentley.info,2001-01-04T02:27:42,1990-10-27,Asia/Baghdad,Latin,GB,crh,magnam.jpeg,04:3e:fc:79:5b:dc,$7.99,Alistad,8.574430,French Polynesia,2021-08-12 20:38:28
39,desktop-25.webster-white.com,1976-06-08T19:27:09,1991-08-25,Africa/Asmera,Sinhala,GB,mhr,fugit.jpeg,11:7f:52:b3:ab:b1,$6.46,Harryberg,-114.674684,Croatia,2013-11-22 20:38:14
3,srv-02.osborne.co.uk,1975-11-18T20:40:42,1972-01-26,Asia/Taipei,Norwegian,GB,csb,tenetur.mp4,bc:ff:73:3d:5f:48,"$60,506.94",Port Jeremy,23.654253,United States Virgin Islands,1992-11-05 10:16:28
265,desktop-76.thomas.info,1980-01-21T07:55:36,2009-03-06,Europe/San_Marino,Nauru,GB,am,excepturi.avi,83:54:5b:db:f5:b2,$748.75,Connorton,157.321166,Paraguay,2009-04-08 04:09:33
401604591,desktop-56.owens-lane.com,1984-10-25T21:59:14,1993-01-18,Asia/Saigon,Manx,GB,nb,maxime.numbers,15:e2:4f:11:ab:b7,"$2,836.59",East Phillipborough,127.875888,Norfolk Island,2021-02-07 05:15:22
9,desktop-29.bennett.com,2001-01-06T12:30:33,1976-07-17,Asia/Ashgabat,Sardinian,GB,fy,aliquam.txt,58:6d:ca:ec:0a:46,$2.42,Middletonland,45.987492,Philippines,2011-12-30 23:15:47
4484,laptop-05.carter-thompson.com,1974-05-25T20:07:24,1983-12-29,Africa/Bujumbura,Norwegian,GB,nhn,odio.json,39:16:ac:b5:31:bc,$95.73,South Lawrencehaven,-170.312275,Ecuador,1970-11-08 03:49:16
960072123,web-68.james-griffiths.net,1983-04-12T23:19:48,1979-06-10,America/St_Lucia,Chinese,GB,hr,suscipit.avi,4c:0b:88:ca:ae:16,"$44,416.95",Samberg,66.542896,Congo,2000-08-24 04:39:59
581227697,laptop-16.collins.com,2015-09-23T02:43:52,1976-08-06,Pacific/Galapagos,Panjabi,GB,kl,enim.jpg,b7:a6:73:81:c4:bc,"$9,311.81",Austinfurt,-97.110259,Philippines,1978-12-31 16:41:17
578316199,desktop-51.king.com,1975-12-02T03:31:51,1999-02-02,Asia/Calcutta,Mongolian,GB,xh,laudantium.bmp,ba:63:a6:43:58:5b,"$4,263.32",Mitchellburgh,-16.025748,Niue,1984-08-24 11:45:31
691134,desktop-50.page.com,2009-03-07T02:58:21,2014-09-17,Africa/Tripoli,Interlingua,GB,nr,quae.jpg,de:53:83:a6:b5:28,$95.01,North Leanne,93.322740,New Caledonia,2023-06-15 21:10:08
7794513,srv-51.henderson.net,1970-10-05T01:10:23,2006-02-24,Europe/Zurich,Faroese,GB,ce,molestias.gif,82:bc:38:b4:d5:f6,"$18,095.88",Stephensonburgh,155.534746,Iceland,1984-10-25 01:35:13
670877,web-79.jones-green.biz,1977-06-12T16:33:52,2013-06-03,Africa/Casablanca,Bulgarian,GB,quz,natus.flac,19:0e:0e:91:06:6d,"$22,261.94",West Jade,-9.661481,Switzerland,1977-05-25 22:06:05
658,laptop-88.williams-preston.co.uk,1980-08-23T05:38:41,2022-03-12,Pacific/Ponape,Kongo,GB,sat,ipsa.ppt,ad:95:96:dc:63:1d,"$46,054.19",Shahhaven,87.034545,Philippines,1990-05-15 10:25:12
117782,lt-61.collins.com,1974-02-15T00:02:07,2015-09-28,Europe/Riga,Persian,GB,niu,similique.ods,fc:74:19:9b:c8:1c,$74.82,Mitchellfurt,101.607715,Oman,2015-12-07 10:42:07
73104,lt-85.williams.com,1975-08-04T11:14:54,1979-07-04,Indian/Maldives,Lithuanian,GB,br,officia.jpg,75:c1:ef:d6:0c:43,$3.08,Iqbalport,63.734675,Micronesia,2020-12-23 20:29:23
7,laptop-61.griffiths.com,2002-02-23T17:28:45,2018-11-27,Europe/Istanbul,Slovak,GB,tn,cumque.avi,90:0d:a8:c8:75:aa,$869.38,Port Suzanneport,-99.484160,Nigeria,2013-07-12 02:21:58
9376,lt-80.payne-williams.biz,2016-09-24T00:30:34,1983-07-07,Asia/Pyongyang,Hindi,GB,hy,aperiam.jpeg,35:6a:1b:d3:b8:b3,$75.81,East Thomasport,-140.191244,Lao People's Democratic Republic,2018-04-03 02:39:27
496,lt-66.arnold.info,2022-12-16T06:55:32,2020-02-01,Africa/Gaborone,Navajo,GB,th,iste.mp3,d5:7c:45:e0:90:95,"$6,895.32",Clarkeview,-165.061931,Guam,2010-02-02 11:09:55
5813,lt-61.hawkins.com,2009-08-21T06:57:06,1979-10-08,Africa/Cairo,Kannada,GB,ia,eaque.odt,61:ac:08:7d:78:6d,$18.42,Woodsland,-166.826506,Zimbabwe,1985-12-22 15:11:12
5774,laptop-52.hussain.biz,1990-03-17T01:59:59,1988-12-31,Asia/Phnom_Penh,Breton,GB,bn,perspiciatis.mov,e9:d5:bf:50:3a:8d,"$7,061.36",East Gracechester,50.630104,Albania,2005-04-06 05:16:14
450084,lt-45.pickering.com,1999-05-17T21:43:38,1994-05-24,Europe/Copenhagen,Abkhazian,GB,dz,ut.key,f1:f1:dc:f9:9a:71,$0.68,South Benjamin,30.095762,Mongolia,1974-11-25 06:02:18
30435,email-26.turner.com,1983-10-21T17:39:48,1990-09-05,Europe/Berlin,Interlingue,GB,ln,quidem.jpeg,08:58:51:09:3a:5f,"$5,349.71",Sarahside,-164.836043,Mongolia,2003-06-13 04:51:00
