hostname,date,date_time,time,iso8601,company,bank_country,file_name
db-42.richardson.net,2014-08-26,2014-04-05 04:45:55,06:15:52,2010-06-23T00:18:00,Cooper-Carter,GB,praesentium.wav
lt-02.chapman.com,2011-10-02,1981-02-13 13:11:00,00:01:09,2020-06-19T07:55:37,Moore-Young,GB,iusto.wav
email-60.ward.com,1994-08-14,2014-08-24 01:13:31,21:28:47,1993-04-22T00:42:51,"Watson, Ferguson and Bentley",GB,mollitia.csv
desktop-01.obrien-wright.info,1993-12-30,1995-07-31 19:05:45,00:47:16,1971-11-01T23:26:57,Taylor-Briggs,GB,vero.avi
desktop-13.spencer.net,1975-03-04,1975-03-31 03:08:48,22:44:56,1987-03-30T01:58:22,Williams-Holland,GB,exercitationem.ods
web-03.anderson.com,1973-03-27,1992-08-18 12:41:07,19:32:38,1971-01-24T03:19:16,Harris-Lambert,GB,animi.jpeg
email-10.kelly.com,2011-06-23,2004-10-18 21:42:15,05:22:59,1970-07-04T10:13:55,Taylor-Davis,GB,soluta.wav
laptop-24.smith-collins.com,2018-01-13,2002-02-23 09:55:19,22:18:25,1998-04-06T01:13:19,"Dixon, Freeman and Hayes",GB,ipsam.flac
desktop-72.white.com,2014-09-29,2002-12-09 19:58:34,18:34:05,1976-10-09T14:05:46,Stevens-Day,GB,dolorem.json
web-44.johnson-cooper.net,1970-12-12,2014-08-04 23:23:35,07:33:12,1973-04-24T19:22:40,"Wood, Wilson and Thomas",GB,eum.flac
laptop-18.baker.net,2013-12-17,2014-07-24 10:09:27,02:04:34,1996-06-07T06:23:16,Campbell LLC,GB,ex.html
laptop-54.jackson-peters.com,2009-04-15,2020-07-18 23:25:45,20:12:15,1991-09-08T18:38:42,Davis-Wilson,GB,blanditiis.webm
srv-15.clark.com,1976-12-03,2010-12-19 11:10:19,16:23:28,2003-08-06T15:14:17,"Stevenson, Harrison and Clarke",GB,consectetur.png
email-25.stewart.com,2005-05-06,1970-08-19 08:56:37,01:15:32,2001-09-28T03:38:14,Humphreys PLC,GB,a.wav
web-01.lowe-martin.com,2011-11-25,2022-02-19 09:24:35,20:08:25,1977-11-03T00:28:36,"Cook, Harding and Harrison",GB,fugiat.jpeg
srv-98.lloyd.com,2001-11-07,2012-11-14 17:11:59,23:38:27,1998-03-17T13:33:58,Brown Group,GB,temporibus.js
srv-34.smith.net,1998-02-18,1981-03-21 15:24:42,01:04:28,1977-05-25T08:05:11,"Ball, Bell and Jones",GB,tempore.mov
web-91.harrison.com,1977-11-19,2010-01-05 10:24:31,13:39:56,1980-12-11T10:07:09,"Holland, Harris and Wood",GB,ad.xls
srv-20.sutton.net,2016-09-04,2014-08-18 21:10:48,01:26:11,1977-03-14T17:47:35,Clements-Morton,GB,beatae.pdf
srv-55.taylor.info,2016-12-02,1978-02-02 20:20:14,09:48:34,1998-04-24T17:43:18,Dunn Inc,GB,quod.html
db-81.hill.com,2007-06-20,2016-09-13 06:46:56,01:26:37,2008-10-24T03:16:47,"Duncan, Gilbert and Brown",GB,sunt.bmp
laptop-30.simmons-walker.com,1993-04-09,1996-12-04 09:28:28,18:33:20,1999-10-22T05:05:37,Barber Inc,GB,repudiandae.jpeg
laptop-19.smith.com,1977-01-02,2019-11-01 19:49:46,10:26:40,2000-02-15T13:09:34,White Group,GB,reprehenderit.mp4
desktop-50.robinson.org,1977-06-22,1970-03-03 14:05:27,17:12:44,2011-10-31T11:21:28,Begum-Holt,GB,quaerat.json
email-04.duffy.net,1978-07-27,2007-11-23 03:17:52,18:15:06,1976-06-16T22:22:47,Carr PLC,GB,impedit.png
lt-89.khan-smith.com,2019-12-12,2022-08-13 02:10:40,07:10:39,2009-08-17T04:55:32,"Smith, Williams and Heath",GB,veritatis.xls
web-10.glover.com,1986-07-18,1989-09-23 04:23:49,14:01:17,2012-09-06T08:17:56,"Perry, Abbott and Kelly",GB,quam.txt
email-17.bird-wilkinson.net,1997-06-30,1999-04-18 05:51:27,13:17:08,1997-03-27T11:22:01,"Smith, Sheppard and Bradshaw",GB,eum.jpeg
web-66.stevens.com,2013-08-30,1990-09-06 07:17:07,05:08:09,2007-08-25T01:29:57,"Bryant, Hale and Marshall",GB,quas.flac
db-85.clark.info,1999-11-28,1998-02-20 21:16:13,07:27:56,2020-09-17T16:49:08,Browne Inc,GB,a.bmp
db-74.clayton-watson.org,2012-06-06,2009-04-26 17:24:55,05:06:13,2020-03-27T07:05:43,Iqbal-Hunt,GB,tenetur.mov
laptop-87.lawrence.com,1980-12-16,1992-03-24 07:06:10,23:47:10,2021-10-04T23:12:27,Moore-Roberts,GB,nostrum.doc
lt-76.smith.com,1982-12-25,1978-01-28 19:32:20,13:31:36,2000-11-13T00:50:22,Williams-French,GB,reprehenderit.flac
db-98.jones.com,2001-02-11,2011-01-09 03:52:46,18:27:16,2006-03-09T09:36:26,"Stewart, Parker and Hill",GB,voluptatum.avi
lt-57.oneill.co.uk,1975-05-11,1996-02-22 01:36:16,11:01:23,1988-12-25T16:26:44,Francis-Potter,GB,totam.js
srv-79.chan.com,2001-06-21,2002-10-24 16:01:12,12:47:24,1986-03-13T20:25:50,"Chambers, Sanders and Thomas",GB,dolorem.mov
srv-53.knight-baker.com,1991-12-27,1992-08-16 15:09:06,14:20:04,1991-10-24T21:25:09,Parry-Blake,GB,iusto.mov
db-69.chadwick-mills.com,1986-10-12,2017-10-28 12:09:48,10:30:00,1976-07-20T16:58:46,"Fox, Davies and Palmer",GB,saepe.flac
srv-49.singh-phillips.com,2021-08-13,1979-12-01 06:59:04,05:20:39,2009-12-01T12:18:22,"Bishop, Taylor and Harper",GB,placeat.xls
lt-23.matthews.com,1978-07-10,2001-12-14 17:13:01,04:25:21,1977-12-24T02:20:05,Cole Inc,GB,adipisci.mp4
srv-96.phillips.com,1992-06-29,1971-09-01 14:00:32,08:56:18,1995-02-10T19:09:23,Watkins-Kelly,GB,voluptatem.jpeg
laptop-83.jenkins.info,2001-10-14,1991-02-23 15:55:58,22:41:34,2015-05-28T07:51:14,Roberts LLC,GB,dignissimos.ppt
desktop-82.patel.co.uk,2019-04-27,1996-07-16 00:47:10,04:34:14,1992-06-13T17:29:08,Simpson Group,GB,magnam.pptx
web-25.brown.com,1986-04-27,1973-05-25 10:42:22,06:07:07,1986-12-26T17:36:38,"Evans, Middleton and Morgan",GB,fuga.avi
web-17.mccarthy-khan.biz,1997-02-04,1971-02-03 11:06:29,17:26:43,1992-02-02T01:45:36,Barker-Roberts,GB,pariatur.webm
srv-94.baker.com,1984-04-22,1996-09-04 02:22:53,19:35:41,2011-11-01T13:00:19,Knowles-Jones,GB,explicabo.flac
web-88.whitehead-cooke.biz,2017-12-15,2010-08-31 02:50:43,10:04:00,1989-08-24T10:50:01,Lawrence-Hawkins,GB,incidunt.flac
web-17.oneill.com,2011-05-05,1999-02-25 11:36:24,15:54:48,2005-08-09T03:13:03,Evans LLC,GB,autem.flac
srv-89.simmons-dickinson.com,2017-11-05,2002-10-09 15:03:49,22:10:14,2017-10-27T05:38:15,Davison Group,GB,facere.html
email-11.spencer.com,1994-04-06,2006-07-06 11:43:37,08:01:46,1990-03-26T15:18:59,Daniels-Baker,GB,quis.csv
db-99.ross.co.uk,2002-08-12,1991-05-28 15:59:54,20:51:39,1970-06-19T06:17:32,"Jones, Harris and Baker",GB,eaque.pptx
db-02.collier.biz,2016-01-08,1996-05-29 06:14:05,04:20:56,1982-09-23T13:35:42,Chadwick Inc,GB,itaque.mp3
desktop-68.marsh-joyce.co.uk,1988-10-11,2009-08-23 17:43:10,14:02:12,2002-11-10T07:07:09,Cooper Inc,GB,fugiat.txt
db-44.white-wright.org,2012-02-13,2001-12-04 08:39:30,21:07:10,2000-06-11T04:54:43,"Evans, Bibi and Brown",GB,quas.js
web-39.burton.com,1998-09-23,1978-12-06 04:58:43,08:03:59,2002-10-10T02:24:33,Bowen-Peters,GB,asperiores.bmp
email-87.faulkner-saunders.com,1972-12-13,1997-04-11 18:20:16,23:15:30,1972-01-27T09:38:45,Godfrey Ltd,GB,nemo.mp4
desktop-46.brown-hall.co.uk,2004-02-29,1975-03-13 14:34:41,21:50:54,1994-10-11T00:08:11,Barnes PLC,GB,tenetur.xls
lt-56.hodgson.com,1982-07-20,2005-04-23 14:08:54,10:56:55,1987-06-29T22:19:27,Moore and Sons,GB,saepe.webm
email-54.davies-schofield.org,2021-09-21,1985-08-30 02:03:46,13:10:40,2015-07-29T14:28:48,"West, Bennett and Whittaker",GB,aperiam.avi
srv-26.cunningham-davies.net,1993-08-16,1973-12-06 16:56:26,17:58:10,2016-08-17T17:43:02,"Harvey, Nelson and Wright",GB,quam.bmp
laptop-18.knowles.info,1983-08-30,1976-12-10 02:26:55,01:36:02,2017-12-14T12:29:07,Evans Ltd,GB,beatae.mov
web-48.daly.co.uk,2006-04-02,1983-05-01 17:39:37,16:28:31,2004-06-30T13:22:43,James-Rees,GB,ullam.jpeg
email-65.godfrey.com,1971-09-03,2008-09-10 00:44:47,05:50:18,1986-12-23T23:52:49,"Powell, Horton and Fitzgerald",GB,exercitationem.txt
web-97.carroll.com,1987-09-10,1999-11-27 05:23:38,01:41:56,1978-10-04T04:33:00,Riley-Fox,GB,numquam.bmp
lt-58.ferguson.biz,2010-06-02,2011-12-30 05:16:13,20:33:29,2007-09-16T12:40:59,"Robinson, Hill and Marsh",GB,facilis.webm
laptop-26.franklin.co.uk,1972-09-08,1989-05-05 09:58:19,04:07:04,1990-11-06T13:51:07,Bennett-Pearce,GB,tempore.wav
desktop-32.ali.info,2016-10-31,2017-09-24 13:10:08,04:14:03,1981-07-26T04:24:00,Moore-Simpson,GB,fuga.csv
srv-04.wallace.biz,1989-08-24,1978-10-26 10:51:45,14:38:35,1980-08-06T22:51:38,"Powell, Sharp and Jones",GB,dolorem.json
db-92.young.org,2007-01-09,1990-02-20 07:46:02,02:47:16,2013-01-06T19:18:59,Hodgson and Sons,GB,enim.json
web-99.jones.biz,2008-11-25,1987-05-29 10:00:06,00:11:32,1971-04-20T01:53:50,Nelson-Baldwin,GB,officiis.mov
srv-85.watson.info,1996-10-09,1979-08-15 17:53:43,06:42:45,2002-11-15T16:20:56,"Whittaker, Lawson and Walters",GB,quod.bmp
db-56.young-jones.net,1996-12-20,1985-01-04 08:18:04,22:35:54,2013-07-31T20:43:57,Bradley-Dixon,GB,quaerat.gif
srv-85.bryant-elliott.com,1998-11-08,1973-01-14 09:08:06,20:05:29,1970-01-29T05:22:41,Butler Ltd,GB,a.ppt
web-72.osullivan-west.com,2019-03-05,1987-08-20 19:26:49,12:31:19,2001-10-16T04:31:22,Martin PLC,GB,rem.bmp
desktop-09.hall.net,2016-09-03,1990-01-12 00:35:23,10:13:45,1989-06-11T18:54:12,"O'Neill, Hussain and Bailey",GB,dolorum.bmp
email-30.gregory-mclean.com,2001-10-24,1978-05-26 16:23:00,08:15:21,2022-05-09T20:49:08,"Owen, Smith and Lyons",GB,necessitatibus.ods
laptop-14.riley-ball.com,2021-12-07,1985-05-15 21:18:34,05:36:58,2015-07-21T14:34:33,Miles Inc,GB,modi.jpeg
lt-34.parsons.com,2016-09-20,1983-12-17 03:52:10,22:53:21,1990-09-19T05:45:55,White-Wallace,GB,nemo.webm
srv-63.reynolds.info,1999-11-14,1991-03-04 10:10:25,12:57:53,1993-07-19T16:51:51,Baldwin-Ward,GB,asperiores.avi
desktop-53.edwards.com,1972-11-21,1976-07-12 12:56:23,11:08:56,2001-11-19T05:00:42,"Armstrong, Warren and Evans",GB,repellat.txt
srv-16.woodward.com,1996-11-25,1988-05-10 13:31:54,07:06:09,2013-03-02T13:27:42,Brown Ltd,GB,dolore.wav
lt-25.davis.com,2017-07-16,1972-02-09 12:50:02,15:43:58,1977-08-14T11:24:05,Martin-Jones,GB,iste.flac
db-16.oneill-thompson.biz,2012-02-07,1990-06-24 21:53:26,04:24:55,2014-05-22T18:04:57,"Wood, Turner and Walker",GB,in.mp4
lt-77.daniels.org,2017-09-25,1996-04-27 09:04:13,18:45:06,2019-02-19T12:04:39,Buckley-Elliott,GB,ex.bmp
lt-05.williams-richardson.biz,1980-12-25,1970-09-13 01:55:45,15:44:00,2014-04-01T22:51:06,Wilson Ltd,GB,doloribus.odp
laptop-86.cole.co.uk,2018-07-14,2010-07-29 07:59:56,12:58:20,1981-04-02T23:27:18,"Taylor, Morris and Fraser",GB,pariatur.mov
srv-56.webster-jones.com,2019-03-12,2005-12-30 11:17:17,06:13:18,1993-08-27T13:17:47,Walton-Dennis,GB,ut.mov
srv-06.cox.com,2001-07-03,1976-10-12 18:55:21,11:31:55,2000-11-03T06:28:41,"Bradshaw, Patel and Vaughan",GB,in.html
laptop-71.gordon-taylor.com,2001-03-24,1974-10-07 06:42:16,00:57:40,1992-02-18T07:31:18,"Butler, Curtis and Cox",GB,nostrum.mp4
web-12.jones.co.uk,2019-05-08,2003-07-29 23:23:38,02:12:41,1986-10-10T23:27:54,"Mitchell, Kaur and Warren",GB,maxime.mp3
db-38.slater.org,1989-04-27,1971-04-07 07:53:41,08:28:11,2021-06-15T23:25:19,Smith Ltd,GB,doloribus.wav
lt-97.oneill.co.uk,2001-07-14,2010-02-20 01:46:54,18:27:36,2008-02-04T04:42:42,Walters LLC,GB,facere.mov
email-08.hill-chan.com,1994-05-20,1985-11-26 19:25:28,17:08:26,1999-05-27T16:27:38,Watkins-Lawson,GB,laboriosam.tiff
db-65.saunders.info,2020-05-25,1999-12-07 11:50:16,11:55:08,1989-10-13T22:14:40,Noble and Sons,GB,repudiandae.mp4
laptop-19.moore-reeves.org,1978-09-02,2020-09-29 15:19:06,06:19:41,1992-09-18T13:02:03,Moore PLC,GB,saepe.json
email-05.davies.info,1985-07-07,2003-04-28 22:24:56,13:56:08,2005-10-12T10:11:29,"Taylor, Bishop and Smith",GB,explicabo.bmp
laptop-70.morris.co.uk,1978-09-17,2001-08-31 20:23:12,15:20:54,1984-08-19T16:54:40,"North, Shaw and Fraser",GB,distinctio.png
email-83.dale.com,1972-02-02,1978-01-14 23:54:07,03:18:10,2013-08-09T10:08:35,"McCarthy, Wright and Wade",GB,quibusdam.bmp
db-53.lewis.com,1982-08-25,1976-01-04 02:38:15,15:32:36,1987-03-01T21:45:32,Gibbs-Nicholson,GB,et.bmp
web-97.palmer.org,1987-03-11,1997-01-29 01:53:33,20:59:25,2006-05-19T01:31:52,West PLC,GB,at.mp4
web-04.begum.com,2020-04-16,1996-02-23 10:17:34,23:46:29,2012-01-11T15:30:01,"Hall, Scott and Nicholson",GB,quisquam.webm
db-70.evans.net,2013-05-11,2011-05-04 20:44:02,16:27:00,1995-09-24T01:13:15,"Fry, Clark and Kay",GB,corrupti.bmp
db-73.reed-smith.co.uk,2014-05-22,2016-05-20 00:23:31,04:35:44,1996-05-20T03:19:26,Evans Ltd,GB,libero.gif
web-81.hargreaves.org,1999-08-03,2000-09-19 18:27:24,06:35:41,1976-10-02T00:35:40,"Finch, Hunt and Atkinson",GB,saepe.json
db-11.taylor-robinson.com,1986-09-12,2023-02-27 04:43:05,17:06:11,1984-08-09T15:53:50,Saunders Inc,GB,delectus.pages
lt-81.price-morgan.net,2020-04-21,1987-11-24 08:11:50,04:52:08,1986-08-22T14:10:04,Collier-James,GB,sed.odt
lt-45.taylor.com,1980-04-29,1994-08-20 01:23:56,04:45:51,2018-03-02T07:31:32,Lawrence Ltd,GB,deleniti.docx
web-12.gibson-johnson.com,1991-07-18,1994-02-13 09:51:59,03:21:43,2016-08-18T12:58:44,"Shepherd, Begum and Lewis",GB,accusamus.png
lt-65.shepherd-wells.org,2008-09-30,2010-05-07 16:42:58,03:51:10,1990-05-02T17:11:22,Smith Group,GB,temporibus.mp3
db-23.berry.com,1999-12-27,2016-04-13 12:49:55,19:03:58,1974-07-12T16:58:48,Wall LLC,GB,consectetur.jpeg
db-03.hanson.com,2023-03-02,2011-04-07 11:03:30,07:03:34,2015-10-21T00:16:13,"Fowler, Allen and Fox",GB,libero.gif
web-22.williams-rogers.com,1982-12-16,1972-01-18 08:58:56,11:15:28,2009-02-09T16:04:42,Evans PLC,GB,soluta.json
srv-43.archer-harris.com,2020-02-18,1984-01-01 16:10:43,13:16:14,2008-11-12T11:09:18,"Wright, Begum and Frost",GB,corrupti.avi
laptop-07.sims.info,1971-12-22,1977-01-08 06:51:24,19:21:36,2004-08-08T14:55:53,"Bailey, Morrison and Moss",GB,enim.pages
laptop-12.saunders.com,1987-06-15,1981-06-09 21:40:26,19:53:10,1990-07-15T10:41:55,Hayward Group,GB,modi.png
db-25.williams.com,1993-01-04,2003-08-24 17:39:11,07:27:18,1998-02-27T08:18:49,Knowles-Roberts,GB,veniam.jpeg
email-86.davies-pickering.org,2010-02-05,1972-02-28 11:34:52,13:16:18,2013-03-17T08:42:34,Thomas Group,GB,esse.bmp
lt-95.oconnor-pearson.com,2001-04-17,2003-04-25 00:17:20,11:04:28,2004-12-18T21:41:25,Clark-Clark,GB,rem.ods
lt-34.howe.com,1973-11-21,1978-03-29 11:06:29,15:23:23,2018-11-29T17:37:34,Edwards-Allen,GB,rerum.mp4
desktop-43.lewis-hamilton.com,1976-01-08,2002-06-29 01:36:55,06:59:01,1994-01-24T13:04:19,Jennings-Turner,GB,alias.mp4
desktop-64.grant.com,2018-07-25,2007-09-04 00:23:44,05:40:02,2020-03-30T17:25:13,Johnson LLC,GB,sint.csv
lt-07.burke.com,2014-03-06,2005-01-21 14:36:44,06:32:23,2005-06-08T18:47:06,Williams-Thomas,GB,atque.flac
desktop-90.wright-jones.org,1982-12-22,1973-05-17 00:43:36,02:26:14,2014-05-17T18:10:58,Wright LLC,GB,accusamus.avi
lt-10.humphreys.com,1983-03-29,2010-05-13 01:46:53,00:19:50,2020-03-27T15:02:51,"Faulkner, Simpson and White",GB,perferendis.pages
srv-14.rogers.com,1979-07-12,1989-03-28 09:46:32,16:01:45,2012-03-15T20:28:33,Atkins-Khan,GB,consectetur.wav
srv-32.stevens-lane.com,2021-12-18,1988-02-25 03:47:10,03:35:03,1978-06-09T21:13:54,Wells LLC,GB,cumque.png
srv-60.jenkins-harrison.com,2016-02-13,2007-01-25 12:54:12,10:32:31,2012-08-25T00:50:41,Johnson LLC,GB,velit.mp3
db-52.turner-mckenzie.biz,1975-04-30,2005-04-03 07:59:15,10:35:41,2002-12-18T02:13:16,"Barton, Howard and Fletcher",GB,occaecati.txt
email-94.yates-dawson.com,1973-03-28,2008-07-04 11:53:03,17:02:28,1979-05-10T18:14:54,Butler Ltd,GB,recusandae.mp3
laptop-74.smith.net,1996-12-23,2004-06-19 12:56:41,03:36:52,2010-04-07T07:20:29,"Hughes, Robinson and Thompson",GB,aliquam.jpeg
srv-81.page.com,1985-09-23,1975-03-30 10:57:00,07:29:50,1984-01-28T02:33:47,"Farrell, Miller and James",GB,velit.ppt
lt-57.taylor.com,2008-06-20,1977-04-09 05:08:09,12:15:22,1996-02-05T08:57:12,"Hall, Burton and Bailey",GB,sequi.mp4
email-89.stanley.com,1971-11-04,2004-08-04 13:56:59,07:20:21,1986-01-29T18:37:08,"Khan, McCarthy and Cook",GB,soluta.mov
web-87.taylor-heath.biz,1979-06-22,1974-03-07 04:16:57,01:22:39,2002-05-15T14:11:39,Sims PLC,GB,quae.jpeg
email-40.wilson.com,2005-05-07,2000-08-10 19:01:01,06:40:11,1972-05-26T01:50:10,"Khan, Webster and Frost",GB,quaerat.wav
email-19.barber.com,2003-12-31,2004-09-13 04:13:10,02:29:55,1976-02-20T11:34:15,Williams-Fisher,GB,tempora.wav
srv-16.doyle.org,2021-03-17,1993-01-10 05:16:35,16:56:21,2001-04-05T08:56:27,Roberts PLC,GB,autem.css
laptop-78.smith.com,1975-10-19,2003-01-24 07:52:23,08:11:12,2019-11-21T07:54:02,Wood Group,GB,amet.js
srv-59.cooke.com,1977-09-03,1989-09-27 11:34:06,06:01:04,1971-06-17T07:42:53,Taylor Inc,GB,corrupti.flac
srv-41.shah-nelson.net,2004-06-23,1971-08-01 18:22:05,21:09:25,2008-12-27T17:57:51,"Williams, Johnston and Humphries",GB,accusantium.mp4
db-34.price.biz,1970-06-06,1970-09-24 14:54:06,01:17:06,2022-06-14T05:18:42,Hutchinson-Norman,GB,voluptatem.flac
srv-50.davies.com,1972-02-07,1978-05-18 14:44:05,19:25:12,1970-01-28T12:09:54,"Taylor, Fox and Lloyd",GB,pariatur.webm
laptop-14.murray-gilbert.net,1985-08-12,2020-12-14 10:27:40,20:47:05,2012-01-09T18:21:03,Kelly-Grant,GB,ipsa.webm
laptop-48.hart.co.uk,2011-10-28,1982-07-15 09:45:58,07:33:24,1988-07-24T02:38:02,Jones Group,GB,recusandae.png
srv-90.barber-bryant.biz,1990-05-03,2003-08-05 06:52:07,05:06:35,2004-10-05T11:36:39,Gallagher-Harris,GB,enim.avi
laptop-78.patel.org,1979-03-01,1986-12-03 11:05:41,11:26:35,1975-07-02T00:46:57,Russell PLC,GB,reiciendis.pptx
desktop-19.hardy.com,2004-03-03,2000-09-28 13:58:38,11:54:25,1970-05-13T16:12:29,McDonald-Roberts,GB,odio.numbers
laptop-39.johnson.co.uk,1972-09-03,1986-10-22 02:37:06,15:00:09,1994-10-19T08:49:16,Clark-Knight,GB,voluptates.csv
desktop-28.cooper.net,2011-11-15,2000-02-22 10:27:03,20:21:39,1989-06-09T08:03:21,Flynn-Murray,GB,dolores.flac
srv-05.stevenson.co.uk,2023-05-11,2015-08-16 14:10:50,06:28:53,2010-09-09T04:20:37,Sullivan-Knight,GB,ea.gif
web-11.cooper-wright.info,2011-03-05,1999-07-17 11:30:52,22:52:51,1992-04-02T12:11:17,Hawkins Inc,GB,corporis.jpg
srv-79.hudson.com,1989-07-21,2013-07-14 19:17:06,11:53:12,2009-11-22T19:18:05,Walker LLC,GB,voluptate.wav
srv-62.palmer.com,1993-07-08,1986-07-02 06:32:58,06:51:32,1989-09-22T11:42:42,Dunn PLC,GB,fuga.csv
srv-44.evans.com,1977-09-21,2008-03-05 07:46:28,13:04:39,1982-12-03T22:10:17,O'Connor-Brown,GB,perferendis.numbers
web-38.perkins-sharp.co.uk,1992-12-07,2000-04-04 20:59:51,08:27:00,1998-11-28T03:06:36,"Patel, Hughes and Baker",GB,aliquid.flac
web-18.hardy-porter.com,2015-03-08,2011-07-16 21:26:43,03:31:42,1983-12-17T10:14:14,Harrison-Shaw,GB,aut.avi
laptop-48.lloyd-marsh.com,1976-09-27,1975-09-30 16:50:56,09:05:12,2012-08-14T21:41:32,Singh-Farmer,GB,accusantium.txt
desktop-46.rahman.com,2019-08-17,1998-05-19 13:40:47,20:16:35,1971-04-09T01:05:03,Foster PLC,GB,ex.numbers
desktop-40.evans.org,2014-11-30,2000-06-21 09:31:59,19:59:17,2018-06-18T16:56:53,"Evans, Ferguson and Baker",GB,eveniet.avi
srv-85.evans.co.uk,2022-06-14,2007-04-13 02:04:43,14:58:09,2015-06-06T21:38:18,Sanders PLC,GB,quo.webm
srv-89.saunders.com,2006-06-08,2020-01-18 09:54:33,16:05:12,2022-07-10T14:21:36,Davies Ltd,GB,fuga.bmp
email-67.phillips.com,2000-08-01,1978-08-29 10:25:52,03:43:36,1971-06-28T11:49:28,Brown-Ward,GB,accusantium.xlsx
web-42.bishop-stanley.info,2006-12-18,1977-03-29 21:13:59,06:55:06,2003-07-26T21:57:37,Smith Inc,GB,ut.pages
lt-02.hope-owen.info,2017-10-21,1982-10-16 11:34:51,19:24:04,1991-09-28T16:24:14,Stephens Inc,GB,quia.wav
web-29.hall.org,1990-12-26,1988-08-30 12:54:18,03:18:20,1995-12-19T15:49:12,Power LLC,GB,maxime.mov
srv-49.oliver.co.uk,1994-06-20,1983-12-05 22:04:38,21:18:05,2015-10-24T11:15:42,"Weston, Power and Wilson",GB,porro.bmp
lt-04.knowles.com,1984-01-21,1999-06-14 14:39:34,10:13:36,1970-08-18T15:59:56,Perry PLC,GB,est.wav
email-97.donnelly.com,1997-08-23,1971-11-16 08:40:37,22:40:02,1996-05-28T11:17:44,Jones-Kaur,GB,quisquam.csv
email-39.mills.net,2003-12-04,1977-07-05 14:41:21,22:03:40,1998-03-11T14:25:53,"Green, Anderson and Stephenson",GB,placeat.txt
web-92.power.com,2022-07-30,1985-09-18 02:21:27,19:03:19,2005-01-28T06:30:06,"Joyce, Charlton and Walker",GB,maiores.odt
lt-79.ball.com,1986-08-02,2011-11-12 06:08:25,07:39:22,1974-11-28T06:05:09,O'Brien Ltd,GB,non.csv
web-87.frost-evans.com,2015-02-26,1995-12-15 02:41:04,01:07:59,1976-09-17T06:17:30,"White, Hunter and Hughes",GB,ex.flac
db-19.bell.net,1970-10-04,2011-10-13 18:10:19,19:08:08,2015-09-20T22:50:11,"Cooke, Poole and Williams",GB,occaecati.css
web-96.yates.com,1980-05-20,1983-04-08 08:11:11,19:20:08,2008-04-22T22:40:37,"Wilson, Smith and Fisher",GB,explicabo.jpeg
desktop-13.cooke-wilson.org,2006-04-20,1974-09-25 13:24:27,22:58:57,2006-07-13T08:31:45,O'Connor Ltd,GB,ad.wav
laptop-04.stephenson.com,2018-12-23,1994-05-07 01:50:38,19:46:08,2007-06-02T21:38:18,Collins-Allen,GB,animi.pdf
email-05.cooper-smith.com,2001-04-28,2006-12-26 07:36:44,12:21:20,2002-10-18T19:21:19,Brooks-Rose,GB,molestiae.wav
laptop-18.thompson.com,1980-05-19,1987-06-19 16:07:50,06:08:47,2012-03-04T05:49:26,Wallis LLC,GB,tenetur.mp4
srv-70.wilson.com,1995-02-10,2001-03-18 05:18:40,10:06:55,1990-02-23T17:23:27,Carr PLC,GB,culpa.jpg
laptop-49.collins.net,1996-10-30,1987-09-22 11:21:07,11:36:04,2011-05-13T14:36:08,Godfrey-Burton,GB,impedit.doc
email-77.bruce-myers.com,2010-11-20,1983-10-19 04:51:38,13:24:53,1988-10-07T21:18:13,Hussain Ltd,GB,maxime.js
lt-64.dawson.com,2004-09-13,2011-11-22 19:26:55,17:44:16,1981-05-02T13:26:14,Knight-May,GB,laboriosam.json
web-28.shaw-pugh.com,2015-11-11,1995-10-10 06:52:58,22:26:36,1973-07-28T14:07:06,"Patel, Begum and Marsh",GB,natus.mp3
desktop-01.singh.com,1999-09-15,1993-12-18 15:15:08,02:13:06,2010-09-03T13:19:46,"Evans, Wilson and Lucas",GB,praesentium.numbers
email-97.griffin-lawrence.com,1994-01-03,1985-01-28 07:01:13,17:38:08,1985-01-08T15:42:25,"Moran, Connolly and Long",GB,eum.gif
db-15.parker-thomas.com,2012-01-01,1977-03-06 00:09:01,07:14:45,1973-03-17T10:06:18,"Johnson, Carter and Butler",GB,deleniti.jpeg
email-62.clarke.com,1990-11-29,1985-06-01 19:55:17,04:37:04,1978-11-04T19:26:36,Page-White,GB,sequi.wav
laptop-68.brown.info,1981-06-10,1980-02-28 12:44:42,18:52:43,1984-09-28T23:06:40,Randall Inc,GB,facilis.odt
srv-76.hunt-mitchell.co.uk,1983-03-19,2006-06-01 16:27:19,23:59:20,2012-10-29T21:19:48,"Wilkinson, Clark and Whitehouse",GB,reprehenderit.flac
lt-37.osullivan-fletcher.co.uk,2016-10-04,1997-09-23 21:40:53,05:19:23,2019-10-24T16:05:13,Wilson Inc,GB,quae.pages
desktop-43.franklin.com,1975-01-28,2021-12-22 14:51:37,22:19:49,1978-09-02T20:30:04,Bradley PLC,GB,ea.mp4
desktop-75.thomas-edwards.com,1983-03-14,2001-02-05 20:19:28,21:39:06,1990-03-16T04:27:31,Mason LLC,GB,quas.mp3
db-96.moore.net,2010-12-07,2007-10-13 13:56:14,07:30:54,1979-02-04T10:00:08,Cook PLC,GB,pariatur.json
desktop-57.hopkins-walsh.com,2016-09-24,2000-07-26 14:59:04,16:40:23,2000-01-06T17:29:53,Nelson LLC,GB,quis.xls
db-51.jones.org,1977-07-11,2010-12-27 04:17:29,08:44:13,2009-03-19T08:50:21,"Clements, Jones and Richards",GB,voluptatibus.mov
web-56.edwards-law.com,1981-06-06,1976-04-01 03:04:54,16:54:50,1991-12-27T03:46:49,Kay-Duncan,GB,est.webm
lt-27.evans.com,2001-11-27,1971-03-08 01:16:48,00:01:35,2013-01-14T17:40:04,Clayton and Sons,GB,sequi.html
srv-58.hussain-hunt.com,2000-10-25,1978-04-04 14:21:11,00:39:17,2013-07-14T18:25:58,"Shah, Barrett and Bailey",GB,vitae.flac
srv-86.williams.com,1974-05-10,1973-03-08 19:37:10,05:23:01,2022-02-26T04:58:12,Morris-Parker,GB,in.png
db-96.moore-burns.net,1988-02-01,1999-06-16 17:33:49,13:03:48,2023-07-16T19:17:59,"Poole, Craig and Nash",GB,at.wav
desktop-73.knight.net,1992-11-29,1999-12-04 10:52:43,18:21:05,2019-10-27T12:12:56,Butler-Richards,GB,reiciendis.bmp
db-06.manning.co.uk,1999-11-24,2015-04-11 12:04:39,10:07:29,1982-11-24T19:09:16,Elliott-Hill,GB,placeat.xlsx
db-95.green.com,1970-10-02,1985-12-22 06:33:45,14:59:31,1984-11-02T16:24:32,"Sims, Rose and Bell",GB,eaque.png
laptop-16.storey.com,1995-06-18,2022-03-03 22:33:56,12:35:56,1996-03-17T09:47:18,"Fuller, Martin and Page",GB,hic.mp4
db-29.smith-armstrong.com,2000-04-04,2019-12-31 02:24:26,22:30:09,2019-08-02T05:42:26,O'Brien PLC,GB,distinctio.mp3
srv-35.hunter.net,1998-04-18,2016-03-13 12:35:12,07:17:55,1972-02-19T17:26:43,"Simpson, Mason and Evans",GB,expedita.mp3
db-95.barker-kennedy.net,2002-02-07,2006-05-22 18:41:02,02:35:53,2021-02-06T03:18:54,"Mann, Hutchinson and Robinson",GB,amet.odt
laptop-08.graham-field.co.uk,2023-08-25,1975-04-12 09:44:06,12:43:25,1978-10-09T05:37:30,Hunter Group,GB,odio.numbers
web-10.chambers.com,2015-04-04,2005-12-23 07:34:22,17:52:03,2020-09-18T06:19:35,Miller-Reed,GB,illo.key
email-32.coleman.com,1978-05-19,1999-04-13 16:29:30,19:03:20,1997-12-11T03:26:26,Ross Group,GB,eius.wav
web-56.kerr.co.uk,1993-02-20,2002-06-04 12:15:32,03:11:01,2008-05-01T16:32:59,Jones and Sons,GB,quam.mp3
lt-67.morrison.biz,1996-12-22,1975-04-11 12:02:10,06:41:56,1988-05-20T00:02:52,Nelson PLC,GB,veniam.png
lt-93.hussain.net,2013-01-23,1991-06-07 21:46:17,20:05:41,1991-09-16T17:23:20,"Powell, Smith and Parry",GB,unde.csv
web-01.waters.com,2001-07-09,2019-10-28 01:24:19,20:47:30,1997-05-24T23:55:31,Roberts-Skinner,GB,cum.docx
lt-19.thomas.com,1998-09-24,1971-02-11 21:56:02,15:11:57,2002-05-01T19:19:52,"King, Thompson and Griffiths",GB,unde.mp3
email-62.mills.co.uk,2000-05-22,1979-09-07 19:23:17,18:20:13,1979-03-22T23:20:44,Stone-Owen,GB,in.flac
laptop-46.howell.com,1989-08-31,1976-11-07 12:25:16,14:43:42,1970-11-20T15:24:43,Cross Inc,GB,ducimus.js
db-40.clarke.com,1973-10-08,2007-04-30 06:53:54,14:58:06,2006-08-20T23:12:55,Brown-Adams,GB,occaecati.mov
web-62.may.co.uk,2015-05-09,1995-07-27 14:18:13,00:11:25,2009-10-23T05:22:52,"Wilson, Evans and Norman",GB,quasi.flac
db-82.gardiner.info,2010-02-16,1988-07-08 09:49:56,01:54:40,1988-07-07T23:15:54,Glover-Sykes,GB,earum.webm
web-56.chapman.info,2003-08-14,1984-08-13 17:05:47,09:08:24,2015-06-10T12:21:44,Phillips LLC,GB,commodi.mov
desktop-36.scott-thomas.com,2007-11-23,2021-04-25 12:32:07,19:37:31,2007-12-11T07:38:57,"Walsh, Giles and Jones",GB,at.tiff
desktop-37.cooper-robinson.net,2000-08-11,2012-05-26 06:51:54,03:50:52,1989-01-11T18:22:39,Bradley-Coles,GB,similique.wav
laptop-10.singh-bradley.co.uk,2023-05-16,2008-09-14 17:31:51,01:13:19,1994-07-20T19:47:49,"Brooks, Richardson and Palmer",GB,illo.tiff
lt-55.wright.info,2008-05-29,1980-08-27 00:04:28,20:53:58,1989-04-29T12:40:43,"Booth, Bryant and Phillips",GB,quasi.mov
laptop-74.wright.com,1975-05-13,1981-12-04 04:03:36,20:48:17,1973-08-17T22:45:19,Burke Ltd,GB,quam.png
srv-40.atkinson.com,1998-01-08,1997-11-06 06:48:40,00:04:29,2004-10-21T09:53:39,Smith-Gibbons,GB,ipsa.mov
lt-01.lamb.org,2005-07-02,1999-09-10 04:19:45,12:54:17,1991-06-05T11:28:56,Lambert-Hart,GB,molestias.webm
web-39.preston-cooper.biz,1978-06-03,1997-08-29 17:00:19,17:59:14,2008-06-02T19:09:54,Clark Inc,GB,qui.ods
laptop-05.duffy-smith.com,2002-10-28,2013-05-03 16:47:21,19:08:52,1983-08-02T07:18:02,Murray Ltd,GB,quisquam.pdf
desktop-72.middleton-swift.net,2001-11-03,2002-09-07 20:10:31,17:24:56,1985-09-17T07:54:06,Morrison PLC,GB,quam.avi
desktop-49.wilkinson.biz,2020-01-03,1984-01-30 02:53:08,15:20:19,1971-05-12T13:04:36,Robinson-Powell,GB,excepturi.png
email-01.burgess-morgan.com,2000-11-22,1981-04-28 04:26:52,10:36:54,2009-11-25T11:03:55,Storey Group,GB,voluptates.odp
srv-35.johnson.com,1977-03-12,1987-12-07 11:26:49,09:47:41,1985-06-14T23:56:42,Hughes LLC,GB,distinctio.flac
db-90.robinson.com,2001-09-29,2021-02-20 08:41:47,08:46:30,2016-04-30T01:24:29,Rice-Taylor,GB,consectetur.mp3
email-91.jones.com,1999-09-28,1981-11-22 18:26:54,22:58:46,1997-10-15T11:18:01,Edwards-Smith,GB,cum.xls
desktop-02.cook-waters.net,1977-04-20,1995-01-22 06:17:33,10:09:57,1980-09-08T21:33:41,Brown-Wyatt,GB,incidunt.key
laptop-98.warren-hayward.com,2000-08-19,2005-01-30 06:15:58,14:29:53,1979-02-25T15:35:29,Jenkins PLC,GB,similique.key
lt-14.jones.com,2012-10-02,2016-01-14 14:30:07,11:13:50,1985-08-09T12:22:16,Wyatt-Hughes,GB,atque.xlsx
lt-76.baker.com,1991-02-19,2012-01-27 15:39:13,10:34:58,2017-08-20T00:27:28,"Ball, Reed and Nelson",GB,eius.txt
web-87.barker.org,2020-01-28,1977-08-02 03:01:35,05:39:34,1975-06-11T16:22:13,"Martin, Wilson and Sullivan",GB,quo.numbers
laptop-81.williams.net,1970-02-02,1973-10-07 13:47:49,13:18:40,1983-12-10T02:38:07,"Taylor, Hawkins and Moore",GB,aspernatur.key
srv-99.scott-murray.com,1988-04-29,1978-10-06 08:31:36,09:03:05,2007-10-08T07:19:36,Martin-Gray,GB,commodi.gif
email-67.smith.com,1979-10-09,1976-12-20 10:22:42,00:43:53,2011-04-09T08:03:53,Thompson and Sons,GB,architecto.xls
srv-43.bell-hill.com,1993-06-03,2012-06-10 20:59:41,10:12:47,2003-10-04T18:56:46,Jones Ltd,GB,delectus.txt
srv-60.clements-young.com,1986-05-27,1976-01-01 15:35:24,01:17:23,2015-06-01T09:14:56,"Barnes, Lee and Marsh",GB,occaecati.mp3
laptop-92.duffy.com,2011-05-07,1996-11-18 01:49:36,20:04:10,2010-02-27T10:13:27,Brennan PLC,GB,qui.xls
email-81.page-roberts.com,1970-05-15,1986-07-21 08:36:12,00:37:43,2010-06-26T18:50:25,Parker-Martin,GB,laboriosam.css
laptop-75.hamilton.com,1986-03-02,2007-04-25 16:04:08,08:07:30,2003-11-11T14:51:00,Clark Ltd,GB,eligendi.avi
email-02.white.com,1970-11-30,1974-12-14 17:48:32,09:14:02,2008-04-05T11:42:59,Hartley and Sons,GB,recusandae.csv
web-89.morley.com,2018-06-29,1981-09-04 19:33:00,17:21:34,2007-05-04T19:04:55,"Booth, Anderson and Hudson",GB,a.txt
desktop-95.griffin.com,2007-01-22,1984-07-25 02:10:24,01:15:25,2005-07-24T16:34:11,Mason LLC,GB,deserunt.wav
web-74.haynes.info,1986-08-17,1984-05-04 09:57:20,13:08:47,1981-02-24T07:33:51,Warren and Sons,GB,iure.odp
laptop-45.marsh.com,2010-05-23,2000-04-08 04:22:27,11:25:01,1991-02-23T10:17:43,Wallace-Hughes,GB,quas.pdf
email-09.jones.biz,1983-01-30,2006-11-04 21:50:25,04:26:57,1994-04-29T21:21:17,Ford-Smith,GB,pariatur.odp
laptop-67.gordon.com,1971-05-11,1988-04-16 10:53:28,11:07:33,1995-09-28T13:04:58,Lewis PLC,GB,eius.json
web-80.frost-begum.com,1971-01-25,2001-10-02 17:07:32,00:51:44,2009-04-20T16:14:40,"Hartley, Davison and Bennett",GB,totam.txt
email-99.knight.info,2021-06-11,1978-09-18 04:57:28,06:55:04,1991-03-01T01:30:14,McDonald Group,GB,quos.odt
email-06.marsh-hurst.org,1996-05-18,1988-01-21 23:00:32,01:34:28,1987-05-21T23:43:44,Taylor-Whitehouse,GB,ullam.js
lt-07.jones.com,1970-12-14,1990-09-14 06:56:39,15:46:56,1976-03-22T06:32:38,"Hill, Cooper and Akhtar",GB,facilis.flac
laptop-24.mclean.com,1983-05-25,1981-12-17 18:30:38,11:39:41,1979-02-28T05:33:35,"Carr, Moore and Peacock",GB,eaque.wav
laptop-59.fitzgerald.com,2002-03-15,1975-02-07 23:56:49,22:05:02,2023-08-31T07:20:36,Clarke LLC,GB,tempora.mov
web-83.schofield.com,2015-07-30,1987-09-24 04:15:48,17:27:00,1994-06-22T09:44:56,Norman and Sons,GB,consequatur.gif
srv-21.smith-cameron.com,2021-06-21,1997-09-09 00:23:13,13:22:10,2022-11-24T19:07:45,"Harrison, Marsh and Brown",GB,dolore.html
email-37.bird.com,2015-04-11,2012-07-10 14:27:22,13:53:43,2008-11-27T17:42:26,"Martin, Kay and Hughes",GB,quidem.txt
web-82.watson-robinson.net,1993-02-10,2007-03-18 18:10:02,15:14:30,1990-01-23T05:00:01,Gill-Thomas,GB,ratione.json
laptop-14.thomson.com,2009-01-14,1991-02-15 02:03:25,22:43:35,1977-09-30T19:21:10,Hodgson LLC,GB,ipsum.jpg
db-65.anderson.com,1977-10-13,2001-08-26 14:03:38,03:14:55,2013-07-03T07:26:40,Roberts-Jones,GB,nesciunt.png
desktop-63.white-young.com,1978-05-03,1971-03-26 14:48:04,04:12:06,1992-02-04T20:59:21,"Douglas, Jenkins and Talbot",GB,quos.avi
db-44.dawson-watts.com,2007-01-04,1996-08-18 00:54:52,12:19:21,2013-06-09T04:43:40,"Clarke, Mason and Jones",GB,deleniti.html
email-53.knowles-smith.com,1976-09-26,2017-08-20 10:09:35,23:07:10,1985-05-02T15:21:33,Clark Group,GB,rem.avi
email-82.long.net,2015-10-01,1983-05-07 05:48:39,03:56:30,1976-09-15T12:11:48,Hayes-Clarke,GB,omnis.xlsx
web-38.wilkinson.org,1976-04-28,1998-07-28 13:01:15,06:21:14,1988-11-21T08:27:17,Todd-Ward,GB,natus.flac
db-36.welch.info,2016-12-17,2008-09-27 06:13:34,19:53:28,2018-03-27T19:26:49,Arnold-Holt,GB,deleniti.mp4
db-40.robinson.biz,2022-12-15,1979-09-17 10:15:42,04:39:37,1982-08-10T23:36:27,Armstrong PLC,GB,aliquam.mp4
email-48.jones.com,1987-03-11,1978-09-27 11:41:11,04:18:17,1988-06-02T06:28:49,Wallace-Rose,GB,a.ppt
web-59.sinclair.com,1973-08-06,1991-07-17 02:22:37,13:09:34,2008-10-25T07:55:44,Taylor-Smith,GB,non.pages
web-01.kelly.com,1970-10-24,2009-06-01 06:48:19,06:03:06,2013-10-18T09:56:48,Oliver and Sons,GB,adipisci.avi
email-65.robinson.com,1974-04-05,2006-04-06 06:24:04,10:02:11,2001-04-16T05:58:45,"Williams, Wood and Ross",GB,dolores.gif
email-20.joyce-davison.com,1984-12-22,1986-04-08 17:45:25,01:48:58,1994-11-04T18:14:31,Jones-Smith,GB,quo.css
laptop-56.rose.com,1971-09-04,2009-09-05 23:29:54,15:02:18,1993-11-26T18:51:42,Smith Group,GB,saepe.xlsx
db-85.singh.org,1976-10-29,1999-12-16 16:51:35,13:19:30,2001-06-24T04:13:40,Spencer and Sons,GB,quos.flac
email-35.davies-hussain.net,1976-04-21,1988-07-13 06:16:20,23:43:58,1973-06-01T20:23:48,"Hunter, Martin and Connolly",GB,qui.jpeg
email-99.brookes.biz,1981-10-17,1997-08-17 03:52:28,00:24:17,1994-01-05T23:52:45,Hall-Walsh,GB,ad.gif
desktop-00.stevens.com,1970-05-12,2009-05-26 03:05:09,14:20:01,1994-03-12T14:48:08,Haynes-Ahmed,GB,quis.wav
lt-26.gray-joyce.com,2022-02-27,1980-03-29 04:15:24,22:26:11,1981-01-12T12:15:30,Holloway and Sons,GB,ipsum.doc
lt-79.tucker.co.uk,1996-06-04,2022-04-15 23:45:24,15:43:22,1997-12-27T19:08:41,Gould Ltd,GB,dolorum.js
web-63.cooke-quinn.net,1977-09-09,1990-07-26 12:10:45,02:14:22,1996-12-01T00:10:50,Vaughan-King,GB,quam.mp3
srv-58.baker-simpson.com,1998-04-12,2007-11-21 10:57:42,22:12:09,1985-03-08T17:18:51,Wilkinson Group,GB,voluptatum.txt
db-12.walsh.net,1981-02-01,1998-12-04 13:02:15,12:29:16,2014-06-23T14:43:43,"Whitehead, Spencer and Patel",GB,culpa.flac
db-34.morris.info,1998-08-25,1978-04-25 18:14:47,15:48:36,1974-02-15T15:33:40,Berry Inc,GB,minima.mp4
db-75.obrien.biz,1973-05-17,2014-06-03 05:45:45,03:30:06,2006-07-16T00:48:48,"Roberts, Bird and Moore",GB,id.html
srv-61.dobson-green.org,1991-08-19,1986-12-17 16:34:56,00:18:46,2010-10-28T22:53:24,"Holland, Spencer and Holt",GB,labore.ods
lt-43.page.com,1986-06-21,2016-12-04 19:22:22,07:49:21,1975-04-15T09:42:16,Green Ltd,GB,iusto.tiff
desktop-86.mellor-hussain.com,1980-11-10,2012-12-18 04:05:19,11:48:19,1974-07-10T22:13:13,Lewis PLC,GB,voluptatem.flac
desktop-70.edwards.co.uk,1981-03-25,1998-04-11 12:36:43,01:08:42,2012-11-18T20:58:28,Morris-Heath,GB,dolorem.txt
db-55.miller-owen.com,2014-01-04,1986-03-16 14:03:26,21:03:49,2002-03-22T04:22:17,"Cole, Thomas and Williams",GB,illo.mp4
db-11.riley.info,1991-09-16,2001-01-25 20:35:38,16:00:47,1983-12-20T15:52:11,Thompson Group,GB,unde.css
laptop-96.chadwick-short.com,2022-10-15,1985-09-06 13:04:28,15:49:55,2015-03-30T07:51:12,"Marshall, Lee and Wilson",GB,ullam.mov
desktop-64.george.co.uk,1999-06-01,2018-11-24 17:21:34,12:56:21,1981-04-13T16:05:49,Haynes-Craig,GB,ipsa.odp
laptop-67.peters.com,2009-06-29,1984-01-27 20:39:48,22:47:33,2020-08-13T05:00:12,Martin-Newton,GB,autem.mp4
laptop-77.willis.com,2016-07-01,1978-10-16 09:22:27,14:52:14,2013-03-15T16:39:35,"Field, Robinson and Andrews",GB,minima.webm
db-82.webb-bishop.com,2009-03-25,1985-08-30 04:42:40,03:37:16,2009-02-02T10:14:33,"Young, Potts and Harding",GB,cupiditate.wav
email-35.brooks-baker.biz,1975-09-20,2020-12-24 06:55:34,08:28:31,1971-05-11T15:01:08,"Smith, Harvey and Foster",GB,exercitationem.webm
db-83.jones-jennings.com,2000-04-30,2003-10-22 19:07:41,14:59:25,1985-07-02T01:53:06,"Bird, Edwards and Khan",GB,nam.jpeg
laptop-34.stone.biz,1974-07-04,1981-06-27 12:20:52,12:39:05,2005-09-01T13:53:37,Harris-Summers,GB,laborum.doc
email-44.glover.net,1986-05-29,2004-11-30 07:22:29,03:50:25,1989-03-27T10:16:53,Taylor-Power,GB,dolores.pages
email-02.tomlinson.biz,1985-05-23,1971-04-18 19:22:56,15:01:59,2000-05-28T15:14:37,"Fitzgerald, Foster and Bailey",GB,laboriosam.webm
email-94.ferguson-webb.com,2011-01-23,1999-10-27 05:10:03,11:56:42,1995-08-30T21:07:56,"Gordon, Sykes and Goodwin",GB,voluptatum.mov
srv-66.franklin.com,1975-01-16,1973-01-03 21:56:56,20:57:17,1997-04-02T10:50:37,"Edwards, Davies and Barnes",GB,quo.flac
srv-69.walsh.com,1975-06-03,2005-01-08 00:10:14,04:08:02,2013-02-16T19:22:47,Phillips-Clarke,GB,fugiat.bmp
db-30.edwards.co.uk,1976-08-19,1999-12-29 13:38:11,14:01:42,1998-02-27T11:54:11,Gibbons Group,GB,saepe.png
email-82.kennedy-cook.com,1978-02-15,2009-12-10 16:51:26,00:47:37,1980-08-14T09:19:01,Miah and Sons,GB,quae.wav
desktop-82.phillips.com,1985-01-19,1989-09-14 05:08:00,11:24:10,2021-07-17T12:01:13,Baldwin-Richards,GB,fuga.mp3
email-37.jones-roberts.com,2001-10-29,1991-05-02 01:25:01,23:25:55,1974-08-04T15:47:46,Parker-Burns,GB,temporibus.jpg
srv-04.sykes-sharp.com,2016-05-14,1972-11-30 22:25:53,08:15:51,2017-10-25T10:42:30,Coles-Wilkinson,GB,repellat.odt
laptop-04.quinn.com,1990-10-30,2005-05-12 17:53:02,16:51:09,1983-03-01T16:37:55,"Owen, Williams and White",GB,consequatur.odt
srv-22.jones.net,1972-11-27,2016-12-24 09:07:09,04:40:55,2017-03-12T17:52:00,Brown Group,GB,consequatur.webm
laptop-14.watson-cunningham.com,2013-04-05,1996-12-13 05:52:06,13:41:28,1981-06-24T02:51:43,"Pickering, Miah and Brown",GB,fugit.mp4
srv-17.riley.com,2001-07-12,2003-01-31 06:53:28,08:40:12,2018-08-04T03:27:56,"Wilkins, Jones and Bates",GB,reprehenderit.flac
laptop-76.martin.info,1976-08-24,1998-09-06 13:02:10,03:27:54,2023-05-09T21:26:48,"Green, Reid and Richards",GB,cupiditate.jpeg
email-08.watkins.net,2019-02-15,2023-09-10 18:03:49,00:09:21,1985-08-01T12:55:03,"Wheeler, Thomas and Smith",GB,deserunt.ods
lt-52.tyler-jones.com,1976-05-05,2005-10-15 04:37:05,04:53:45,1996-08-20T08:16:12,Brown-Walker,GB,excepturi.png
desktop-11.shepherd.biz,1991-09-08,1985-11-20 00:13:43,22:49:15,2004-12-27T02:18:06,Freeman-Fox,GB,incidunt.pptx
web-00.lee.co.uk,1997-12-28,1978-02-05 05:55:22,04:19:46,1973-04-07T00:32:03,"Bell, Shaw and Collins",GB,vero.ods
desktop-83.lawrence-hall.biz,1978-02-17,1982-05-11 21:56:08,21:26:18,2023-07-10T01:01:52,Abbott-Holmes,GB,sed.flac
email-99.dunn-evans.com,1974-08-23,1994-11-19 19:54:17,00:49:04,1998-02-07T14:57:13,"Hurst, Hanson and Thomas",GB,quis.json
lt-23.stephens-miller.com,2004-11-21,1977-07-30 13:44:38,19:59:08,1980-05-30T06:15:09,Hill-Harding,GB,assumenda.mp4
db-64.kent-johnson.com,1973-11-07,2012-04-02 10:23:48,13:37:16,1986-12-24T01:25:39,Clark-Baker,GB,voluptas.numbers
db-79.hayes-clark.info,2001-11-04,1993-12-25 19:30:20,07:13:10,2003-12-28T04:33:36,"Allen, Berry and Smith",GB,quas.docx
laptop-73.mitchell-francis.com,1997-09-16,2018-12-19 12:42:06,17:51:38,2004-12-24T20:14:01,"Page, Smith and Jackson",GB,rem.flac
laptop-35.miller.info,2011-11-29,2007-03-27 19:45:51,18:51:36,1992-08-04T01:38:31,"Myers, Walker and King",GB,totam.bmp
email-74.evans-yates.biz,1993-01-28,1989-03-27 13:41:40,02:32:22,1999-08-19T21:48:10,Jones and Sons,GB,voluptate.numbers
db-23.davis-hall.com,2000-06-25,1985-01-16 00:00:31,07:31:46,1970-10-31T04:21:09,Wilson-Parker,GB,voluptas.webm
lt-00.dixon.com,1977-08-21,1994-11-24 23:58:04,21:38:27,1979-07-15T15:50:47,Smith Ltd,GB,numquam.txt
lt-57.gibbs-cole.com,1987-11-11,2021-07-14 21:05:54,16:46:38,2020-12-20T00:50:58,King and Sons,GB,magni.doc
web-86.lees.info,1979-10-14,1980-02-01 07:07:16,20:17:23,1985-12-01T23:58:15,"Slater, Rowley and Jenkins",GB,eligendi.flac
email-91.porter.com,2020-11-12,1982-12-22 21:29:20,05:33:16,2014-11-12T23:12:13,Singh Group,GB,quidem.flac
db-80.russell-hughes.com,1976-11-16,2000-11-05 14:45:35,07:48:26,2020-04-22T00:20:24,Wall Inc,GB,temporibus.avi
laptop-77.marshall-hall.com,1982-05-19,1977-10-27 10:09:42,13:50:49,1970-12-24T21:33:18,King-Finch,GB,quia.odp
email-88.khan.com,1996-08-30,2015-12-10 20:12:38,08:10:59,1998-08-18T15:56:23,Stevenson-Harper,GB,cum.wav
lt-12.ward.com,2000-03-30,1987-02-16 01:04:30,17:41:02,1999-06-16T16:05:34,Richards-Dodd,GB,quasi.json
srv-43.stephenson-smith.biz,1978-02-03,2012-12-30 13:04:39,12:01:49,1989-10-01T02:01:14,James-Humphreys,GB,similique.jpeg
srv-63.rice.net,1972-06-21,1992-11-02 18:59:02,16:19:58,2003-07-03T12:50:12,"Wright, West and Wallace",GB,error.wav
laptop-74.noble.info,1981-10-25,2022-10-14 23:45:22,10:45:06,1978-09-06T13:37:39,"Parker, Waters and Smith",GB,ex.gif
desktop-26.wood.com,2020-08-10,1981-02-22 02:20:30,04:13:28,2012-05-11T12:47:03,Jarvis Inc,GB,earum.pdf
srv-43.bryant.net,1987-10-11,1979-05-13 05:39:39,16:37:24,2001-12-23T08:45:19,Horton-Doherty,GB,laborum.mp3
desktop-75.gray.org,2019-07-23,1975-01-17 17:53:43,15:55:31,1986-01-06T14:08:40,Thompson-Harrison,GB,deserunt.avi
email-42.daniels.com,1971-04-07,2019-03-20 11:55:23,05:04:53,2020-08-30T04:53:47,Hughes-Morgan,GB,exercitationem.gif
srv-05.jones.com,1975-07-22,2011-06-25 12:23:11,03:18:31,1978-03-09T03:55:28,"Lewis, Howarth and Davies",GB,exercitationem.flac
desktop-01.thomas.biz,1971-05-02,2020-10-10 18:24:33,06:14:22,1972-08-02T00:45:51,"Hartley, Edwards and Gough",GB,ab.pptx
lt-43.anderson.com,2003-08-22,2007-02-20 01:14:21,09:45:40,1981-02-17T05:53:09,Brown-Robinson,GB,deleniti.numbers
srv-71.francis-watson.co.uk,1973-06-02,2002-04-15 23:22:13,18:44:00,1984-12-29T22:43:11,Hamilton-Wilkinson,GB,impedit.ppt
srv-89.sutton-newman.com,2023-03-04,2012-04-10 01:38:08,10:42:34,1995-10-04T22:15:49,"Williams, Hughes and Jones",GB,excepturi.csv
web-20.jones.biz,1980-09-02,1992-07-23 08:44:42,23:59:01,1996-08-29T16:09:32,Parkinson PLC,GB,quas.webm
srv-09.parry.com,2004-02-21,1981-04-15 02:39:36,01:16:22,2017-05-27T08:48:24,Saunders-Kirby,GB,cumque.webm
srv-95.bradley.com,2001-10-17,1972-03-20 22:29:58,15:51:11,1974-07-22T01:07:03,Parker Ltd,GB,reprehenderit.key
desktop-51.davies.com,1976-03-07,1987-03-19 20:07:08,03:07:03,1988-01-27T01:15:01,Fletcher-Smith,GB,architecto.csv
db-43.edwards-payne.co.uk,2010-12-06,1974-09-09 04:12:45,16:40:52,2008-05-30T11:12:42,Hartley Inc,GB,atque.png
desktop-35.kelly.net,1971-04-25,1973-02-21 04:37:35,06:54:51,1987-04-10T16:08:02,"Williams, Kelly and Norton",GB,voluptas.wav
srv-85.smith.com,2000-12-21,2013-03-14 09:12:58,15:53:07,1977-08-16T08:45:27,"Campbell, Parkes and Fraser",GB,amet.json
db-85.fuller.com,1986-11-12,2016-04-12 18:07:52,04:17:48,1975-03-29T01:49:51,Davies-Green,GB,et.bmp
web-08.brooks.com,1978-11-09,2005-05-09 17:31:06,09:21:43,1972-06-06T00:39:58,Hussain-Chan,GB,dolor.txt
lt-18.brown.com,1982-09-09,2013-12-05 16:49:05,15:14:48,1983-10-25T02:57:41,Brown and Sons,GB,ipsam.gif
email-03.foster.com,1975-11-04,1989-04-16 23:23:47,01:57:29,1996-04-05T00:51:02,Wilson Inc,GB,nostrum.flac
desktop-76.austin.org,2013-01-16,2020-11-10 00:02:12,23:09:58,1970-10-14T18:47:28,"Thompson, Fisher and Adams",GB,repellat.csv
email-69.harrison-phillips.co.uk,1995-12-16,2016-04-10 09:54:03,13:09:35,1979-05-20T20:54:09,Smith and Sons,GB,tempore.html
email-22.moore.com,1989-10-22,2009-03-22 21:50:08,19:17:22,1999-03-27T13:16:49,Wall and Sons,GB,voluptate.webm
email-87.hussain.info,1986-06-22,1993-10-30 19:46:29,03:11:13,1971-01-14T19:37:36,"Collier, Parker and Clarke",GB,ipsum.png
laptop-86.walker.info,2011-09-16,1974-07-29 21:20:26,11:05:05,2017-01-30T15:48:12,"Harvey, Wright and Brooks",GB,fugiat.tiff
db-46.patel.net,1978-07-21,1977-08-02 08:15:13,11:57:50,2004-12-02T21:26:21,Gregory-Hall,GB,nobis.wav
lt-12.pugh.com,1994-10-31,2013-01-22 16:45:33,23:33:23,1998-05-25T08:19:20,Dawson-Richardson,GB,culpa.csv
web-27.williams-parker.info,1978-05-10,2010-08-17 01:49:45,08:21:02,1988-04-13T18:42:12,Mellor PLC,GB,nesciunt.key
laptop-37.bryant-dunn.info,1977-03-09,2000-04-10 00:26:29,06:28:00,1996-06-02T01:51:29,Hall and Sons,GB,eaque.avi
web-66.allen.com,2021-12-06,1992-12-18 23:02:28,18:43:45,1990-05-31T00:17:05,Andrews and Sons,GB,laborum.mp4
srv-02.dobson.com,2016-01-16,2013-05-21 12:16:25,15:16:46,2017-03-18T05:50:21,Carter-Kemp,GB,pariatur.json
email-75.oconnor.org,2000-04-17,1988-11-28 02:12:43,15:33:15,1997-07-11T19:05:05,Richards-Rees,GB,earum.bmp
desktop-61.west-morris.com,1976-03-19,2023-05-14 20:58:24,09:25:22,2011-03-11T01:42:43,Hudson-Walters,GB,ut.css
db-11.woodward.biz,1993-08-21,2017-05-04 14:20:31,20:23:57,1987-05-07T12:27:07,"Scott, Taylor and Pearson",GB,iste.odp
email-45.harris.org,2018-08-08,1982-07-31 22:07:10,16:56:34,2016-03-23T10:41:36,"Harding, Miller and Harrison",GB,dolorem.webm
srv-49.weston.com,1983-07-08,1984-07-10 09:32:56,15:22:48,2017-03-24T20:03:04,Palmer Inc,GB,eveniet.flac
laptop-32.richardson.biz,2019-11-05,1987-09-25 05:26:30,08:50:56,2001-04-14T20:26:23,Hughes-Parkes,GB,quas.mp3
web-72.carter.com,2004-12-26,1987-04-16 06:44:09,02:33:02,2021-12-17T20:19:42,Jackson-Jones,GB,doloribus.xls
db-73.roberts-mills.com,1977-11-13,1972-05-04 09:15:55,02:35:07,1987-01-26T08:35:27,Mason-Akhtar,GB,excepturi.png
srv-36.smith.org,2001-11-15,2017-03-11 04:06:47,02:40:10,1989-07-23T05:03:32,"French, Ahmed and Kelly",GB,beatae.png
web-98.lee-cooke.com,2001-01-31,2004-03-17 19:43:38,00:53:58,1991-02-07T19:19:10,Howe PLC,GB,placeat.ppt
email-81.giles.com,2021-08-10,1986-01-08 10:57:18,12:52:53,1974-10-26T18:28:37,"Gibson, Smith and Barton",GB,perferendis.jpg
laptop-08.turner-wilson.com,2008-01-17,2002-07-29 06:37:41,17:44:06,1997-01-16T15:26:54,"Nash, Morley and Daly",GB,deleniti.avi
email-59.taylor.co.uk,2005-04-30,2010-12-22 16:19:09,17:43:34,2018-12-01T07:41:35,"Hancock, Walters and Frost",GB,ab.js
db-22.parker-rees.com,1976-06-04,1988-04-18 18:31:09,13:00:22,1972-08-25T11:41:59,Bishop LLC,GB,cum.html
web-90.harding.co.uk,1986-08-14,1999-01-15 22:52:18,01:50:58,2018-03-23T11:55:54,Wilson Group,GB,in.bmp
db-08.baxter.com,1998-10-30,2020-11-18 12:03:05,01:25:41,2004-02-27T01:47:57,Riley-Myers,GB,harum.jpeg
srv-32.dyer-parker.info,2003-07-13,1987-04-02 15:11:11,12:19:42,2012-05-14T10:00:54,"Murray, Ward and James",GB,error.tiff
db-26.parry.info,1994-12-07,2015-11-23 15:36:05,10:20:51,2011-12-26T09:12:02,Adams-Holmes,GB,repellendus.flac
desktop-21.hunter.com,2000-01-10,2012-07-24 21:53:54,10:26:08,2012-06-21T21:31:29,"Campbell, Lewis and Leach",GB,qui.tiff
lt-89.young-holmes.biz,2015-05-11,1992-04-23 18:57:57,11:26:08,1970-09-30T08:33:19,"Patel, Welch and Jones",GB,totam.flac
srv-81.archer.co.uk,1975-11-29,1988-11-20 05:34:41,05:00:49,1975-06-02T18:08:19,"Taylor, Chadwick and Lamb",GB,eius.mp4
lt-76.john-jones.com,1984-05-10,1972-04-09 21:22:17,11:09:05,2010-06-07T09:44:18,Johnson-Bennett,GB,culpa.numbers
srv-47.lewis-carter.com,1994-08-17,1974-04-26 01:24:01,12:12:10,1991-11-27T21:03:43,Andrews Inc,GB,nostrum.odp
srv-17.reynolds.net,2017-06-16,2009-01-15 02:52:28,03:11:34,1999-04-16T13:26:50,Clayton-Ali,GB,aliquam.jpeg
laptop-31.johnson.com,1988-03-26,1983-10-19 12:13:11,04:40:00,1988-12-10T16:06:20,"Khan, Ryan and Johnson",GB,inventore.xlsx
db-39.lucas.com,2013-03-31,1995-03-19 18:58:45,05:59:30,1984-07-03T01:55:51,Murray and Sons,GB,architecto.mp4
srv-77.wilson.com,2021-09-05,2011-06-03 02:49:08,23:50:15,1976-04-26T07:09:23,"Matthews, Long and Baker",GB,perspiciatis.txt
desktop-08.jenkins-davies.com,2019-07-22,2003-09-25 11:32:41,18:36:02,2014-03-03T15:15:08,"Thompson, Hughes and Wilson",GB,vero.key
web-10.bailey.com,1996-09-08,1978-07-07 07:51:43,04:32:32,1985-04-12T07:57:33,Barber PLC,GB,repellendus.mp4
srv-40.booth.org,1972-10-31,1975-05-03 03:21:54,02:19:13,2010-12-07T09:40:58,Stevens-Williams,GB,alias.mp4
srv-75.cook.info,1971-08-13,2001-03-31 11:41:37,07:31:03,1982-05-28T11:09:39,"Bishop, Turner and Moore",GB,ipsa.tiff
srv-17.brown.com,1971-06-15,1989-11-21 04:06:11,17:28:34,2012-04-20T10:18:15,Townsend Group,GB,iure.jpeg
web-04.newton.com,1996-11-22,1974-10-27 00:31:43,01:28:59,1987-04-29T19:22:23,Fletcher Ltd,GB,cumque.doc
desktop-41.thompson-brown.com,1986-11-26,1972-02-14 21:09:25,16:29:25,2009-02-17T16:28:54,"Smith, White and Porter",GB,atque.jpg
desktop-16.hall.com,1976-03-26,1989-10-31 21:59:12,14:41:56,1991-10-24T05:25:57,Spencer Group,GB,nam.jpg
web-57.howells.com,2004-12-21,1986-08-01 01:11:50,22:47:16,2012-02-02T07:00:14,"Gregory, Khan and Cooke",GB,exercitationem.gif
web-47.kemp.com,1983-06-21,2018-09-22 01:43:52,13:15:05,2003-10-10T02:37:19,Barrett LLC,GB,illo.mov
db-69.smith-horton.org,2017-06-09,2018-05-09 08:29:38,10:53:07,1991-01-11T11:03:19,"Holmes, McDonald and Smith",GB,commodi.ods
email-16.blake-fox.info,1991-10-22,1982-11-26 19:32:13,19:35:03,2010-01-24T13:19:40,"Adams, Ferguson and Davies",GB,architecto.odp
lt-58.howell-fuller.co.uk,1991-05-23,1974-09-02 20:41:33,08:19:31,1970-12-12T17:52:16,McCarthy Ltd,GB,recusandae.docx
lt-67.ellis.co.uk,1976-08-21,1974-02-11 20:11:23,04:49:17,1974-12-16T00:53:22,"Wong, Scott and Evans",GB,consequuntur.key
email-57.pugh.com,1971-07-27,2008-04-22 03:17:08,10:21:32,2009-03-16T03:12:34,Harvey-Anderson,GB,doloribus.numbers
desktop-98.hughes.com,1988-04-01,1971-07-09 11:05:25,14:45:03,2017-12-12T05:11:54,Evans-Davies,GB,nemo.mov
srv-41.williams-williams.org,1985-12-31,1999-11-16 06:50:51,06:26:40,1975-03-20T09:26:40,Kelly Group,GB,dolor.mov
lt-47.price-roberts.com,1973-03-03,2005-01-22 19:21:47,23:16:56,1986-09-04T06:31:43,"Phillips, Stevens and Pope",GB,ratione.wav
email-94.robinson.org,2003-06-01,1975-04-12 06:19:23,04:17:02,1977-11-03T13:28:05,Stewart Group,GB,dignissimos.mp3
lt-24.moore-nicholls.com,1995-04-01,2007-09-14 02:28:08,05:41:33,2014-02-05T19:53:14,"Smith, Morris and Shaw",GB,doloribus.tiff
lt-31.coates.org,1971-11-29,1995-03-30 07:51:52,10:50:06,2019-10-21T17:46:16,"Wright, Lord and Hicks",GB,dolorem.xls
email-48.knight.biz,1998-03-30,2007-03-23 13:28:37,00:59:25,2020-08-10T05:54:41,Welch Ltd,GB,similique.avi
email-52.adams.com,1970-03-10,1980-04-02 02:58:27,06:08:04,1989-12-28T16:50:48,Clarke Inc,GB,esse.css
laptop-33.martin.com,1983-02-11,1980-06-14 23:06:06,02:26:03,2003-06-05T06:12:15,"Price, Ford and Hicks",GB,laborum.webm
email-65.moore.com,2022-02-24,2010-03-01 02:27:52,12:50:02,2011-12-22T07:49:41,Thomas Ltd,GB,eius.avi
laptop-09.morris.biz,1995-06-19,2013-09-20 02:07:17,03:40:01,1974-08-02T20:03:44,"Smith, Austin and Sutton",GB,ipsa.avi
desktop-09.wilson.org,2006-07-26,1990-12-13 05:24:58,10:18:52,2007-01-11T03:17:05,Brennan and Sons,GB,rerum.mp3
lt-10.barnes-stephenson.biz,2000-08-29,2022-12-01 07:52:54,00:57:59,1980-06-22T22:31:26,Watts-Goddard,GB,non.mp3
web-74.frost.com,1992-01-14,1993-02-12 17:11:53,09:05:59,1989-02-10T10:52:18,"Thornton, Horton and Parkes",GB,accusamus.mp3
laptop-21.george.com,2001-07-20,1974-08-05 02:45:07,04:45:34,2019-04-14T15:35:31,Martin Inc,GB,illum.odp
srv-61.evans-robinson.com,2019-08-31,2010-10-10 14:36:46,03:53:29,1982-06-29T23:12:41,Macdonald-Brown,GB,quae.numbers
lt-29.talbot-adams.com,1997-02-10,2015-04-01 20:55:33,23:14:43,1973-03-14T15:20:21,Green-Hunter,GB,molestiae.csv
desktop-93.burton-richards.com,1998-10-09,2013-09-19 06:52:06,14:33:20,1977-04-30T11:18:17,Russell-Baker,GB,mollitia.mov
web-65.ellis.com,2007-02-05,2007-09-19 11:16:24,08:00:47,2016-12-23T00:56:33,Fox Group,GB,tempore.pages
laptop-26.lee.com,1979-01-28,1991-02-05 14:16:08,14:24:08,1997-03-24T09:56:45,"Jenkins, Stevenson and Little",GB,totam.jpg
email-87.edwards.com,1985-01-18,2014-01-06 08:06:48,03:58:01,2009-10-09T13:02:31,"Davies, Rice and Armstrong",GB,dolor.txt
db-89.porter.com,1976-08-24,2002-09-30 22:22:08,08:34:40,2006-01-07T07:11:19,"Kent, Cook and Wilson",GB,beatae.flac
email-75.lawrence.com,1978-01-09,1989-03-20 03:30:57,19:45:53,2018-09-13T13:04:59,"Morris, Booth and Murray",GB,dolorum.odp
db-42.hyde.com,1980-05-05,2018-12-19 20:26:45,11:29:57,1994-07-05T09:05:23,"Price, Warner and Talbot",GB,expedita.pdf
desktop-26.richards.org,2013-10-17,2006-11-13 07:27:26,14:35:45,2012-01-24T19:04:12,Freeman-Patel,GB,dolorem.png
email-66.butcher-brennan.com,2015-02-14,2015-05-11 06:30:19,22:44:39,1977-11-16T17:49:52,Day-Smith,GB,provident.webm
email-01.nash-johnson.com,1972-01-15,2011-02-12 20:15:43,07:53:32,2013-02-20T07:06:59,Johnston Ltd,GB,laboriosam.xls
laptop-45.ellis-mitchell.net,2022-11-05,2012-12-07 01:49:14,03:24:29,1989-08-05T20:52:34,Smith PLC,GB,dicta.mp3
srv-10.lyons.biz,1998-01-26,2009-04-23 19:50:39,00:13:01,2004-01-29T20:32:03,"Lewis, Clayton and Johnson",GB,qui.mp4
db-70.roberts-thompson.biz,1990-08-12,2008-11-25 15:00:06,17:02:41,2022-07-13T02:02:28,Swift Inc,GB,vero.bmp
email-67.robertson-wilkinson.com,2000-11-17,1997-11-28 14:02:49,09:08:10,2016-03-27T22:55:49,"Burke, Parry and Burgess",GB,iure.mp3
laptop-89.walker.biz,1988-07-04,1995-10-21 00:18:53,08:36:04,2017-10-20T18:33:32,Young Inc,GB,occaecati.doc
desktop-06.sykes.com,1974-05-09,2007-12-28 01:30:27,04:07:11,1987-10-15T12:32:56,Dixon-Warren,GB,ipsa.mp4
laptop-23.white.co.uk,1986-07-28,2010-06-17 13:29:23,08:52:04,1974-12-14T05:50:32,"Jordan, Morris and Wright",GB,beatae.ods
web-47.west.com,2021-02-09,1993-11-01 01:55:17,16:15:39,1997-07-31T21:04:12,"Jackson, Harper and Young",GB,eius.avi
web-24.gould-johnson.com,1971-08-01,1979-08-27 10:30:23,20:47:32,2007-03-16T11:19:05,Harrison Ltd,GB,quidem.webm
srv-76.berry.org,2022-02-13,2022-01-14 09:18:37,13:45:57,1995-11-21T14:13:57,Francis Ltd,GB,officiis.key
desktop-26.mason.com,2019-09-13,2014-05-12 02:13:57,19:15:33,1996-02-11T16:15:29,"Williams, Adams and Shaw",GB,reprehenderit.json
desktop-47.thomas-willis.com,1980-05-22,1981-10-05 22:22:58,12:12:44,1985-04-14T17:55:11,Baker Ltd,GB,voluptas.js
srv-65.farrell-parkin.com,2008-02-07,1997-01-21 07:51:29,22:27:00,1983-01-11T09:24:33,Allan Group,GB,ab.tiff
lt-45.smith-ward.info,1998-09-07,1982-11-16 22:44:00,08:36:09,1981-05-06T16:32:44,Cole-Pearson,GB,dicta.wav
srv-85.ahmed-sharp.co.uk,2000-07-27,2005-05-06 08:41:24,07:19:35,2022-02-18T05:24:10,Walker Group,GB,at.flac
srv-36.webster.com,2006-04-29,1993-01-14 01:52:58,05:09:03,2003-06-18T05:16:10,Patel and Sons,GB,animi.mp3
db-44.potter.net,1980-01-11,2019-09-07 10:37:59,03:52:05,2004-03-18T18:31:10,Ferguson Ltd,GB,totam.png
email-72.coles.org,2018-09-11,2001-09-04 21:51:29,09:05:53,2022-09-28T00:09:33,"Lowe, King and Perkins",GB,eum.flac
desktop-30.nolan.com,2010-12-06,2014-11-21 17:07:37,16:49:18,1983-06-07T00:51:45,"Lowe, Joyce and Simpson",GB,modi.mov
desktop-41.jones.com,1976-08-16,2000-02-20 17:29:02,10:02:50,1985-02-05T20:40:55,Reeves LLC,GB,necessitatibus.numbers
lt-05.pollard.com,2004-11-25,2000-11-20 19:19:32,18:20:09,2011-12-11T00:41:21,Parker-Thornton,GB,illo.mp4
db-78.fraser.com,1989-06-12,1996-03-13 20:46:35,23:39:03,1995-08-30T10:39:36,Barnes-Bird,GB,doloremque.bmp
laptop-65.jones.biz,1981-12-22,2014-09-24 20:05:45,09:32:02,2010-12-20T05:31:11,"Taylor, Grant and Doherty",GB,natus.gif
email-93.khan.co.uk,1990-05-17,1981-11-16 04:04:45,05:19:32,1986-03-24T06:56:22,"Wood, Steele and Lane",GB,veritatis.mov
laptop-39.lewis-williams.com,1975-02-26,1995-06-24 02:50:05,16:22:35,2017-03-19T14:19:12,"White, Hunter and Watson",GB,aut.jpeg
db-11.bird.com,1995-09-10,1981-03-05 02:14:21,11:50:10,1984-08-21T15:22:30,Austin Ltd,GB,corrupti.html
lt-09.little.com,1980-06-16,1988-04-19 21:23:13,10:55:40,2016-07-06T22:07:07,"Hughes, Matthews and Kelly",GB,sunt.txt
db-04.smith.net,2017-07-14,1988-09-05 20:04:28,06:03:53,1993-02-27T17:20:34,Pearson-Robinson,GB,consequatur.pages
email-54.birch.com,1973-11-10,2010-12-16 10:15:52,23:32:32,1976-10-12T11:29:13,"Bird, O'Brien and Davies",GB,fugiat.avi
db-23.johnson.com,1982-08-02,1998-04-25 20:30:37,23:45:14,1974-01-16T15:25:43,"Johnson, Williams and Hughes",GB,nisi.xls
lt-53.taylor.com,1976-03-14,2007-11-01 01:43:14,21:51:20,1989-03-04T12:27:56,Campbell PLC,GB,fuga.tiff
srv-19.murray-fitzgerald.com,1993-01-17,2003-02-09 18:00:21,09:03:48,1987-06-29T13:21:54,Chan LLC,GB,vero.wav
email-11.ball.com,2023-07-04,1998-10-13 15:34:53,03:40:38,2016-05-05T14:41:06,"Begum, Jones and Thompson",GB,similique.numbers
db-52.smith.com,1971-05-25,2008-04-07 02:44:33,15:55:42,1987-01-23T22:40:25,"Booth, Taylor and Patel",GB,consectetur.mp4
srv-59.young.info,2008-05-06,2019-01-21 04:25:25,13:21:25,2018-12-10T23:39:19,Davies-Bailey,GB,asperiores.csv
srv-55.martin.com,2020-02-20,1973-12-31 17:18:05,06:41:23,1996-03-16T14:30:22,"Donnelly, Waters and Herbert",GB,recusandae.ods
desktop-89.bell-wallace.com,1974-04-12,2000-01-09 15:44:46,05:23:56,2014-08-01T12:19:41,Fox LLC,GB,autem.bmp
web-60.peters-white.net,2021-12-11,1972-08-10 15:01:32,14:33:19,1976-12-01T19:38:48,"Cook, Williams and Richardson",GB,blanditiis.html
laptop-86.lawson.com,1986-12-09,2005-11-24 04:21:35,15:06:39,2019-06-26T07:25:17,"Conway, Shaw and Simpson",GB,explicabo.pptx
email-68.wheeler.com,1980-01-28,2015-11-16 02:52:54,17:34:07,1990-05-10T09:18:04,Tomlinson-Sanderson,GB,consequuntur.ppt
db-52.bailey-hale.com,2019-08-26,2002-12-21 21:05:23,08:02:35,1981-06-14T15:40:02,"Hayward, Hughes and Begum",GB,nihil.flac
desktop-65.thomas.com,1992-09-13,2017-01-25 17:45:09,17:17:07,2015-07-27T04:35:37,"Davies, Thompson and Patel",GB,veniam.png
desktop-10.wilson.biz,2008-12-25,2022-02-27 21:01:56,08:03:17,1972-09-22T04:59:27,Parker LLC,GB,impedit.flac
srv-40.burke-jenkins.co.uk,1999-03-08,1982-07-26 23:53:57,10:47:29,2001-11-27T10:37:26,Clarke LLC,GB,repudiandae.flac
lt-49.shaw.info,2007-06-29,2003-07-19 03:54:46,16:48:19,1988-10-19T01:16:44,Wallace-Harris,GB,quidem.mp3
web-71.andrews.com,1990-02-23,1995-01-11 20:01:36,08:24:19,1981-10-28T05:32:43,Jones-Ahmed,GB,praesentium.odt
email-59.blackburn.net,2018-12-22,2004-07-10 10:29:25,14:38:40,1988-12-08T09:32:52,Harding-Brown,GB,pariatur.pages
laptop-00.myers.com,1981-01-06,1974-08-25 20:56:32,04:06:24,2006-03-02T22:20:14,"Lloyd, Carter and Payne",GB,perferendis.mov
srv-25.mills.org,2005-10-19,2001-05-01 21:12:11,19:50:00,1993-05-09T03:48:00,Freeman PLC,GB,enim.ods
email-47.wilson.com,1992-06-15,1981-06-09 23:32:32,22:08:09,2020-01-27T09:25:45,Archer-Jones,GB,magni.ppt
email-67.williams.com,1996-03-02,2008-04-20 09:27:23,07:47:08,2019-11-14T14:52:43,"Bryant, Nicholls and Owen",GB,dolorum.numbers
db-32.king-john.biz,2015-07-28,2002-12-13 21:04:32,04:38:50,2015-05-01T02:31:17,Briggs-Stephenson,GB,ipsum.bmp
desktop-22.rose.biz,2017-01-27,2022-11-09 13:41:54,23:26:42,1980-01-11T07:32:53,Bradley Group,GB,rerum.key
email-61.mason-stone.co.uk,1988-04-27,2003-05-04 11:03:41,19:14:56,1974-12-16T13:01:09,"Smith, Davis and Collins",GB,sit.mp3
srv-17.marshall.biz,2022-04-19,1982-09-09 00:28:56,17:09:45,1977-08-19T14:13:52,Hutchinson-Austin,GB,aperiam.wav
desktop-88.taylor.net,1981-05-20,1996-07-29 12:38:42,11:42:19,1983-06-11T13:45:21,Mistry-Smith,GB,nam.odp
laptop-54.smith.com,2011-07-31,2013-05-24 03:22:08,15:33:49,1989-11-28T21:22:07,Byrne PLC,GB,sit.mp4
lt-80.baldwin.com,2008-07-31,2008-09-11 02:06:38,16:03:01,2001-11-15T08:32:59,Lewis LLC,GB,mollitia.key
email-19.lloyd-hall.com,2009-09-23,2005-05-30 10:27:04,06:36:30,1981-08-31T08:24:03,Powell and Sons,GB,ad.jpeg
laptop-17.harrison-lees.org,1998-02-10,1986-08-11 12:03:37,14:12:22,1995-08-24T01:06:32,"Nolan, Hyde and Fletcher",GB,distinctio.pages
srv-00.thomas.com,1987-10-19,2015-01-29 10:47:11,23:50:08,2007-09-07T01:29:48,Ali-Dunn,GB,corporis.json
srv-18.harrison-knowles.com,1975-11-11,1991-08-11 16:16:37,04:23:11,1987-06-14T22:55:16,Brown-Morrison,GB,temporibus.numbers
email-52.jones-vaughan.co.uk,2012-05-05,1989-02-11 08:43:56,05:38:35,2010-02-06T05:35:57,"Goddard, Brown and Jenkins",GB,facilis.avi
email-79.smith.com,1987-11-19,1976-10-31 02:30:09,00:29:40,1974-08-02T19:50:48,Robinson Inc,GB,quisquam.pptx
lt-12.gray-fry.com,2012-11-05,2010-02-18 20:29:35,01:02:58,2012-07-18T09:01:52,"Leach, Thomas and Gough",GB,vitae.flac
lt-07.ahmed.co.uk,2012-09-26,1982-09-29 07:36:52,11:05:52,1996-07-11T14:27:17,Moore-Taylor,GB,ipsa.jpeg
desktop-63.lloyd-green.info,1998-10-02,2020-02-07 09:31:57,21:58:54,1999-03-17T06:44:07,Barnett and Sons,GB,dolore.pdf
laptop-86.evans.com,2022-07-15,1992-05-09 20:53:49,15:28:27,1991-07-27T03:40:34,Lloyd-Hurst,GB,quod.odp
laptop-31.harrison.com,1983-02-14,2022-09-19 16:09:31,08:27:15,1991-11-15T09:50:33,Dodd LLC,GB,eaque.mov
srv-50.campbell-duffy.com,2022-07-22,2013-12-25 12:48:57,09:55:25,1997-03-02T10:14:46,Little PLC,GB,dicta.mp4
desktop-32.james.com,1978-06-13,2004-07-07 07:08:14,14:29:25,1970-06-13T23:53:00,"Smith, Freeman and Jones",GB,harum.jpeg
db-49.davies.biz,1986-11-25,2021-07-16 22:00:34,04:56:23,1982-12-23T12:15:39,"Williams, Jones and Dawson",GB,consequatur.pages
srv-37.khan.co.uk,1987-09-25,1979-04-09 16:04:28,22:04:47,1987-05-09T15:16:19,"Mitchell, Thompson and Clements",GB,aperiam.avi
db-81.james-pritchard.com,2004-11-28,2017-01-04 15:16:04,14:05:13,1978-04-05T10:39:16,Andrews-Robinson,GB,exercitationem.jpg
web-83.ward.com,2000-02-03,1977-08-30 23:42:43,19:48:24,1987-12-21T02:21:23,Fleming Ltd,GB,non.bmp
db-32.singh.com,1981-12-30,1983-02-07 08:09:25,02:09:42,2014-08-04T19:29:37,Bruce and Sons,GB,perspiciatis.flac
web-85.king.co.uk,1982-11-28,1993-09-29 05:18:30,10:21:23,1976-11-30T11:09:37,Gray-Slater,GB,ut.mp3
db-75.shaw.com,1984-01-28,1977-05-22 14:12:39,03:45:17,1987-09-11T21:22:46,White Inc,GB,mollitia.csv
email-78.warren.com,2011-03-19,1985-08-03 03:37:04,18:28:52,2001-03-15T05:01:17,Pratt-Warren,GB,aspernatur.odt
web-06.oliver.com,1980-06-08,1979-12-28 12:03:33,11:52:15,2020-12-28T16:51:06,Glover Ltd,GB,iure.odp
db-22.hammond-buckley.co.uk,1982-05-10,1978-04-12 20:38:31,07:24:02,1995-10-06T18:57:06,Thompson Ltd,GB,excepturi.avi
srv-13.mclean-russell.com,2009-03-08,2005-12-12 04:12:38,19:03:48,2014-05-29T10:03:21,"Allen, Martin and Hyde",GB,quae.wav
desktop-47.lawson.com,1991-12-01,2009-12-15 15:22:36,14:11:48,1998-10-26T00:45:40,Carey-Ross,GB,sequi.jpeg
desktop-07.morgan.com,2015-01-19,2012-07-26 04:10:26,17:41:16,2016-01-07T05:28:04,"Smith, Smith and Webster",GB,tenetur.docx
web-85.richards.co.uk,1973-05-23,1993-09-23 23:35:45,02:22:10,1988-08-05T09:48:34,Akhtar Ltd,GB,nemo.mp3
laptop-17.bell.com,2020-08-24,2022-04-12 19:23:45,13:43:10,2011-09-29T04:18:17,Bradshaw-O'Connor,GB,est.css
laptop-01.cook.com,1986-11-25,1987-05-14 21:30:33,07:58:45,2022-02-06T06:46:30,Higgins Group,GB,sequi.txt
lt-70.turner.biz,2023-02-19,2022-05-22 15:46:34,09:44:35,2007-05-12T04:56:20,Gray-Wilson,GB,totam.key
email-10.cole.com,1996-03-21,1999-12-18 17:05:21,00:46:24,1992-02-06T13:49:59,Smith Ltd,GB,dolorem.wav
srv-29.payne-hall.com,2004-06-12,1974-07-14 23:04:07,14:34:23,1980-02-04T10:15:05,Jones Ltd,GB,in.flac
srv-67.palmer.com,2014-01-30,2007-10-18 12:51:45,21:29:51,1990-01-17T03:26:45,Woodward LLC,GB,tenetur.csv
laptop-09.turner.info,2022-07-05,1976-01-01 15:22:16,22:39:30,1998-12-06T23:51:42,Powell-Cameron,GB,omnis.odp
srv-04.higgins.com,2018-01-07,2002-08-05 16:04:39,06:11:56,2011-03-17T01:02:50,Burgess Group,GB,consequuntur.jpg
web-97.ward.com,1977-09-19,2007-10-15 11:24:11,02:59:40,1977-04-23T15:55:15,Phillips-Webb,GB,facere.doc
laptop-26.newton-payne.com,1976-01-30,2007-03-07 02:59:00,03:53:28,1991-07-03T01:17:01,"Benson, Burton and Gould",GB,officia.odt
laptop-16.farmer-hunter.org,1999-03-30,2009-05-29 13:45:59,12:16:09,2010-08-18T18:03:54,Dawson Ltd,GB,architecto.wav
email-52.wilkinson.org,1986-12-31,2022-09-07 10:45:54,15:25:08,2018-08-27T11:47:44,"Watkins, Akhtar and Lees",GB,quibusdam.flac
laptop-58.bennett-marsh.info,2020-06-11,2019-08-22 00:04:16,22:30:36,2013-03-28T20:00:52,Collins Group,GB,itaque.bmp
laptop-00.smith.com,2018-09-02,1978-01-05 22:00:21,23:06:10,1989-04-16T23:59:18,Norman-Jackson,GB,sed.js
web-06.collins.co.uk,1971-04-01,2018-02-01 07:38:10,00:09:02,1996-07-06T23:29:41,Scott-Shaw,GB,ducimus.css
laptop-28.allen-robinson.com,1976-08-23,2005-08-21 21:33:36,19:15:27,2006-01-19T09:51:40,Payne and Sons,GB,error.wav
lt-47.barrett.com,1981-03-17,1976-11-25 05:23:34,10:17:24,1996-09-05T16:09:30,"Davidson, Holt and Hall",GB,numquam.tiff
email-06.morris.biz,1987-10-27,1999-12-30 20:48:56,19:24:23,1998-11-17T01:13:17,"Rowe, Gibson and Carter",GB,odit.js
lt-42.wilson-edwards.biz,1993-03-24,1986-05-11 11:45:20,11:32:13,2001-08-25T14:55:35,Clayton-Woodward,GB,et.doc
db-74.thomson-powell.com,2006-09-01,1986-06-16 03:13:49,16:14:29,1980-11-08T12:55:28,Moore-Carter,GB,in.avi
laptop-94.ferguson.com,1986-04-23,1998-07-24 07:57:43,05:43:37,2014-01-29T19:59:50,Thompson-Ellis,GB,magni.wav
srv-20.rogers.com,2022-05-24,1971-12-08 18:37:16,12:20:07,1978-04-19T16:26:24,Pratt Inc,GB,neque.mov
db-98.kaur.com,1989-10-14,1991-07-18 19:20:45,05:32:03,2014-12-18T01:04:19,Connor Ltd,GB,necessitatibus.mov
srv-74.adams.com,1971-09-30,1975-07-19 10:10:39,22:27:59,1971-12-02T20:28:21,James-Norton,GB,molestias.png
desktop-98.gilbert.net,1985-04-15,2005-04-25 12:00:18,02:04:15,1975-02-08T19:07:06,Taylor Ltd,GB,ullam.odp
desktop-92.williams-pritchard.com,2005-10-27,2019-12-03 18:30:35,12:58:45,2006-05-20T09:15:52,"Murphy, Quinn and Rogers",GB,nesciunt.webm
desktop-13.rogers-harding.com,1984-03-30,1995-05-08 06:25:46,14:38:53,1998-09-03T01:07:55,Barlow and Sons,GB,exercitationem.flac
db-87.richards.com,1976-02-02,1993-01-26 10:56:15,23:07:10,2012-06-20T22:04:20,Watts Inc,GB,esse.flac
web-63.anderson.net,1972-10-18,1993-08-05 13:18:07,14:41:12,1988-01-11T17:38:42,Banks-Chan,GB,eius.pages
lt-40.fletcher.co.uk,1976-03-25,1972-08-18 20:29:28,12:26:13,1979-10-27T04:22:40,Allen-Mills,GB,beatae.mov
lt-06.davison.info,1971-04-25,1986-05-11 18:56:42,22:31:02,1995-10-11T14:06:09,"Porter, Stephenson and Payne",GB,corrupti.docx
laptop-60.morris.biz,1998-02-05,1979-02-21 05:26:36,04:22:33,1971-12-09T00:47:09,"Ashton, Begum and Berry",GB,facilis.mov
email-68.russell.net,1995-02-22,1984-01-22 12:14:56,04:25:12,2006-09-28T18:30:13,Thompson and Sons,GB,in.odt
lt-06.matthews.com,2017-01-19,1993-10-30 03:43:54,03:14:05,1973-03-24T17:30:37,Houghton-Wright,GB,ad.avi
srv-47.fox.biz,1971-09-06,1994-01-30 07:00:32,22:10:55,1979-10-26T02:46:51,Walker-Evans,GB,officiis.numbers
laptop-53.watson.info,2018-06-06,1986-01-04 04:28:11,19:16:23,1972-02-15T09:32:55,Walsh-Owen,GB,a.wav
email-37.leonard-rhodes.co.uk,1976-03-01,2000-05-18 11:30:31,16:12:41,2015-12-25T20:47:21,"Davis, Carey and Newton",GB,enim.json
laptop-54.wilkins-benson.co.uk,1998-06-27,2003-04-18 19:40:44,16:08:13,2018-06-04T22:00:27,"Davidson, Rose and Lees",GB,debitis.gif
lt-76.miles.org,2021-08-28,2012-02-07 05:36:38,23:53:53,1987-01-19T04:10:07,Coleman-Smith,GB,laudantium.png
desktop-62.jones.net,2021-07-15,1975-04-22 07:30:31,13:02:58,2010-03-10T01:03:17,"Harris, Lee and Clarke",GB,quibusdam.tiff
srv-65.barker.biz,1994-12-05,2019-08-26 15:44:47,18:55:54,1990-09-16T03:03:18,Gough and Sons,GB,doloremque.mp3
desktop-37.edwards.com,1987-06-14,2006-03-21 00:56:48,04:47:31,1996-10-03T19:16:03,"Powell, Roberts and Chambers",GB,dolor.bmp
db-01.williams-briggs.com,2015-04-07,1999-06-07 01:24:48,06:23:25,1993-02-26T09:11:14,"Newman, Johnson and Gordon",GB,animi.numbers
laptop-66.newman.co.uk,1997-08-16,1999-04-21 23:19:06,06:55:35,2015-03-09T07:13:17,"Pritchard, Cook and White",GB,culpa.flac
laptop-36.field.info,1972-09-28,2011-04-16 23:52:30,19:39:17,1980-08-25T18:22:37,Nicholls-Cook,GB,officiis.mov
db-44.ferguson.net,2008-06-11,1982-08-28 06:52:38,06:42:18,1970-03-10T07:30:20,Hunt PLC,GB,temporibus.mp3
web-45.richardson.info,2016-02-05,1980-07-15 06:53:03,23:17:02,1987-06-14T03:53:45,Jarvis-Taylor,GB,ducimus.html
email-41.warren.com,2010-09-10,1995-01-31 02:06:31,23:13:28,2005-01-11T23:41:47,Davies-Booth,GB,velit.gif
web-45.taylor-fox.co.uk,2021-05-16,1982-05-26 04:39:39,07:57:10,2021-01-08T17:20:13,"Harris, Howe and North",GB,delectus.flac
email-50.hill.org,1977-03-21,1994-04-11 12:15:54,03:07:16,2010-10-03T00:43:03,Wilson Inc,GB,culpa.mov
db-53.heath.com,1980-11-06,1989-07-02 05:30:25,12:10:11,1985-09-30T21:02:21,Dennis LLC,GB,qui.mp3
desktop-31.griffiths.com,2012-06-27,2006-08-24 06:12:34,10:03:44,1983-03-21T07:05:55,"Roberts, North and Harris",GB,dolor.docx
email-59.sanders.com,2001-04-03,1976-07-26 17:17:02,09:41:30,1977-01-23T02:55:42,Baker-Butler,GB,fugit.odp
web-01.wilkinson.net,1971-02-22,1978-09-05 01:04:22,17:09:37,2012-01-28T03:22:56,Edwards-Brooks,GB,voluptates.gif
srv-73.lawson.com,1975-12-09,2018-12-03 02:41:39,06:54:02,1994-02-10T03:46:03,Griffiths PLC,GB,consectetur.csv
db-56.thomas.com,1997-06-22,1978-05-05 06:28:14,03:54:35,2020-10-04T11:07:34,Wilkinson Inc,GB,autem.bmp
email-86.richards-tomlinson.co.uk,1992-03-29,2021-08-04 18:50:07,12:28:47,2015-12-24T18:21:18,"White, Howard and Williams",GB,dolorum.bmp
laptop-09.wallis.com,2012-11-28,2021-06-29 05:41:32,20:26:29,1993-09-08T08:37:59,"Bailey, Price and Burns",GB,quis.txt
email-64.thomas-singh.com,2021-09-29,2006-12-02 22:25:00,19:52:18,1976-05-09T18:03:43,"Hardy, Gordon and Evans",GB,impedit.mp3
db-08.parkinson.net,1976-07-11,1978-11-01 19:37:28,02:07:42,1986-09-24T23:49:34,Knight Group,GB,quaerat.mp3
web-74.ward.com,2001-05-15,2005-10-22 14:36:42,05:47:02,1992-08-24T05:31:05,"Miller, Robertson and Andrews",GB,at.pptx
desktop-93.coles.info,1978-06-05,2001-09-29 22:07:40,16:13:08,2000-05-31T14:34:09,Harris Group,GB,magnam.jpeg
email-45.allen-barber.com,2007-08-16,1980-03-08 20:16:40,15:24:35,1976-11-17T14:33:45,"Evans, Wilkinson and Bailey",GB,voluptas.gif
web-36.bishop-anderson.com,1983-07-23,2004-05-26 10:04:37,06:37:42,2007-01-22T13:00:20,"Jones, Buckley and Smith",GB,qui.html
srv-04.harper-taylor.com,1990-06-13,1984-04-26 09:11:07,05:38:24,2013-12-03T02:26:42,Bailey Group,GB,vero.html
db-98.nelson.com,1976-03-25,1975-05-14 18:19:24,13:08:50,2010-11-30T21:15:53,Bailey LLC,GB,impedit.gif
lt-52.brown.com,1985-05-23,2021-12-31 00:34:50,19:07:01,1971-05-18T08:34:48,Davies-Davies,GB,voluptatibus.mp3
db-22.pratt.com,1974-01-30,1971-01-27 16:04:24,11:03:28,1997-10-10T23:43:39,"Morgan, Thomas and Young",GB,officia.avi
srv-11.chapman-lee.com,2011-09-23,1972-12-01 18:01:02,11:31:20,1983-11-29T05:47:22,"Davison, Scott and Johnson",GB,aperiam.avi
lt-07.ahmed-holmes.net,1983-08-16,2002-12-18 01:31:50,10:09:18,2020-11-26T14:30:24,"Reid, Harris and Chapman",GB,unde.webm
lt-90.smith.com,1972-11-01,1989-06-02 01:24:50,11:09:46,2012-04-26T07:11:08,"Curtis, Nolan and Nash",GB,facilis.png
email-75.jones.co.uk,2000-10-20,1998-06-05 21:50:22,13:57:36,1990-10-17T15:22:47,Cooper-Evans,GB,numquam.png
desktop-60.little.com,1989-04-14,2020-07-10 11:26:23,14:29:05,1970-12-01T03:23:59,Jarvis-Cole,GB,distinctio.docx
laptop-66.hill.biz,2021-04-06,2021-03-31 00:43:32,11:56:52,2008-11-03T11:08:50,Kelly-Williams,GB,eveniet.pptx
desktop-22.birch.co.uk,1994-07-13,1985-07-19 11:35:54,19:11:11,2013-12-26T21:40:42,Wright Group,GB,similique.ppt
srv-91.campbell.com,2007-01-06,1998-03-31 13:47:36,09:26:23,2006-12-25T13:12:12,Read-Knight,GB,quis.csv
db-13.hill.co.uk,2004-12-03,1990-10-28 10:12:53,16:39:00,1996-10-15T14:41:47,Mitchell Inc,GB,error.jpg
desktop-50.chan.com,1985-09-16,2009-07-29 10:46:07,14:19:37,1987-07-27T20:49:09,"Ingram, Stephenson and King",GB,fugit.js
laptop-54.roberts.org,1995-12-27,1978-01-29 15:35:01,05:37:24,2022-01-08T22:44:43,"Gilbert, Roberts and Tucker",GB,porro.mp4
lt-80.mills.com,1990-02-22,2020-06-19 06:41:07,00:44:59,1996-02-03T15:40:31,Wood-Lane,GB,esse.odt
srv-08.smith.com,1978-12-30,2007-03-03 16:28:11,19:29:33,1989-09-16T19:42:30,"Cross, Middleton and Black",GB,velit.odt
laptop-46.armstrong.com,1986-03-26,2004-02-19 02:32:56,16:55:41,2021-11-13T19:30:22,Quinn-Smith,GB,blanditiis.jpeg
web-63.robinson.biz,2020-05-14,2017-05-23 23:07:42,02:00:55,1984-11-06T08:20:07,"Morris, Fletcher and Bond",GB,laudantium.flac
db-55.wright-cooper.com,2002-12-18,1997-04-27 04:41:51,09:55:21,1998-03-09T01:25:19,"Simpson, Phillips and Barker",GB,ipsam.html
web-41.baker.com,2020-12-29,2003-12-09 15:33:26,17:13:36,1999-04-04T11:45:37,Martin and Sons,GB,ea.jpg
laptop-96.bennett-perry.co.uk,2013-03-18,2018-12-30 09:51:34,13:13:25,1990-04-11T04:28:49,"Jones, Sullivan and Smith",GB,beatae.mp3
laptop-45.johnson.com,1990-08-01,2013-09-07 20:21:31,07:56:17,2013-05-15T12:47:26,Carr and Sons,GB,voluptatibus.css
web-23.fraser-lee.net,2015-11-28,2023-09-12 18:50:13,08:29:36,1982-06-15T00:07:52,Davis-Whitehead,GB,iusto.tiff
lt-43.cooper.net,2008-05-22,1986-08-04 19:48:41,19:25:53,1979-03-02T17:47:08,Gordon PLC,GB,nesciunt.mp3
web-49.white.com,1994-01-16,1985-05-24 15:54:37,00:32:08,2002-09-01T15:57:25,James-Abbott,GB,perspiciatis.mp4
laptop-72.holloway.co.uk,2007-06-13,1974-07-26 17:25:11,14:05:52,2016-08-31T03:40:16,Glover PLC,GB,nisi.avi
desktop-91.moore.com,2000-10-29,1972-06-21 18:24:28,13:42:54,1977-06-29T01:41:59,Heath-Pugh,GB,iusto.html
web-54.jones-collier.biz,1974-03-12,1998-09-11 08:11:42,00:13:08,1973-01-09T05:30:37,"Young, Scott and Edwards",GB,soluta.avi
lt-60.hill-rowe.com,2017-03-24,2013-12-02 20:12:32,23:23:34,2019-01-23T09:10:38,North Group,GB,eligendi.bmp
web-15.walton.com,2015-01-02,1999-03-02 10:54:33,12:14:35,2008-08-03T17:12:11,Walsh-Thomas,GB,laudantium.json
srv-48.howard.org,1985-06-26,2019-09-30 13:34:34,19:28:50,1986-01-24T12:06:24,Smith Ltd,GB,blanditiis.png
email-75.porter.com,1992-03-05,1975-08-23 11:01:17,12:32:37,2022-11-24T12:05:50,"Curtis, Johnston and Cooper",GB,ut.txt
lt-55.smith.com,1982-06-18,2007-01-12 03:46:56,15:58:36,1990-02-21T09:03:43,"Jackson, Hughes and Bolton",GB,dolores.flac
srv-10.moore-reynolds.info,1971-10-19,1974-12-31 07:46:14,05:41:58,1976-12-14T23:04:17,Williams Ltd,GB,dolor.mov
srv-75.jarvis.co.uk,1977-06-20,1970-10-02 20:38:47,19:09:30,2008-04-23T09:21:06,"Lewis, Parker and Clarke",GB,ducimus.json
email-63.moss.com,1997-08-29,1987-10-12 21:41:23,00:56:11,1999-09-18T18:35:08,Stanley Ltd,GB,accusamus.docx
email-66.dean.biz,1990-02-26,2010-12-30 23:34:15,06:55:00,2018-10-10T08:10:23,"Crawford, Baker and Matthews",GB,voluptatum.js
db-70.walsh.com,1971-07-20,1972-07-20 17:26:02,18:03:23,2013-07-21T03:51:56,Evans LLC,GB,ex.wav
laptop-66.curtis-cooper.com,1995-06-03,1970-10-14 08:07:16,12:06:58,2016-03-07T10:59:55,"Whitehouse, James and Scott",GB,fugiat.doc
srv-50.jones.com,1999-04-20,1995-05-16 10:33:33,12:19:59,1976-07-07T06:18:17,"Clark, Richards and Robinson",GB,ea.csv
laptop-26.parkinson-morgan.com,1994-02-04,1989-03-03 01:50:29,09:40:42,2013-04-11T02:56:30,Kemp-Hancock,GB,libero.mp4
db-20.patel.co.uk,1998-05-29,1983-07-01 16:32:55,02:09:10,2002-06-18T02:51:55,Moore-Lane,GB,voluptatibus.mp3
lt-23.armstrong.com,1975-12-23,2014-03-16 18:25:19,05:33:44,2023-02-10T22:36:35,Fry and Sons,GB,vitae.js
db-71.ahmed-watson.co.uk,2019-12-30,2015-03-28 00:21:07,11:28:48,1987-12-21T11:24:27,Johnson-Ellis,GB,unde.tiff
web-83.willis-jones.com,1984-12-30,1985-06-14 11:34:14,07:13:43,2013-11-09T17:23:05,Bibi-Mason,GB,neque.webm
srv-69.miles-bibi.biz,1985-04-24,2010-10-29 15:59:37,02:34:09,1994-01-25T20:00:13,Harris-Black,GB,dignissimos.js
db-73.parkes-davidson.com,1984-03-09,1980-11-29 17:38:42,01:00:33,2005-05-25T20:30:32,Sykes Group,GB,et.gif
email-99.metcalfe.com,1989-11-22,2018-05-04 18:40:53,17:29:13,1979-12-01T05:42:36,White and Sons,GB,expedita.js
lt-07.davies-matthews.com,2012-04-13,1997-03-04 12:04:02,09:30:50,1993-06-18T20:52:10,Brady-Walker,GB,sed.html
desktop-24.morgan.com,1973-05-10,2023-05-26 16:56:14,03:14:28,2011-09-02T20:59:47,James-Stanley,GB,molestiae.wav
laptop-70.dawson.com,2018-05-25,2014-12-02 03:54:50,11:38:49,2000-09-25T07:14:36,"Taylor, Brown and Vincent",GB,tempora.tiff
db-08.robinson-taylor.net,1992-09-01,1992-06-02 00:36:22,15:16:27,2017-10-23T05:18:57,Martin LLC,GB,corporis.csv
laptop-22.cooper.biz,1999-09-22,1977-07-02 07:07:40,19:19:28,2001-06-04T00:23:21,Freeman Inc,GB,veniam.jpeg
email-50.nash.org,2012-07-25,2019-05-17 01:59:07,10:48:18,1996-09-07T10:41:46,Ward Ltd,GB,laboriosam.flac
web-68.heath.net,1998-07-10,2005-11-07 08:59:21,00:07:49,1975-06-05T13:52:09,James-Berry,GB,ut.html
db-40.miah-wilson.com,1981-11-06,2000-06-24 21:38:16,15:02:06,2022-03-01T12:35:02,"Morris, Brown and Palmer",GB,aliquid.json
web-95.king.net,2000-10-01,1994-11-15 16:32:04,10:25:55,2000-07-09T05:03:37,Thornton LLC,GB,ut.webm
desktop-30.watson.com,2005-02-18,2011-04-11 15:07:44,00:33:20,2016-02-03T00:30:08,Robinson-James,GB,libero.csv
web-53.evans.com,1982-06-03,2011-09-14 12:17:41,15:58:54,2016-01-01T00:39:03,Sheppard PLC,GB,cupiditate.wav
lt-86.fletcher-williams.com,1995-09-06,1979-08-11 02:59:55,16:47:17,1983-05-22T19:28:11,Martin PLC,GB,repudiandae.bmp
lt-64.thomas.com,1994-05-14,1976-09-08 02:08:45,10:36:20,2019-10-20T02:51:19,Clarke Ltd,GB,laborum.gif
laptop-64.hale-freeman.com,2006-01-17,1996-03-16 09:06:59,05:18:09,1983-07-17T21:00:29,"Tomlinson, Smith and Jones",GB,deleniti.jpeg
lt-09.middleton.com,2002-07-02,1991-01-27 13:50:01,02:23:53,2004-03-27T22:11:39,Parker-Peacock,GB,eveniet.png
desktop-67.mistry-burns.net,1974-03-21,2007-04-27 00:35:13,14:21:31,2009-11-06T19:39:39,"Reeves, Harper and Quinn",GB,asperiores.bmp
db-87.middleton-wells.com,2018-05-19,2018-05-20 22:48:38,06:52:10,2010-03-30T17:23:56,Davies and Sons,GB,quam.mov
desktop-98.davies.com,1987-11-26,1995-01-02 09:03:55,21:15:12,1985-04-29T20:18:20,Knight-Fisher,GB,voluptatum.html
db-38.ryan-lewis.net,1996-03-25,1973-06-09 20:16:46,16:40:41,1990-07-30T22:17:54,Williams LLC,GB,fugiat.wav
desktop-87.elliott.com,2005-11-09,1981-07-17 06:42:33,04:45:02,1974-07-26T01:53:01,Smith and Sons,GB,nisi.docx
db-12.hunter-reid.com,1989-03-10,2020-11-26 09:36:28,18:50:20,2002-04-29T04:09:42,Powell-Hammond,GB,natus.html
laptop-54.berry.org,2009-03-23,2011-10-13 00:18:20,11:49:49,2023-02-20T02:27:27,Burton PLC,GB,molestias.wav
web-92.begum-shaw.info,2016-07-22,1973-08-30 06:52:39,04:05:57,1995-06-16T22:06:55,Kelly-Cross,GB,eaque.jpeg
desktop-43.allan-whitehead.info,1996-03-12,1991-04-22 03:26:43,22:10:30,1979-05-30T20:59:10,"Ali, Hussain and Byrne",GB,voluptates.jpg
srv-72.foster-curtis.com,2008-04-12,2014-07-27 01:20:41,01:04:38,2003-01-01T05:48:51,Evans Inc,GB,animi.gif
laptop-41.cooper-hancock.biz,1980-01-22,2023-05-27 10:29:59,13:55:29,1980-09-12T18:14:41,"Foster, Robson and Lee",GB,dolor.odp
lt-19.wood.org,1981-11-03,2017-12-17 02:13:15,09:19:47,1971-08-19T21:03:55,Jones-Sims,GB,nostrum.avi
srv-90.scott.com,2016-12-22,1970-06-04 17:10:19,17:21:47,1995-04-04T04:42:18,Moore and Sons,GB,impedit.avi
srv-56.day.co.uk,2002-03-22,2020-01-16 19:17:05,14:44:06,2016-09-04T05:41:58,Haynes PLC,GB,dolor.mp4
lt-45.pearson.info,2001-10-06,2003-11-14 15:06:36,15:47:10,1992-05-24T22:36:16,"Talbot, Walker and Gibbs",GB,officia.js
email-14.hall.biz,1983-01-05,2010-04-21 13:15:06,03:07:06,2009-06-07T00:35:27,Brown-Martin,GB,blanditiis.numbers
email-73.rogers-davey.biz,2015-07-06,2000-11-30 06:52:24,14:29:35,2011-04-21T09:24:40,"Howe, Young and Riley",GB,eveniet.json
lt-67.butler-hall.com,1980-12-11,2003-08-17 10:34:22,03:50:26,1986-05-23T08:27:34,Lee-Phillips,GB,voluptate.webm
laptop-63.stevens-kelly.com,1982-06-15,2009-07-20 15:05:46,22:35:32,2020-03-17T18:51:14,"Walton, Ward and Mahmood",GB,possimus.docx
laptop-12.hamilton-jones.net,1981-04-15,2021-11-05 07:28:28,05:13:00,2022-03-08T01:13:14,"Thompson, Morris and Spencer",GB,amet.pdf
desktop-38.ahmed.com,2005-02-26,1976-12-21 14:35:44,21:48:11,1987-10-04T12:37:37,Wilson-Jones,GB,aliquid.js
desktop-46.browne.net,1993-01-31,2011-01-17 15:09:00,05:47:49,1975-01-22T12:25:10,Smart Inc,GB,odio.mp3
db-79.richardson-wilson.com,1982-09-22,1982-09-23 01:58:18,00:11:16,2019-12-09T09:12:21,"Wade, Lewis and Davies",GB,nam.tiff
laptop-14.gibson.com,1973-12-10,1998-11-12 12:38:56,09:57:15,1976-01-18T08:15:53,"Tyler, Poole and Smith",GB,iste.mov
db-19.singh-smith.com,2018-03-17,1982-02-14 06:19:45,23:04:11,1972-07-12T20:54:39,Williams-Price,GB,beatae.ppt
email-94.robertson.com,2022-09-26,1978-01-10 15:19:38,00:30:59,1970-04-02T23:39:23,Campbell-Kirby,GB,assumenda.mp4
laptop-05.hartley-ahmed.info,1981-01-27,1991-05-25 20:59:06,01:56:33,2022-05-30T22:40:22,Griffiths-Edwards,GB,repellendus.flac
srv-84.thompson-green.net,1988-06-12,1990-07-16 22:58:10,10:51:54,1983-12-22T08:46:17,Woods and Sons,GB,dignissimos.png
web-83.benson-dawson.com,2000-11-12,2001-08-11 00:30:28,01:51:45,1976-09-16T08:46:43,Schofield and Sons,GB,voluptates.mp4
email-81.brookes-clark.com,1977-08-23,1993-03-28 04:29:08,21:29:09,2009-04-17T19:35:13,"Williams, Morrison and Andrews",GB,eligendi.mov
db-85.russell-matthews.com,1987-05-21,1970-11-24 12:41:14,02:40:31,2005-01-14T02:40:20,Evans-Smith,GB,ratione.wav
web-02.hall.biz,1973-05-11,1996-06-21 22:54:23,14:30:46,1970-06-21T03:30:34,"White, Smith and Wallace",GB,officiis.mp3
email-93.williams.com,1984-04-23,2018-04-06 01:05:30,17:25:28,2020-05-14T19:47:02,Wong Group,GB,perspiciatis.key
desktop-03.mcdonald.com,2018-02-27,1981-03-12 21:10:44,08:01:33,2001-02-19T18:44:57,Mason-Gill,GB,iure.xlsx
email-01.jones.com,1990-11-22,1980-03-12 04:03:04,19:46:31,2006-09-10T21:05:50,Pearson-Owens,GB,in.ppt
db-69.patel-pugh.co.uk,1996-04-30,1980-05-05 05:17:14,13:39:41,2014-10-07T04:15:03,"Roberts, Naylor and Bailey",GB,perferendis.webm
desktop-10.simpson.biz,1995-06-14,1989-01-19 03:30:06,17:14:04,2021-12-25T09:11:04,Bartlett-Whitehouse,GB,voluptate.mov
web-06.green-allen.com,1985-01-27,1970-08-05 11:24:11,13:04:04,1980-03-13T15:00:32,Richards and Sons,GB,eum.webm
laptop-33.mcdonald.biz,2001-12-18,1987-01-29 05:13:51,04:49:37,2000-01-09T05:43:22,"Price, Preston and Daly",GB,sit.xls
web-54.brown.net,1991-11-06,2013-01-16 18:11:23,08:56:57,2003-09-28T00:32:15,Sharp-Townsend,GB,amet.flac
laptop-54.johnson.com,2019-10-29,2012-07-05 22:56:51,04:01:57,1998-08-20T09:13:44,Scott PLC,GB,quos.mov
desktop-03.howell.com,1978-05-23,1976-09-15 16:59:35,02:39:55,1985-03-20T10:48:07,Roberts-Iqbal,GB,ad.mp3
desktop-09.jones.com,1989-11-17,2020-02-06 23:29:56,11:44:52,1984-10-02T23:22:55,"Dixon, Reynolds and Warner",GB,ducimus.html
web-64.roberts.co.uk,1978-02-24,2005-07-19 18:38:18,07:25:05,2006-03-13T22:25:06,Phillips Ltd,GB,quisquam.json
lt-98.richardson.com,1987-11-14,2009-10-15 01:18:45,07:09:18,1997-03-04T10:52:53,Jones and Sons,GB,esse.pptx
web-27.williams.com,1985-04-29,1981-10-21 10:11:33,02:18:36,1999-01-04T15:33:15,Stone LLC,GB,odio.wav
desktop-29.white-ward.org,2015-04-16,1991-04-10 21:38:31,22:04:33,2023-02-06T04:07:06,Roberts Ltd,GB,labore.xls
laptop-25.gilbert.org,1977-06-08,1975-01-17 15:47:28,13:48:55,2002-09-29T05:44:30,Smith-Richardson,GB,numquam.webm
web-81.long.biz,1996-05-11,2002-05-23 14:59:24,09:54:24,2003-02-16T05:16:53,"Murphy, Brown and Craig",GB,explicabo.avi
email-27.bailey.com,1980-01-28,2018-06-21 00:24:06,02:56:42,2021-10-10T13:16:09,Powell PLC,GB,at.flac
email-08.brown.biz,2019-06-26,2014-03-01 17:02:39,10:39:12,1990-12-25T19:36:33,"Edwards, Morris and Abbott",GB,dignissimos.jpg
lt-56.miles-morgan.com,2005-07-07,2016-08-17 15:41:06,21:19:24,1974-08-17T02:17:30,"Cook, Parker and Elliott",GB,ad.doc
lt-95.reynolds.com,1989-04-05,1971-04-22 17:39:22,22:17:44,2016-06-24T20:43:58,Kay-Byrne,GB,nisi.jpeg
email-64.martin.com,2011-04-15,1988-01-12 09:51:43,19:20:39,1988-12-25T04:31:06,Carey Inc,GB,aperiam.wav
srv-95.parker.com,2021-10-01,1979-01-11 22:31:52,13:29:31,1981-06-05T12:33:34,"Adams, Cameron and Miller",GB,pariatur.xls
web-36.marsden.info,1992-11-04,2009-08-07 17:06:50,20:05:39,2013-07-01T11:08:12,"Griffin, Connolly and Fuller",GB,ducimus.wav
lt-81.morris-stokes.com,1970-09-12,2010-05-21 01:41:44,17:41:00,2012-08-18T06:13:31,"Matthews, Curtis and White",GB,necessitatibus.csv
srv-25.williamson.org,1982-12-15,2002-02-13 05:35:47,13:48:40,1978-09-24T07:44:46,Perkins-Johnson,GB,quis.mp4
web-91.thompson.org,2002-01-12,2011-10-02 17:29:36,18:26:47,2009-06-04T20:35:03,Davies-Lee,GB,delectus.odt
srv-00.taylor.com,2002-08-13,2007-12-26 07:50:41,17:26:43,2018-04-21T04:16:02,Atkins Group,GB,placeat.odt
db-75.jones.com,2009-12-24,2015-04-28 18:53:34,14:03:31,1977-01-23T15:27:22,"Davies, Knight and Jones",GB,hic.mp4
srv-35.roberts-parker.co.uk,1991-09-24,2003-07-15 08:05:18,18:01:50,1991-12-21T16:27:15,Cox-Saunders,GB,sint.wav
email-05.clark.com,1990-04-12,2005-12-01 22:06:07,05:52:31,1979-03-19T14:06:13,Warren-Harris,GB,nesciunt.xls
desktop-31.donnelly-cook.com,1991-01-24,1973-04-02 03:20:56,04:38:49,1979-06-21T20:03:02,"Jones, Harvey and Wright",GB,animi.mp4
web-12.edwards-hawkins.biz,2002-11-25,1995-05-15 10:55:18,06:02:48,1998-01-13T18:59:02,Reynolds Inc,GB,odit.mp4
desktop-50.rogers.org,1971-06-01,1977-06-26 04:53:25,09:24:21,1988-05-04T06:05:18,"Farmer, Brown and Pollard",GB,fugiat.flac
web-95.gibbs.biz,2011-05-05,1992-05-08 02:58:36,15:44:29,2003-07-08T20:02:49,Bibi Ltd,GB,ipsam.csv
lt-65.saunders.com,2001-05-16,1997-07-05 14:00:29,01:33:06,1988-11-01T08:03:38,"Shaw, Scott and Hicks",GB,ratione.avi
srv-90.holloway-cooper.com,2018-02-07,1972-11-10 15:56:51,18:11:21,1998-11-02T01:11:46,"Lewis, Sanders and Gordon",GB,perferendis.tiff
laptop-71.davidson.com,2002-07-09,1972-09-08 04:15:26,11:40:26,2022-01-10T17:48:01,Smith Group,GB,officiis.mp4
email-52.ellis-martin.com,2002-05-10,2023-06-19 05:05:55,07:07:23,2009-07-31T03:08:17,Cooper PLC,GB,distinctio.mp3
web-76.forster.net,1988-01-27,1977-09-02 06:36:57,02:27:04,1973-02-24T20:32:58,Burke PLC,GB,ad.bmp
laptop-42.harvey.com,1993-03-30,1972-09-25 11:56:58,04:28:05,2015-04-22T06:23:15,Watson PLC,GB,ea.wav
desktop-17.nicholls-davies.co.uk,1979-11-27,2021-01-05 01:15:13,12:58:23,1992-12-27T05:32:35,Hall PLC,GB,voluptates.key
srv-84.richards.net,1978-03-22,2012-05-31 14:39:08,00:02:10,2005-12-29T04:59:12,"Dobson, Barrett and Lowe",GB,quam.mp3
db-22.kaur-williamson.com,1974-06-01,1980-12-04 07:12:01,12:47:23,2001-11-27T15:10:38,Gordon-Robinson,GB,omnis.mov
email-99.hargreaves.com,1993-12-21,1975-07-04 18:34:39,21:55:34,2008-08-17T00:59:20,Gibson-Hammond,GB,provident.wav
desktop-87.davey.com,2000-02-03,1981-06-20 21:08:58,14:34:12,2020-05-30T09:27:27,"Chandler, Day and Hall",GB,quisquam.png
email-57.barry.com,2016-09-18,2015-10-19 20:41:29,17:34:41,1983-06-29T21:56:04,Jones PLC,GB,sit.flac
laptop-00.smith-hudson.info,1987-05-16,1994-08-14 15:33:44,18:55:05,1986-12-08T03:39:50,Campbell-Chambers,GB,quia.csv
email-29.baker.com,1979-02-04,2019-12-18 06:26:59,13:50:06,1973-01-15T12:54:49,Perry-Kelly,GB,blanditiis.flac
desktop-75.elliott-fuller.org,2016-12-25,1975-04-15 14:08:14,15:48:02,1988-08-06T02:50:52,Wilson LLC,GB,nihil.csv
email-43.hughes.com,1977-03-21,1986-12-03 11:53:25,18:14:56,1997-07-17T12:30:41,Bailey Ltd,GB,repellendus.mp3
laptop-15.richardson.com,1984-06-20,2020-02-02 04:04:48,13:46:33,1993-03-27T17:26:02,King-Smith,GB,explicabo.jpeg
db-03.herbert.info,2013-12-24,2018-08-02 09:34:28,00:37:13,1975-04-11T07:22:28,"Lewis, Rose and Naylor",GB,numquam.numbers
email-37.smith.co.uk,2009-12-03,2006-02-13 07:18:51,22:33:28,1985-08-10T12:10:06,"Smith, Walker and Simpson",GB,maxime.csv
desktop-86.freeman.net,2021-07-08,1980-12-11 13:40:29,11:06:35,2000-06-23T06:45:41,Lawson Ltd,GB,tempore.html
web-60.adams.com,1998-09-23,2010-02-11 08:54:16,08:37:25,1984-08-07T03:48:44,"Coles, Khan and Johnson",GB,ad.mp3
srv-83.williams.info,2021-10-21,1994-02-02 17:46:08,16:28:56,2020-09-04T08:21:56,Watts-Kerr,GB,vero.json
db-18.cox.com,1991-05-10,1990-03-29 19:18:54,11:45:20,1994-10-09T02:25:17,Sanderson LLC,GB,ea.json
laptop-02.day.info,2011-09-02,1972-09-20 10:59:16,22:21:16,1977-04-10T02:32:49,Morton-Thomas,GB,ducimus.mov
laptop-46.birch-wallace.com,1994-05-11,1987-02-09 11:09:05,12:57:25,2009-01-28T20:32:15,Andrews-Nicholls,GB,quas.csv
db-60.gardner.org,1981-08-10,1987-12-11 01:30:42,01:11:52,1977-07-31T18:04:37,Gough-Jones,GB,dolorum.js
srv-95.barton.com,1986-12-11,2000-12-14 08:19:35,14:37:54,2004-12-15T13:46:01,Ali LLC,GB,blanditiis.json
web-49.jones-taylor.com,2004-10-15,1995-10-29 16:53:58,04:54:53,2013-08-22T03:57:39,Francis-Ellis,GB,ex.csv
email-53.davies-robinson.com,2022-05-19,1986-10-18 13:45:15,18:41:20,2011-05-04T13:25:06,Walters-Parkes,GB,assumenda.mp3
db-15.gill.org,2020-06-02,2018-02-15 17:11:11,06:29:37,2019-04-03T02:45:55,Lawson-Moore,GB,tempora.jpeg
desktop-89.robinson.com,2004-06-24,2012-03-08 09:27:49,14:46:52,2022-01-05T20:36:19,"Morgan, Thornton and Clarke",GB,veritatis.png
db-32.richardson.net,1995-07-22,2003-11-12 20:14:37,22:07:49,1988-08-04T01:28:49,"West, Todd and Harrison",GB,adipisci.wav
web-24.walker.co.uk,1994-01-23,2009-07-18 04:34:43,18:11:47,1993-03-17T21:10:54,Hunt Inc,GB,quidem.txt
email-68.jenkins-smith.net,2017-12-21,1971-05-28 08:55:54,19:08:29,1995-12-10T20:45:38,Fleming-Harris,GB,magni.html
email-37.myers.biz,2015-01-13,1991-01-19 13:23:40,22:54:56,2004-08-15T11:29:25,Graham Group,GB,labore.gif
laptop-72.graham-hall.com,1978-01-30,2000-03-02 07:01:28,04:29:48,1988-11-20T14:51:13,Bradley-Price,GB,voluptas.pdf
web-45.hudson-goodwin.com,1996-10-15,1979-02-02 19:45:24,18:46:23,2019-11-23T11:26:11,Morris LLC,GB,hic.mp4
srv-12.brown.info,1996-02-19,2011-11-29 08:27:52,08:34:02,1999-04-05T01:00:23,Mitchell-Pugh,GB,aliquam.json
email-72.patel.com,1992-12-17,2022-06-04 15:18:35,03:27:24,2001-05-26T21:30:53,"Bray, Jones and Richards",GB,nobis.pptx
email-23.oneill-carpenter.com,2011-06-22,2017-02-10 00:33:16,11:28:25,1989-01-21T06:22:45,Cox-Fletcher,GB,dignissimos.avi
laptop-21.ball-grant.com,2004-07-14,2011-09-11 05:17:12,05:32:21,2022-10-04T16:32:13,"Watson, Williams and Rogers",GB,eum.json
srv-81.williams-nicholson.info,2007-05-22,1996-02-22 09:49:16,18:46:20,1998-03-06T21:40:49,Bailey PLC,GB,voluptatibus.gif
web-33.hale-clark.net,1980-01-20,1987-12-01 20:05:15,12:38:42,2003-12-28T09:17:26,"Williams, Hughes and Norris",GB,quod.jpeg
db-44.atkinson.com,1974-09-18,1976-06-10 19:26:30,02:19:22,2022-06-25T01:44:15,White-Jones,GB,quasi.html
laptop-03.higgins.com,2021-08-24,2000-08-16 21:04:15,06:08:33,1974-04-09T13:16:49,Adams Group,GB,pariatur.odt
db-31.stewart.co.uk,2011-05-10,2019-06-24 07:23:02,02:45:06,2014-01-22T09:21:25,Preston LLC,GB,eveniet.webm
srv-85.barton.net,2003-09-03,2003-12-27 12:59:20,06:27:17,2008-01-21T00:11:23,"Jarvis, Cox and Graham",GB,rerum.mp3
db-87.armstrong.info,1985-01-12,2006-07-21 04:46:02,21:05:13,1998-11-19T07:37:30,Hussain Inc,GB,consectetur.webm
srv-78.abbott.org,2019-11-04,2010-01-13 06:44:31,08:20:31,2017-08-28T14:05:25,"Austin, Stone and Singh",GB,voluptatibus.odp
db-56.pearce.com,1973-02-13,2017-11-28 17:42:34,23:32:08,1980-12-01T00:46:41,"Harris, Norman and Taylor",GB,sint.key
web-55.grant.com,1974-04-12,2008-03-08 10:02:36,18:28:34,2005-06-25T04:46:40,Johnson PLC,GB,ex.txt
db-11.mcdonald.com,1992-01-27,1998-02-28 14:23:22,15:37:16,2004-03-22T05:37:17,Turner LLC,GB,aut.ppt
desktop-62.lawrence.com,2022-08-27,2022-05-01 15:26:41,02:21:58,1999-09-28T08:14:08,Mahmood-Murphy,GB,ipsam.bmp
