Chamorro,2010-06-16T10:53:00,deshalb.wav,DE,ia,661408
Tatar,1990-05-09T14:38:33,bei.json,DE,nan,3571194
Samoan,2006-09-03T12:06:46,wo.xls,DE,doi,67272
Chechen,1989-11-30T16:25:55,Haare.wav,DE,nhn,6839955
Swedish,1979-05-23T22:04:16,durch.wav,DE,ro,2
Vietnamese,1971-09-14T19:02:45,Stunde.flac,DE,ff,649
Esperanto,2017-12-29T22:06:25,Hunger.webm,DE,ml,53
Navajo,2015-04-28T15:27:42,bald.png,DE,ga,7
Maltese,2004-10-24T22:08:00,lieb.flac,DE,ak,37776
Arabic,1994-03-25T03:39:01,legen.pages,DE,gv,316579
Icelandic,1979-01-24T12:48:05,Schluss.flac,DE,tr,744106399
Tsonga,1984-11-11T00:36:14,hin.flac,DE,wal,84
Urdu,1995-05-31T18:02:52,schön.avi,DE,ff,8429042
Twi,1977-03-06T02:43:54,Haare.flac,DE,sq,87
Bulgarian,2006-08-19T07:30:38,fertig.js,DE,kk,6102472
Azerbaijani,2010-07-08T11:54:29,verlieren.js,DE,tig,0
Sundanese,2019-06-03T13:57:32,groß.flac,DE,mag,925
Bambara,1971-04-09T01:06:10,drehen.ods,DE,th,77200
Kurdish,2015-07-30T01:44:46,zehn.png,DE,ff,19669384
Catalan,1971-07-13T13:38:23,schreien.mp4,DE,rw,37796970
Welsh,1993-09-28T21:20:18,her.docx,DE,ml,709
Tatar,2010-08-11T00:28:53,auf.css,DE,ga,6
Polish,1973-10-13T19:25:08,Ferien.doc,DE,mhr,456375
Bambara,1974-08-20T14:24:29,neun.png,DE,ar,48527141
Sanskrit,1972-08-30T16:54:30,legen.bmp,DE,pa,8109
Tajik,1996-07-04T11:42:21,Sohn.png,DE,ja,69745
Macedonian,1998-11-09T16:10:11,kann.key,DE,cy,389587914
Zhuang,2011-04-28T09:34:40,Fuß.json,DE,vi,8642495
Bislama,2022-03-19T02:36:44,leicht.key,DE,my,8
Romanian,1998-04-01T16:39:57,unser.html,DE,fur,61969
Swedish,2019-09-02T08:16:41,Bett.xlsx,DE,mk,43500
Yoruba,1995-08-10T00:19:57,jung.png,DE,brx,6
Bihari languages,2019-12-18T15:31:48,dauern.txt,DE,sv,85
Avaric,2015-03-10T07:07:11,Arbeit.xls,DE,es,344719184
Swedish,2007-02-14T02:11:36,in.gif,DE,da,41810503
Haitian,1991-05-25T15:50:01,böse.jpeg,DE,tig,729
Tsonga,1994-04-03T20:19:02,danach.doc,DE,oc,702
Ossetian,2004-10-14T14:39:03,Schluss.js,DE,gez,3
North Ndebele,2001-06-07T01:35:38,lachen.json,DE,bg,84094165
Estonian,2007-08-05T22:17:41,schlagen.mp3,DE,bo,639688
Amharic,1996-04-08T20:56:45,schwarz.wav,DE,bhb,2
German,2015-01-01T08:43:02,ab.xls,DE,sc,937940429
Catalan,1971-07-02T22:15:52,nein.json,DE,ia,203264266
Romansh,1997-12-01T23:41:13,schenken.csv,DE,lb,662693
Japanese,1990-06-16T22:34:06,bekommen.flac,DE,ta,553996
Tahitian,1970-03-31T04:22:15,verstecken.wav,DE,pl,603407
"Sotho, Southern",1989-04-17T18:49:46,will.wav,DE,crh,5063
Burmese,1980-06-09T01:46:49,Sommer.mp4,DE,az,548512
Burmese,1976-10-25T11:56:40,mögen.mov,DE,ast,7432449
Bosnian,2014-01-30T06:18:15,für.odt,DE,hr,597
Tamil,1998-10-03T03:49:24,hören.jpeg,DE,fil,72
Guarani,2005-09-17T21:22:33,springen.mov,DE,mi,62887
Afrikaans,1971-03-20T12:20:46,nimmt.html,DE,ti,527443689
Wolof,2004-10-02T18:09:43,rot.avi,DE,bs,5203
Kikuyu,2011-04-04T11:21:32,Apfel.bmp,DE,tn,7
Gaelic,1972-01-09T04:27:37,mein.wav,DE,ha,7407024
Serbian,2023-07-16T14:24:35,später.jpeg,DE,mai,7438789
Walloon,1982-06-04T09:24:38,früher.pages,DE,sa,382
Tonga,2015-10-07T07:12:34,Uhr.key,DE,oc,7
Burmese,1975-10-20T10:46:25,Hand.txt,DE,uk,48
Ewe,2016-10-21T08:23:26,kaufen.js,DE,dv,5071711
Chechen,1989-09-24T05:37:09,Wasser.tiff,DE,sid,78389
Croatian,1972-09-06T09:14:40,rot.mp3,DE,hne,5253
Corsican,1982-07-07T09:25:20,endlich.flac,DE,af,414
Burmese,1982-09-03T14:17:23,fragen.pages,DE,el,9667
Norwegian Nynorsk,1999-05-21T16:16:45,Wiese.mp3,DE,as,27
Gujarati,2008-11-17T01:39:10,die.pptx,DE,lzh,14973984
Hungarian,1980-12-22T02:22:00,Ferien.avi,DE,unm,9880
Bislama,2003-01-03T17:14:27,denn.csv,DE,yo,85
Norwegian,2019-02-10T07:29:15,ohne.webm,DE,cs,72
Inuktitut,1987-12-16T18:46:04,sehr.doc,DE,byn,2425
Serbian,1996-12-16T01:38:49,sieht.flac,DE,th,5267492
Northern Sami,1998-05-23T01:27:52,Katze.css,DE,crh,648663037
Japanese,2012-05-01T12:00:39,Jahr.xls,DE,ckb,92
Dutch,1995-05-07T12:04:22,jetzt.webm,DE,ts,9606
Polish,1979-10-23T11:43:53,schenken.docx,DE,kn,377
Sinhala,2017-05-13T16:29:29,vom.webm,DE,xh,3
Bihari languages,2000-05-26T22:20:47,wohnen.mov,DE,uz,4306024
Tonga,2014-07-22T16:39:06,dazu.csv,DE,fur,44
Avaric,1999-01-30T09:08:58,kommen.html,DE,ff,48510
Inuktitut,2010-11-01T22:28:10,rechnen.mov,DE,nb,15988
Guarani,2001-12-02T10:25:35,überall.js,DE,mi,3086
Finnish,1996-10-15T07:56:45,Licht.flac,DE,lg,5299702
Sango,1982-08-12T19:22:21,Kind.txt,DE,cv,59708703
Ojibwa,2003-02-28T18:42:47,denn.jpeg,DE,be,232232868
Czech,2006-12-01T14:23:30,Lehrer.jpg,DE,csb,642692
Norwegian,2020-05-12T00:56:30,reich.csv,DE,byn,39736
Quechua,2004-02-17T15:10:16,Dorf.avi,DE,ku,50396910
Uzbek,2013-01-09T16:25:11,Hunger.txt,DE,raj,27705987
Croatian,2017-05-31T11:50:01,Bett.tiff,DE,sw,70377
Cornish,2019-12-30T22:10:04,Gott.css,DE,mr,399932408
Cornish,1996-01-15T22:02:58,voll.bmp,DE,tl,1931944
Vietnamese,1985-11-28T04:25:30,gleich.xlsx,DE,az,72414015
Slovak,1970-12-09T17:08:20,Schule.jpeg,DE,ss,70493
Turkish,2013-07-04T07:32:58,frei.odt,DE,pa,47
Turkmen,2013-07-10T00:11:09,auch.odp,DE,mhr,7408565
Javanese,1991-11-15T06:11:01,nur.mov,DE,pap,4
Church Slavic,1976-08-19T13:28:19,Fisch.webm,DE,tk,48
Nauru,1988-09-01T13:38:34,Weg.avi,DE,my,6637
North Ndebele,1996-08-19T02:32:05,reiten.png,DE,yo,6418
Greek,1998-02-17T12:05:55,danach.mov,DE,ht,7868
Komi,1974-11-04T22:13:06,Flasche.xls,DE,uk,47874
Kannada,2012-01-05T00:37:40,fröhlich.flac,DE,hsb,206519
Zulu,1976-10-02T09:37:13,Auge.gif,DE,cs,21
Tajik,2009-10-21T14:44:02,jung.wav,DE,the,76943621
English,1988-01-22T12:36:58,darauf.pptx,DE,raj,526775784
Pushto,2022-11-14T21:54:13,Brot.wav,DE,sd,396
Malay,2022-02-24T04:51:40,nicht.mp3,DE,aa,88142743
Swedish,2010-09-24T22:07:13,bei.wav,DE,hi,37738
Walloon,1971-12-24T16:09:44,braun.js,DE,eo,93179
Hebrew,1994-12-24T14:35:29,Bauer.key,DE,bn,27
Central Khmer,1971-07-27T17:28:46,müssen.tiff,DE,tcy,4081771
Bislama,1992-06-23T05:51:34,wir.flac,DE,fil,837
Kannada,2022-03-18T12:16:36,setzen.ods,DE,om,162760614
Inuktitut,2012-03-09T20:41:52,hier.ppt,DE,fo,2237
Telugu,1982-05-02T17:20:37,uns.bmp,DE,ln,70
Kikuyu,1991-05-18T04:20:00,schlafen.tiff,DE,bg,81886
Albanian,1982-02-21T06:22:20,Küche.jpeg,DE,af,523364968
Zulu,2016-09-25T00:34:06,vier.wav,DE,en,5564025
Interlingua,2019-12-22T04:42:25,tun.avi,DE,shs,127913663
Samoan,2018-12-24T04:03:37,Opa.json,DE,aa,836
Somali,1982-03-31T01:49:50,Woche.mov,DE,doi,0
Afrikaans,1986-01-15T20:16:17,also.key,DE,kn,66398
Italian,2023-05-18T21:40:49,viel.avi,DE,mn,0
Indonesian,1997-12-30T18:31:16,Arzt.jpeg,DE,et,791076
Estonian,2014-08-10T06:36:55,haben.mov,DE,cs,79180
Panjabi,1985-03-09T05:59:58,sofort.mp3,DE,csb,81679436
Telugu,1987-12-08T15:20:54,erst.pages,DE,da,347442980
Church Slavic,1984-06-13T21:13:21,laufen.mp3,DE,mhr,5586574
Sichuan Yi,1970-05-15T07:13:56,bringen.flac,DE,fur,46
Occitan,1999-09-18T04:22:14,Familie.ppt,DE,hu,7
Faroese,1981-05-05T03:33:59,Schluss.jpg,DE,de,27
Twi,1975-03-10T17:33:20,Eltern.tiff,DE,niu,93
Zhuang,1991-01-24T22:37:04,weiter.tiff,DE,ro,618482
Panjabi,1974-10-15T05:56:20,Minute.webm,DE,ug,3146
Inuktitut,2010-08-07T13:55:01,Rad.ods,DE,he,13164
Hausa,1976-07-16T11:17:23,groß.mp3,DE,fo,529
Vietnamese,1974-10-31T03:16:18,Land.ppt,DE,af,9
Tswana,1988-11-09T19:26:31,Familie.tiff,DE,es,9808843
Assamese,1991-11-12T11:53:59,drehen.mov,DE,csb,677965
Macedonian,1996-03-14T17:32:34,bei.csv,DE,nb,287
Manx,1972-12-16T03:37:28,kurz.json,DE,it,6675
Tigrinya,1975-06-23T18:23:18,kam.mov,DE,tk,97754
Tonga,1982-01-12T20:11:29,einfach.json,DE,br,5038930
Vietnamese,1986-09-22T07:20:24,neben.mp4,DE,fil,25074
German,1996-07-12T14:58:12,weil.mp3,DE,th,29835670
Armenian,1979-02-07T07:03:51,nicht.pdf,DE,kk,77
Danish,2013-08-01T01:36:03,er.avi,DE,yo,5767512
Nauru,2003-10-21T18:34:09,gesund.mov,DE,sd,480
Western Frisian,1984-10-16T12:37:54,las.html,DE,ss,497472
Navajo,1970-04-02T02:01:01,fliegen.flac,DE,nso,422218
Polish,1987-09-08T09:03:41,beißen.mp3,DE,mhr,357957974
Quechua,1995-07-23T15:15:36,gesund.wav,DE,mg,75
Uighur,2007-02-02T14:45:32,und.mp4,DE,lv,5300
Sindhi,1998-06-13T18:24:16,heraus.mp4,DE,br,39
Abkhazian,1972-11-29T09:08:47,Essen.csv,DE,my,2670287
Guarani,2008-08-07T00:07:41,können.mov,DE,gl,7198
Central Khmer,2016-09-09T16:02:54,spielen.mov,DE,cmn,183
Yiddish,2007-09-28T07:10:02,nichts.js,DE,am,486959
Italian,1987-08-29T23:57:03,jung.tiff,DE,ht,446505217
South Ndebele,2000-04-07T12:05:32,gehören.js,DE,mr,181843370
Slovak,2002-04-05T12:55:55,genau.doc,DE,ne,70451495
Igbo,1988-06-03T04:36:15,frei.tiff,DE,ko,50
Malayalam,1979-08-10T09:09:27,Glück.tiff,DE,kk,909167848
Javanese,2014-09-11T15:19:34,denken.avi,DE,ht,4
Tahitian,2023-07-22T17:08:09,las.webm,DE,yo,62172
Occitan,1996-12-10T05:46:42,Platz.pdf,DE,et,78351508
Faroese,1990-03-01T12:45:32,Bein.webm,DE,tk,904831640
English,1992-11-28T13:12:01,gefährlich.json,DE,hak,5470
Georgian,1983-12-07T16:52:05,kann.numbers,DE,unm,7994265
Pushto,2019-02-03T10:57:33,sich.webm,DE,ro,6580
Galician,2022-12-11T23:52:44,wollen.tiff,DE,sl,241
Sichuan Yi,1996-03-01T04:39:55,hat.mov,DE,sl,23377613
Tagalog,1993-06-29T14:44:21,Wasser.bmp,DE,kk,81489
Urdu,1976-07-13T22:04:08,Lehrer.doc,DE,et,210343733
Estonian,1996-11-09T06:03:29,Leute.docx,DE,wal,969
Kurdish,1999-04-16T14:45:28,sie.odp,DE,sq,223026
Sanskrit,2019-10-05T10:29:09,frei.wav,DE,an,88
Rundi,1988-05-01T21:58:16,Stück.bmp,DE,hy,147096827
Bulgarian,1998-05-16T06:30:04,hoch.xlsx,DE,ka,31
Latvian,2019-08-18T11:39:40,jeder.bmp,DE,gv,83368
Mongolian,2001-12-11T16:15:53,fährt.json,DE,the,9
Galician,1991-05-23T01:16:31,sechs.txt,DE,hi,81317325
Breton,1991-05-09T07:52:49,Angst.odt,DE,nso,602530
Sundanese,1972-01-19T05:27:17,oben.wav,DE,lzh,8
Swahili,1997-04-15T22:51:45,mein.js,DE,sa,133
Ojibwa,2011-09-09T08:30:10,Flasche.jpg,DE,mni,78321
Rundi,2013-11-05T11:41:32,vergessen.mp4,DE,zh,9652588
German,1974-04-21T16:27:18,wohl.css,DE,bn,49142
Sango,1982-04-12T21:11:17,beide.mp4,DE,ur,6
Walloon,1971-12-29T04:55:59,Zug.webm,DE,ml,7753
Rundi,2018-07-07T16:56:29,Weg.jpg,DE,tcy,9
Twi,1992-10-30T15:55:29,leise.json,DE,ug,67
South Ndebele,1984-09-06T11:43:28,nimmt.mov,DE,ast,20639190
Bashkir,1973-02-04T15:41:50,Gott.wav,DE,mr,616
Chinese,2020-05-03T08:52:47,los.wav,DE,wae,851084
Zulu,2021-07-03T22:32:49,hat.png,DE,da,565517
Croatian,2006-01-11T21:36:47,gut.flac,DE,xh,36707
Inuktitut,2010-08-28T04:26:15,Tisch.xls,DE,ru,641105502
Slovak,1997-09-27T23:17:36,kommen.mp3,DE,fur,31
Croatian,2003-08-31T10:17:38,traurig.pptx,DE,szl,200938399
North Ndebele,1998-01-10T13:13:22,fest.pages,DE,tig,610484915
Pushto,2023-04-07T11:30:18,Haus.key,DE,ne,71525821
Oriya,1971-08-16T10:15:45,ein.png,DE,ms,7
Cree,2015-03-17T05:28:27,kommen.jpg,DE,tig,688
Romanian,2012-10-04T08:33:19,Tier.mp3,DE,st,76515081
Aragonese,1979-07-10T05:56:41,Kind.odt,DE,kw,7075212
South Ndebele,1970-08-02T01:36:44,laut.txt,DE,ro,7357
Sardinian,2016-12-12T00:30:11,deshalb.json,DE,fr,192
Avaric,1972-01-15T03:33:13,steigen.flac,DE,ps,840
Afrikaans,1980-07-11T08:34:40,oder.css,DE,ug,84566
Pushto,1983-01-26T02:33:18,Herr.odt,DE,sl,734
Chinese,1977-03-20T04:00:31,Land.csv,DE,pap,25039
Oriya,2013-09-26T20:07:40,Herz.flac,DE,hne,7182
Mongolian,1977-04-24T23:28:32,Beispiel.flac,DE,af,16
Maltese,1982-07-31T00:21:33,Schuh.wav,DE,sat,2823795
Burmese,2021-06-27T21:00:40,frei.avi,DE,zu,6
Arabic,1976-08-17T04:20:38,Sohn.js,DE,ln,9829437
Hausa,1993-05-27T10:14:06,packen.docx,DE,bg,240
English,1986-11-08T09:36:01,schreiben.mp3,DE,tcy,11290
Igbo,1991-03-18T16:54:56,bringen.key,DE,nb,9
Azerbaijani,2005-10-05T18:33:24,Glück.docx,DE,fil,77582945
Armenian,1992-03-29T23:14:59,Vogel.pdf,DE,bhb,934
Turkish,1984-01-11T22:34:26,schicken.mp4,DE,kk,599866
Lao,2023-01-13T06:09:51,fest.flac,DE,bs,4
Kongo,1992-08-24T11:26:48,Haus.bmp,DE,fr,631316
Irish,2016-01-09T04:35:34,dürfen.gif,DE,xh,72704018
Assamese,1978-01-30T20:24:39,Essen.bmp,DE,ks,25114853
Persian,2018-10-13T05:52:13,bei.mp4,DE,ha,4938
Shona,1972-06-17T10:35:17,oder.flac,DE,mk,5
Hindi,2020-06-22T11:00:29,dein.jpg,DE,niu,5553
Chinese,2012-12-02T09:57:35,davon.pptx,DE,quz,47159358
Turkmen,1981-06-19T02:42:45,Sonne.json,DE,yi,4142
Marshallese,1986-02-16T06:34:51,zwischen.avi,DE,lzh,9897
Belarusian,2006-06-28T12:35:13,Nacht.wav,DE,br,959577341
Uzbek,2009-12-03T01:43:13,tun.txt,DE,tr,51
Venda,2017-06-06T16:48:17,hören.xls,DE,iw,9727
Herero,2003-05-04T17:09:05,offen.mp4,DE,st,9
Somali,1976-07-03T05:26:53,Straße.wav,DE,fy,74489133
Avestan,2000-07-05T12:25:21,drehen.gif,DE,wo,33341193
Armenian,2001-04-27T01:55:53,nun.png,DE,tn,681
Inuktitut,1986-01-27T22:19:48,Zeit.key,DE,ja,751211333
Panjabi,1999-12-27T13:02:39,setzen.mp3,DE,mn,63
Luxembourgish,2001-09-01T00:50:58,Zeit.webm,DE,ckb,9147111
Burmese,1988-09-08T01:00:27,Mädchen.mov,DE,te,81
Lithuanian,1984-08-15T14:04:48,einmal.mov,DE,vi,2
Tamil,1984-09-14T21:21:55,später.flac,DE,ce,444
Avestan,2018-03-12T12:07:28,Boden.css,DE,wal,3340212
Hausa,1979-03-14T08:10:47,böse.csv,DE,bem,734340
"Sotho, Southern",1981-09-24T05:51:56,Baum.flac,DE,the,5199
Malayalam,1987-09-26T08:10:28,fiel.mp4,DE,bhb,881568050
Sundanese,2019-10-06T01:37:05,ziehen.pptx,DE,lv,547
Herero,1983-02-15T19:11:48,Baum.mp4,DE,fy,2819092
Javanese,2007-01-24T16:44:02,Eltern.txt,DE,shs,218
Limburgan,1986-01-21T01:39:19,Wort.xls,DE,mag,33327279
Abkhazian,2020-11-21T04:24:16,früh.webm,DE,te,671965
Dutch,2001-07-01T00:25:34,Frau.bmp,DE,tig,5
English,2010-01-01T06:11:08,Wald.mp4,DE,fa,1
Venda,1972-09-03T01:55:16,genau.txt,DE,cmn,10632
Irish,1970-05-26T13:52:02,schreiben.avi,DE,kk,339211491
Norwegian,2011-03-06T23:38:33,dumm.doc,DE,an,2975666
Fulah,1972-04-21T00:49:04,Jahr.ods,DE,fo,6048
Kongo,1979-08-23T20:45:54,See.png,DE,ga,512135627
South Ndebele,1992-07-14T16:12:17,Bruder.jpg,DE,sid,305464
Kikuyu,2005-06-24T09:31:39,krank.css,DE,ff,667
Fulah,1991-09-03T02:29:35,Garten.docx,DE,byn,739157026
Wolof,1988-12-18T00:24:27,immer.mp3,DE,ss,699774
Inupiaq,1995-07-10T21:04:26,letzte.csv,DE,ha,450629
Japanese,1983-10-18T16:24:46,es.bmp,DE,bho,37550792
Estonian,1975-04-28T13:14:26,einigen.mp3,DE,af,4426438
Malay,1997-01-13T12:35:46,immer.png,DE,ta,5698780
English,2001-07-29T03:13:20,sagen.tiff,DE,fo,258008255
Irish,1971-01-20T17:44:17,neun.mp3,DE,ar,8227
Corsican,1982-10-17T10:47:47,Hand.webm,DE,ha,450660779
Indonesian,1988-01-22T22:30:11,werfen.pages,DE,as,5816162
Tahitian,2011-09-02T02:02:57,böse.avi,DE,nr,3481
Tsonga,1976-10-27T19:04:02,las.txt,DE,mr,412
Akan,1993-10-27T08:55:59,Mama.webm,DE,ast,6
Bengali,1998-06-01T03:42:32,Finger.css,DE,iw,406
Kikuyu,2001-01-09T22:06:50,lustig.json,DE,tn,19967088
Somali,1971-05-02T07:34:42,holen.jpeg,DE,mn,76789376
Galician,1994-12-01T16:35:43,führen.json,DE,cmn,6
Chamorro,2023-09-08T14:34:51,Himmel.mp4,DE,ta,440224826
Oriya,2002-11-19T10:27:50,einige.txt,DE,sk,60879090
Lithuanian,1979-08-27T08:17:21,Wiese.doc,DE,bhb,78039850
Limburgan,2015-04-16T17:15:38,fährt.mp3,DE,bho,798088860
Kalaallisut,2016-10-09T23:10:51,verstehen.gif,DE,ti,9440
Uighur,1992-11-13T15:08:06,Mensch.tiff,DE,kok,478
Tamil,1970-10-17T17:19:32,kennen.csv,DE,lg,30
Vietnamese,1994-01-25T07:23:14,Mann.ppt,DE,sid,108361626
Hungarian,1977-06-07T09:20:09,gehören.doc,DE,gv,858682347
Dutch,2021-03-15T02:30:23,waschen.tiff,DE,ta,4717
Chuvash,1995-08-31T12:24:19,Wetter.mp4,DE,hy,392083
Xhosa,2001-08-09T21:56:11,Haare.mp3,DE,te,68992058
Tswana,1986-02-03T19:19:49,gestern.js,DE,hu,550508713
Marshallese,1984-08-31T19:03:21,krank.xlsx,DE,km,0
Yoruba,2003-02-04T07:22:50,Schuh.gif,DE,ug,2135
Church Slavic,2019-12-09T16:37:45,sich.json,DE,ti,3506255
Nepali,1998-07-17T12:47:26,Tante.js,DE,sa,80071
Interlingua,2009-07-17T07:47:08,wohl.txt,DE,an,826
Nauru,2008-02-28T06:48:45,dafür.gif,DE,ks,9850
Tahitian,1983-03-11T18:05:48,Wagen.pptx,DE,uz,33
Somali,1978-04-01T16:38:28,und.tiff,DE,tig,9868
Finnish,1971-09-08T04:41:58,Junge.css,DE,en,945587
Basque,1980-12-15T00:04:18,zehn.webm,DE,gez,877
Samoan,2015-02-02T12:06:48,klein.xls,DE,mai,606
Bosnian,2013-06-01T10:28:02,gerade.avi,DE,mi,1353
Cornish,2008-01-20T05:36:52,Schüler.txt,DE,ia,55771653
Xhosa,1994-07-07T05:08:15,Ferien.doc,DE,en,316418507
Chuvash,2013-05-04T16:56:25,gegen.mp4,DE,es,846498
Swati,1971-06-29T23:55:54,gab.pages,DE,uk,22
Tonga,1985-10-29T04:49:31,selbst.odp,DE,fo,677583043
Corsican,2019-07-04T16:22:25,kurz.webm,DE,ne,815102443
Telugu,1971-09-16T01:02:42,weinen.jpeg,DE,ik,32879228
Pushto,1974-02-26T09:30:10,lassen.avi,DE,en,41268
Wolof,1984-11-27T16:00:22,Mutter.docx,DE,is,139848119
Dzongkha,2011-03-12T16:04:30,als.wav,DE,pa,7327
Javanese,1978-03-18T19:44:33,vielleicht.docx,DE,brx,798
Igbo,2007-01-26T12:52:21,also.doc,DE,ps,48604
Catalan,2019-06-22T14:33:01,Hund.js,DE,pap,911137
Aragonese,1990-07-08T13:17:20,legen.docx,DE,kk,29013115
Portuguese,1992-10-21T12:37:39,als.wav,DE,is,844
Kalaallisut,2006-03-18T06:38:13,machen.gif,DE,lzh,784870973
Navajo,1980-03-29T05:27:12,Freund.flac,DE,quz,68
Swahili,2010-09-01T07:59:48,laut.gif,DE,wo,78
Divehi,2007-06-15T00:43:28,gibt.gif,DE,fil,6
Navajo,2000-08-27T14:29:52,Junge.jpeg,DE,wa,932997676
Maltese,2001-01-25T17:29:53,Zimmer.mp3,DE,tig,6626728
Kalaallisut,1972-11-12T03:05:47,man.bmp,DE,sd,73185
Limburgan,1990-09-12T23:22:28,er.mp4,DE,mai,496830241
Kirghiz,1970-04-29T16:20:08,Sonntag.jpg,DE,tl,492777858
Kinyarwanda,2009-08-21T05:36:30,Bein.js,DE,sq,83177
Tajik,2005-03-25T08:07:29,unter.flac,DE,ky,59221607
Cree,1988-02-06T11:00:35,See.csv,DE,nhn,843273194
Oromo,2014-09-22T21:15:22,kurz.webm,DE,zh,8721
German,1983-01-01T19:58:24,allein.flac,DE,ru,957
Greek,1998-05-06T08:54:38,richtig.gif,DE,sv,317081
Swedish,2008-09-26T12:31:44,wenn.flac,DE,kl,9410608
Swedish,1982-08-21T17:33:12,haben.gif,DE,gez,885547403
Limburgan,2001-07-13T01:41:05,zwischen.txt,DE,mag,82260735
Bihari languages,2017-12-03T07:56:40,leise.txt,DE,pap,8695349
Sundanese,1987-11-13T14:43:15,Wohnung.jpeg,DE,si,10851
Lingala,1998-07-22T13:08:02,Auto.avi,DE,ml,3
South Ndebele,2022-08-31T14:45:15,Fenster.wav,DE,si,22
Xhosa,1995-12-31T18:32:58,nichts.mp3,DE,apn,66
Samoan,1973-12-01T12:27:12,halbe.csv,DE,the,55
Western Frisian,1999-05-02T16:02:40,jetzt.csv,DE,kn,5182
Turkmen,1994-12-12T23:52:22,Hilfe.mp4,DE,dv,798
Slovak,1979-04-14T00:56:37,fahren.flac,DE,ky,562610
Twi,1978-07-28T23:08:28,Musik.odp,DE,km,26401
Guarani,2015-09-06T20:49:16,zehn.js,DE,nds,4221618
Inupiaq,1979-08-14T20:04:54,Hund.tiff,DE,sk,27
Ganda,2021-08-14T16:16:48,hinein.mp4,DE,wal,0
Gaelic,1991-03-25T10:14:58,hart.avi,DE,mg,59759
Cree,2013-08-26T08:21:02,schlagen.flac,DE,hsb,301493257
Thai,2023-04-03T20:42:04,allein.webm,DE,brx,357392
Lithuanian,1980-04-28T17:22:29,am.ods,DE,ml,9215
Welsh,1996-11-16T06:24:56,schreiben.jpeg,DE,ga,13509
Indonesian,1984-03-05T18:21:35,am.html,DE,ar,9
Yiddish,1978-01-13T19:54:27,wer.mov,DE,eo,18761
Czech,1996-04-15T13:10:13,Kind.jpeg,DE,byn,6282
Navajo,1988-02-10T05:47:58,fliegen.json,DE,tcy,3619319
Arabic,1978-01-20T18:41:23,noch.jpg,DE,om,5056
Sinhala,2009-12-24T21:10:53,Fisch.jpg,DE,szl,446850
Twi,2017-06-23T20:52:46,ab.numbers,DE,ka,324991716
Spanish,1972-04-10T14:15:15,Tier.pptx,DE,ber,811
Western Frisian,1992-07-19T07:25:41,Zeitung.json,DE,nso,4607183
English,1993-10-13T13:54:27,gleich.avi,DE,tt,9599688
Macedonian,1998-04-06T19:23:53,setzen.webm,DE,hu,809
"Sotho, Southern",2010-11-22T18:32:46,ziehen.css,DE,yo,500306789
Burmese,2019-06-14T00:46:21,Familie.webm,DE,ff,13138
Spanish,1977-09-11T11:09:49,Frau.wav,DE,mn,5011
Swati,2003-09-06T12:24:47,Leben.mp4,DE,ia,807079845
Tagalog,2016-03-22T16:13:29,Glas.pptx,DE,ru,21977603
Latin,1998-05-04T20:49:19,weiter.webm,DE,gd,8
Kashmiri,1989-02-04T05:38:58,offen.pages,DE,eu,4
Avestan,1980-03-26T14:02:46,dir.mp3,DE,hne,810865
Shona,2013-04-16T01:38:25,Vogel.html,DE,km,47456374
Pushto,2001-04-05T16:54:33,machen.css,DE,ln,526
Hiri Motu,1996-07-22T01:00:04,versuchen.flac,DE,nb,13
Akan,2007-03-30T22:53:51,hat.odp,DE,ber,414955171
Sango,2009-11-04T11:54:22,sie.json,DE,the,9209080
Tamil,1987-09-30T10:38:28,traurig.jpeg,DE,hy,3744775
Assamese,2015-05-08T16:04:05,Zahl.mp3,DE,ckb,5
Hausa,2016-07-28T23:00:07,haben.js,DE,lg,0
Bosnian,1999-02-05T09:20:07,fährt.avi,DE,ar,9573
Interlingua,1977-07-16T14:29:26,Boden.wav,DE,ka,7953
Dutch,2011-02-13T07:56:37,Wasser.doc,DE,lo,6
Divehi,1981-01-09T22:26:21,also.png,DE,sv,957
Akan,1975-11-02T22:53:25,seit.mp3,DE,mt,5
Twi,1987-08-06T08:25:40,Brot.numbers,DE,iu,42277560
Hausa,1975-03-23T19:20:35,ruhig.key,DE,pa,7887491
Chuvash,2013-09-27T09:16:50,nämlich.mp4,DE,ce,3134
Aragonese,1986-08-23T15:13:02,ihr.mp3,DE,cmn,1
South Ndebele,1993-07-04T05:33:10,Flasche.csv,DE,mhr,6375066
Oriya,2013-02-14T23:44:08,davon.csv,DE,ss,22
Dzongkha,1974-02-28T05:35:39,Uhr.txt,DE,te,56
Limburgan,1978-12-03T13:39:06,vielleicht.avi,DE,ne,262
Lingala,1994-02-12T03:01:18,werden.pages,DE,gl,66
Breton,2016-06-27T11:19:08,hängen.mp4,DE,sa,247
Igbo,1986-10-10T02:44:17,der.tiff,DE,gd,59780
Turkmen,2013-05-03T14:24:47,neun.js,DE,li,226602
Ndonga,1998-02-28T04:34:03,heiß.avi,DE,cv,133
Bihari languages,1999-04-27T07:31:47,packen.flac,DE,km,92884
Persian,1985-01-17T01:30:08,dunkel.css,DE,hne,869
Esperanto,2014-02-03T08:27:51,Loch.wav,DE,id,563902
Guarani,2014-06-14T14:00:41,Monat.gif,DE,eo,35162
Kanuri,1997-04-21T09:38:04,krank.pdf,DE,sk,81
Javanese,1974-09-20T08:57:35,sofort.webm,DE,tt,32423106
Oriya,2010-02-22T02:54:39,verstehen.avi,DE,nds,655194826
Northern Sami,1989-01-19T20:05:57,fliegen.ppt,DE,nl,6
Akan,1972-06-23T19:16:04,Stück.gif,DE,mn,2
Slovenian,2017-11-04T05:20:56,Land.csv,DE,os,777028596
Interlingua,1999-12-04T21:10:22,müssen.mov,DE,wo,8
Ganda,1993-01-30T03:25:43,wenn.wav,DE,so,2
Turkmen,2023-05-24T03:07:05,fest.xls,DE,zu,8735
Icelandic,2005-12-19T15:27:28,man.bmp,DE,byn,58
Tswana,1979-08-25T04:53:11,Tisch.jpeg,DE,kl,29
Amharic,1987-03-10T23:31:29,Welt.ppt,DE,sa,194088724
Kongo,1986-12-04T19:45:11,Tante.json,DE,gez,15
Georgian,1986-06-13T13:04:37,denken.odp,DE,sid,846
Marshallese,2011-05-24T02:03:12,Uhr.js,DE,hu,9
Manx,1982-08-24T09:42:03,nennen.wav,DE,as,6
Guarani,1992-10-30T06:45:24,fast.mp3,DE,gd,329
Lingala,2023-08-03T00:17:27,vergessen.tiff,DE,ug,61921
Interlingue,1989-08-04T17:48:31,Garten.pptx,DE,pa,437
Cornish,1991-11-13T21:59:55,überall.flac,DE,fi,63169
Ganda,2022-12-01T12:14:01,daran.png,DE,mn,62
Nauru,2005-10-25T18:38:30,anfangen.avi,DE,ur,90
Hindi,1970-10-07T06:23:24,fangen.flac,DE,hu,3367905
Cree,1984-11-26T23:00:34,hinein.wav,DE,ln,513285
Fulah,2003-02-02T21:25:01,Berg.mov,DE,mi,4
Georgian,1976-10-15T23:36:03,Wissen.wav,DE,bn,8
Ido,1975-05-14T03:24:47,endlich.webm,DE,en,96781167
Malagasy,2005-02-06T08:30:31,hat.tiff,DE,mi,7
Ndonga,1998-10-05T16:24:23,glauben.ods,DE,mag,548
Kikuyu,1996-03-27T05:24:41,los.webm,DE,wal,72832
Kashmiri,1996-01-28T07:03:24,sein.docx,DE,sr,171069
Romanian,1972-01-18T05:01:40,kurz.ppt,DE,crh,7375930
German,1985-02-11T03:19:17,Eltern.flac,DE,mag,98838
Galician,1991-12-16T03:47:56,gehören.flac,DE,sc,367
Polish,1987-04-23T19:45:51,Herr.js,DE,bs,15377821
Dutch,2013-07-11T04:04:25,leise.key,DE,mai,461
Kazakh,1972-02-22T09:28:45,also.bmp,DE,li,24691447
Danish,1988-09-03T11:30:14,also.jpeg,DE,nn,876
Tonga,2001-04-06T20:15:35,erzählen.avi,DE,crh,277193912
Azerbaijani,1999-09-30T04:16:47,richtig.pages,DE,an,1221
Akan,1974-04-20T14:16:41,bei.mp4,DE,om,36980
Oriya,1978-10-27T15:47:59,leicht.css,DE,ug,108562
Bengali,1979-04-03T12:48:07,bleiben.jpg,DE,quz,995
Tajik,1993-12-27T05:10:57,Gesicht.mp4,DE,fa,41940084
Kinyarwanda,1987-11-04T06:49:22,zum.ods,DE,hr,38394101
Sinhala,1986-02-14T21:51:03,Brot.jpeg,DE,sq,94630581
Hausa,1984-03-15T17:29:32,treffen.jpg,DE,uz,3292
Haitian,2014-11-11T07:18:21,mögen.png,DE,lo,582
Kannada,2021-11-22T16:12:40,Stein.pages,DE,oc,338536
Tibetan,2016-12-20T03:52:05,ab.tiff,DE,am,33011673
Twi,1973-04-14T08:36:39,Monat.mov,DE,eu,3424
Sanskrit,2017-04-25T00:12:54,uns.webm,DE,ms,6
Russian,1985-01-03T19:10:49,krank.key,DE,cmn,8895
Chuvash,2019-07-14T08:44:48,gibt.mov,DE,mg,5
Latin,1979-11-02T03:01:24,Haare.mp4,DE,crh,7047
Bihari languages,1977-07-30T20:55:09,reiten.csv,DE,ku,39
Inupiaq,2004-11-08T12:29:44,Sache.key,DE,ku,84185
Dutch,2013-06-21T23:47:02,gut.bmp,DE,quz,78
Latvian,1999-03-18T20:32:03,Straße.ods,DE,bho,14723598
Greek,2009-05-29T00:06:54,deshalb.flac,DE,ar,51
Kalaallisut,1992-07-06T11:14:06,helfen.csv,DE,gl,77
Portuguese,2006-05-20T14:51:13,schön.mp3,DE,ko,4298
Corsican,2009-01-20T12:20:03,acht.css,DE,nn,459
Ewe,2012-09-26T00:09:18,merken.ppt,DE,eu,41
Divehi,1996-02-03T04:38:31,kommen.html,DE,ta,39389
Kurdish,1976-02-19T22:16:16,verlieren.mp4,DE,sl,1725
Urdu,1981-12-29T07:45:21,dabei.avi,DE,cy,985576
Hindi,2022-09-25T19:38:58,was.wav,DE,lb,678069144
Luba-Katanga,2007-07-08T03:52:38,fressen.ppt,DE,fo,733719
Ido,1982-07-10T01:23:46,später.tiff,DE,af,515433
Herero,1981-11-14T04:24:58,mal.mov,DE,gez,61588026
Lao,1970-08-01T08:01:46,unter.csv,DE,sw,7831
Manx,2022-04-26T03:35:45,warum.flac,DE,iu,398672501
Somali,1971-03-27T18:08:12,über.numbers,DE,nn,653397039
Uighur,1986-05-15T12:06:04,nehmen.flac,DE,apn,512141
Hindi,2014-06-29T19:01:25,Vater.numbers,DE,ml,54
Uighur,1991-09-30T22:28:06,sich.bmp,DE,eu,93508
Danish,2013-09-09T05:10:53,Geschichte.mov,DE,apn,983269009
Malagasy,1978-01-31T07:22:58,Monat.csv,DE,fil,6264596
Haitian,2003-10-15T01:23:35,glücklich.doc,DE,eo,31742
Telugu,2015-10-16T04:02:42,kann.webm,DE,ar,3251788
Korean,2017-10-04T04:53:24,Frau.mov,DE,mni,708
Hausa,2014-08-29T20:57:36,dazu.mp3,DE,si,2079
Inupiaq,2020-06-23T10:46:37,Schule.ods,DE,sk,47043
Cornish,1994-08-16T05:33:01,turnen.jpg,DE,mg,36
Kongo,2017-03-06T05:14:38,laufen.jpg,DE,an,4015337
Navajo,2011-09-15T09:10:09,wie.mov,DE,ln,64988
Greek,2015-04-26T10:21:36,Abend.bmp,DE,wo,9408447
Polish,2013-09-21T16:58:19,singen.txt,DE,ka,3253621
Tigrinya,1976-08-13T03:31:41,dann.tiff,DE,eo,9304406
Fulah,2001-09-08T05:10:28,Familie.tiff,DE,nds,358531
Hungarian,2003-07-28T23:39:51,aus.tiff,DE,mai,68
Sindhi,1981-07-17T20:00:09,als.mp3,DE,oc,4
Korean,1991-07-26T20:08:03,finden.wav,DE,ku,909399286
Javanese,1974-09-20T04:37:18,braun.jpg,DE,pap,2429114
Kirghiz,1970-01-21T19:09:54,Monate.css,DE,mt,33183
Marathi,2012-12-03T19:06:33,leise.ppt,DE,tg,73
Manx,2019-04-14T05:18:53,werden.xlsx,DE,es,76092
Yiddish,1987-05-22T22:20:12,gerade.mov,DE,mai,590919
Tonga,1989-01-18T05:44:50,was.png,DE,az,6277
Catalan,2007-02-24T18:26:33,wer.csv,DE,sid,14503761
Kirghiz,2003-03-02T17:16:54,rot.txt,DE,ml,131
Oriya,1982-04-01T11:54:05,wie.js,DE,the,98592846
Estonian,2017-03-29T22:16:38,überall.mp3,DE,hsb,617
Panjabi,1980-10-08T07:33:35,rechnen.pdf,DE,ms,8
Burmese,1985-09-23T01:43:19,lange.webm,DE,si,886
Breton,2017-10-24T03:18:38,dürfen.webm,DE,li,737630
Fijian,2014-09-22T19:19:29,rufen.key,DE,zu,520184089
Manx,1977-10-01T09:04:24,Angst.xls,DE,mag,2
Fijian,2016-10-06T08:04:44,Rad.flac,DE,ik,28006
Abkhazian,2000-11-07T00:11:52,Nacht.bmp,DE,zu,84395
Bulgarian,2015-12-22T23:16:41,rennen.mp3,DE,nb,5465376
"Sotho, Southern",2003-11-13T14:16:38,nass.mov,DE,ik,696
Armenian,1975-09-01T09:56:41,endlich.csv,DE,cy,20
Esperanto,2005-07-21T19:41:01,Mama.bmp,DE,os,5238
Georgian,1997-03-20T19:13:44,ja.bmp,DE,tcy,472456968
Herero,1989-12-26T02:09:15,da.csv,DE,is,862
Kikuyu,2015-01-10T20:10:51,erst.flac,DE,gl,15819
Kurdish,1993-01-17T11:14:18,und.mp3,DE,be,17
Interlingue,2022-04-27T05:35:53,Platz.wav,DE,ps,5
Inupiaq,1983-11-11T18:16:54,finden.bmp,DE,sr,146369842
Gaelic,2002-12-05T00:54:08,können.webm,DE,ff,647
German,1982-03-24T18:26:17,Weihnachten.webm,DE,iw,53280
Swati,1999-05-08T08:52:00,Vater.csv,DE,pa,399
Cornish,2012-03-01T16:25:16,Gesicht.odt,DE,ha,5589631
Amharic,1977-11-16T03:38:55,mein.pdf,DE,ss,67517
Sardinian,1978-06-16T16:37:50,rufen.pptx,DE,as,23
Nepali,2013-09-28T10:00:50,stehen.png,DE,en,597
Tonga,2023-06-19T14:59:09,Monate.mov,DE,wo,869274153
Tswana,1980-01-16T18:47:10,Weg.mp3,DE,lv,2443
Danish,1999-05-05T02:43:51,scheinen.doc,DE,ur,19375740
Avaric,2002-04-23T11:10:37,Abend.bmp,DE,wal,2626047
Kirghiz,2007-05-01T14:38:52,Hase.jpg,DE,en,4375
Javanese,2002-06-11T10:34:14,Himmel.txt,DE,et,13
Quechua,2023-02-23T16:40:23,legen.json,DE,be,2364965
Aymara,1976-03-30T21:11:28,Mensch.key,DE,wae,5848405
Aragonese,2000-03-04T08:42:07,Frau.flac,DE,az,74664663
Abkhazian,2019-05-18T11:52:11,oder.gif,DE,am,97
Maltese,1988-01-30T17:50:45,kein.css,DE,ky,487969
Ojibwa,1988-06-16T05:47:36,Mann.mp4,DE,bo,925020248
Tswana,1987-09-12T15:31:00,ging.flac,DE,vi,2413
Estonian,2001-01-19T23:17:26,einmal.flac,DE,ln,30890783
Sichuan Yi,2009-11-26T13:21:46,merken.jpeg,DE,or,1380
Yiddish,2009-07-09T21:54:56,warm.html,DE,ber,762441718
Maltese,1976-10-16T04:06:43,wollen.wav,DE,wo,78
Chamorro,2001-05-03T12:09:16,Zimmer.key,DE,ml,77774
Herero,2008-08-12T02:39:54,Tür.flac,DE,zh,9
Tsonga,2004-07-27T07:29:45,nennen.xls,DE,ko,885
Finnish,2012-05-18T10:37:15,oben.js,DE,doi,886986953
Russian,1977-07-26T11:52:03,stehen.wav,DE,tk,1
Malagasy,1975-10-02T01:26:54,Geburtstag.odp,DE,ar,413907
Croatian,1973-01-10T09:58:37,bauen.xls,DE,mn,358877925
Dutch,2018-12-23T19:03:28,her.mp3,DE,raj,8860651
Luxembourgish,1976-02-12T02:17:55,dumm.csv,DE,ve,1
Faroese,2020-09-12T11:05:49,dürfen.png,DE,uz,827905
Turkmen,1999-04-25T03:04:09,mich.bmp,DE,my,5
Swahili,2012-12-05T09:18:46,legen.wav,DE,hi,420911173
Mongolian,1995-08-26T05:09:21,verlieren.avi,DE,sd,9
Icelandic,2006-01-09T14:36:51,hinein.bmp,DE,hi,96961
Xhosa,1989-12-30T19:10:53,Maus.mp3,DE,lb,51
Urdu,2016-11-18T15:37:26,Lehrer.flac,DE,os,10132
Avestan,1995-04-14T20:57:15,Uhr.jpeg,DE,byn,348
Malayalam,1989-04-10T22:51:31,ließ.js,DE,hy,4260631
Hausa,2011-10-27T00:29:35,Nase.gif,DE,hr,91697203
Swedish,1990-02-01T22:16:46,nein.mp4,DE,my,2710163
Bislama,2020-07-08T12:29:42,fragen.webm,DE,hu,925
Kinyarwanda,1970-07-09T02:13:24,schwer.mov,DE,wa,5
Luba-Katanga,2008-03-15T22:26:36,lange.tiff,DE,mk,99954
Bengali,1985-07-04T04:38:12,verlieren.key,DE,ts,1295718
Russian,2010-01-25T01:42:08,Tisch.json,DE,cs,214
Walloon,1998-02-07T15:14:10,weiß.flac,DE,mhr,88
Xhosa,2008-01-18T17:55:23,deshalb.mp3,DE,ss,226
Ojibwa,1974-12-05T04:39:06,so.flac,DE,lv,6756
Thai,1978-04-24T23:21:22,nun.csv,DE,nl,98
Sindhi,2013-04-20T11:34:13,hier.mov,DE,te,7808
Russian,2022-08-01T18:41:35,auf.wav,DE,ml,2980
Georgian,1995-02-03T02:54:17,wissen.jpeg,DE,eo,956233012
Tsonga,1993-11-04T19:25:22,viel.mp4,DE,gv,2
Afrikaans,1996-01-08T14:22:31,allein.mov,DE,sk,2854
Ukrainian,1972-12-21T08:12:13,ihm.json,DE,quz,378
Norwegian Nynorsk,2012-11-27T12:09:45,auf.odt,DE,ar,83
Korean,2010-10-20T04:48:06,lernen.webm,DE,niu,84
Chamorro,2002-01-01T07:18:50,arbeiten.mp3,DE,kn,733
Tibetan,2000-11-29T23:01:00,zusammen.odt,DE,tcy,7252
Haitian,1985-12-28T12:02:14,Herz.bmp,DE,hne,3569417
Walloon,1983-01-01T01:09:03,oben.json,DE,tt,99999
Xhosa,2004-10-16T12:53:53,Schüler.mp3,DE,be,299735423
South Ndebele,2001-12-27T05:02:42,Licht.avi,DE,szl,22422
Gujarati,2009-07-29T11:23:44,lernen.mov,DE,ca,20692
Indonesian,2002-06-29T02:16:08,mit.docx,DE,ca,9190
Interlingue,1997-11-29T20:40:28,ins.mp4,DE,or,57516120
Kalaallisut,2019-08-29T09:06:59,ihr.gif,DE,wal,7
Greek,1981-09-09T03:01:06,heißen.ods,DE,hi,43336
Icelandic,2018-04-03T17:48:10,Straße.odt,DE,fi,90368958
Tagalog,1971-05-30T11:03:03,weg.flac,DE,fil,4102132
Hindi,1981-01-27T05:48:36,nächste.wav,DE,pap,0
Javanese,1977-12-22T15:01:04,fünf.tiff,DE,tcy,8
Tagalog,2005-06-28T00:06:48,trinken.gif,DE,es,6362213
Turkish,1987-04-16T11:57:19,los.doc,DE,shs,25039239
Malagasy,2016-08-30T23:52:52,an.mp4,DE,tn,474
Javanese,2012-10-08T07:52:09,ob.key,DE,yo,348637
Gaelic,1997-06-25T11:37:15,um.wav,DE,ig,7
Galician,2013-02-11T05:45:24,zusammen.png,DE,ku,8191937
Tagalog,2000-04-01T03:38:26,gehen.odp,DE,be,25255556
Turkish,1999-01-10T21:00:41,fest.bmp,DE,dz,9183204
Sardinian,1971-07-15T04:12:04,Buch.mp4,DE,ru,88091
Bislama,1984-03-05T23:53:34,aus.html,DE,wa,6
Turkish,2015-07-12T11:56:48,bald.tiff,DE,tig,94
Macedonian,2022-05-16T15:35:45,Haare.bmp,DE,yo,38
Nepali,1976-07-09T17:36:02,vorbei.wav,DE,apn,866
Sindhi,2022-04-21T02:57:28,nächste.css,DE,hsb,11139503
Burmese,1991-06-29T04:19:21,halten.bmp,DE,ber,535309
Hiri Motu,2017-03-04T22:39:50,Sache.mov,DE,wal,772075732
Limburgan,1996-09-28T17:41:54,voll.mov,DE,raj,7
Slovak,2006-05-11T05:30:54,heraus.mp3,DE,wo,2603031
Malayalam,2016-12-14T19:02:32,Sohn.mp4,DE,el,45116676
Kazakh,2012-12-05T20:48:38,nennen.mp3,DE,hu,20
Lao,2016-11-22T02:33:47,kann.flac,DE,nr,5145
German,2011-07-31T21:42:56,Nase.wav,DE,es,81
Chinese,2005-04-15T18:27:30,nennen.js,DE,ar,920027901
