fullname,address,phone,language_code,language_name,latitude,date_time,mac_address,pricetag,date,file_name,longitude,bank_country,random_number,timezone,city,company
Diana Hart,"Studio 92O
Margaret common
North Victorland
EC75 9ET",+44(0)141 496 0814,tr,Telugu,4.586302,1984-10-29 22:53:41,2d:b5:31:2b:43:83,$315.43,2009-10-17,dolorum.css,-107.540877,GB,7471,America/Guatemala,Ashtonchester,"Fisher, Brown and Wilson"
Dominic Smith,"Studio 85
Elliott village
Martynview
M1W 9ET",+44114 496 0626,nr,Lao,41.394518,2023-03-24 17:48:33,12:2a:e2:ad:e3:0b,$947.35,1979-08-29,vitae.webm,-90.011450,GB,75,America/La_Paz,East Peterhaven,Parker Group
Abigail Patel,"Flat 29
Craig wells
South Neilton
BB3 7AS",+448081570372,mr,Amharic,64.272096,1991-03-22 19:09:27,94:0b:eb:bc:4c:2a,$138.80,1978-11-30,accusantium.odp,1.771830,GB,99947,Africa/Harare,New Carly,Watts and Sons
Yvonne Lambert,"Flat 57
Smith fall
West Melissamouth
NG7 4FR",+44(0)20 74960511,fi,Fijian,86.297913,1987-12-26 19:08:36,3d:38:5a:d7:ba:4d,$3.47,1987-03-13,eius.wav,-37.328489,GB,24617,Europe/Andorra,Amandamouth,O'Neill LLC
Mohammad Brown,"Studio 04
Bull plaza
East Michelle
W1D 6QB",(0909)8790833,sat,Tatar,85.7473555,2019-11-15 05:28:11,36:ac:7e:6d:59:d4,$652.46,1970-02-09,sit.csv,22.635559,GB,1,Africa/Nairobi,East Holly,"Kelly, Foster and Read"
Joshua Barnes,"Studio 66
Browne land
Johnland
TS45 1TQ",0113 4960720,lij,Uzbek,85.7046585,2001-08-17 03:55:09,bf:db:48:63:af:3c,$968.12,1976-11-16,expedita.key,20.827895,GB,259,Atlantic/Reykjavik,New Joanneshire,Smith Group
Brian Spencer,"6 Karl summit
North Jayneview
M2 0TG",(0306) 9990864,ja,Swedish,-8.7367015,1999-01-16 17:33:14,44:b3:31:02:57:9c,"$22,849.63",1982-02-02,inventore.mp3,-120.253274,GB,721820,Europe/Sofia,Houghtonstad,Newman PLC
Benjamin Brown,"957 Duncan inlet
North Kenneth
W9C 3BQ",(0114) 4960195,tn,Hiri Motu,13.368387,1998-01-24 12:20:18,28:e0:67:0b:28:49,"$63,658.84",2005-05-29,quod.mp3,83.082688,GB,7,Asia/Brunei,Davidchester,"Cox, Williams and Edwards"
Andrea Morgan,"Flat 49Q
Clayton lane
East Cherylton
ME72 7DD",+44(0)1144960160,ca,Uighur,68.806443,2011-01-13 10:04:01,1d:83:bf:82:dd:e5,$88.13,1974-01-30,accusantium.pdf,-110.783320,GB,32,Asia/Tehran,South Helen,Fisher-Evans
Rhys Franklin,"Flat 54t
Rhodes squares
Danielton
S07 1DL",+44(0)121 496 0801,li,Slovenian,10.6162885,1985-06-09 13:28:42,4f:a4:e2:b9:e1:4b,$96.21,1988-08-06,officiis.json,-123.170985,GB,787801,Asia/Phnom_Penh,South Gillian,Read Inc
Leah Francis,"9 Williams groves
New Gary
W6C 3UW",+44117 496 0799,uz,Norwegian Nynorsk,-81.1904825,1976-08-01 14:20:13,b1:71:11:a8:5a:a9,"$84,925.16",2009-05-12,facere.html,-137.115314,GB,8860,Europe/London,Storeyside,Barber-Begum
Eleanor Allen,"66 Wayne meadows
Sharpeburgh
ZE0 5RE",+44121 496 0978,wa,Slovak,57.0614265,1991-10-07 02:49:29,40:ca:2f:15:fa:ea,"$82,462.35",1988-02-27,et.gif,41.258544,GB,47037,America/Antigua,Elizabethburgh,Williams Ltd
Annette Ward,"612 Leah inlet
Benview
RM4R 8GR",+44(0)1632960182,bhb,Kongo,51.1630555,2020-04-11 14:39:13,63:1b:f5:e7:bc:53,$3.63,1992-02-22,accusantium.webm,-158.807380,GB,84221,America/Barbados,Stokesville,"Brown, Taylor and Fisher"
Marian Holloway,"45 Rosie court
West Ritaborough
LA79 1NX",0151 4960860,eo,Belarusian,80.091347,1990-04-01 07:53:42,eb:72:6a:0c:74:d3,"$37,139.96",2008-02-04,incidunt.ods,-36.925879,GB,74,Europe/Oslo,Port Ashleymouth,Phillips-Lloyd
Derek Garner,"46 Talbot harbors
Elliottstad
N95 1ZB",+44(0)113 496 0295,wal,Romansh,50.4343015,1982-02-04 18:45:34,95:e1:a6:8b:d4:69,"$62,993.65",1989-03-25,ea.bmp,-163.882011,GB,19358509,Pacific/Guadalcanal,North Duncan,Williams PLC
Hannah Dixon,"055 Warren meadow
East Charles
TR1E 4PZ",+44(0)151 496 0337,ht,Icelandic,-48.682517,1990-12-28 09:14:51,6c:64:50:5c:e7:5c,$87.23,1970-10-12,repudiandae.mp4,41.544422,GB,71544627,Europe/Uzhgorod,South Darren,Richards-Evans
Kathryn Freeman,"Flat 82
Joel bridge
Port Shane
CT62 3XZ",(020) 74960623,ru,Mongolian,-59.383521,2004-04-09 21:00:53,bf:0b:43:f0:80:d6,$72.71,2003-12-27,harum.txt,4.017539,GB,7,Asia/Bishkek,Evansfort,Harris-Davies
Georgia Williams,"Studio 91
Scott valleys
Port Christopherport
WV4 2NG",+4428 9018 0948,wo,Kanuri,60.971260,2012-09-14 05:04:59,9a:da:86:36:64:54,$22.33,1986-11-04,voluptatem.wav,-126.420246,GB,91,America/St_Vincent,Lake Martin,Lee-Parker
Eleanor Brown,"Studio 37
Bishop glens
Lake Cheryl
SA6 8NF",0118 4960826,mt,Portuguese,64.987087,1987-07-11 16:39:11,ed:5d:45:f4:58:ac,"$25,273.98",1992-01-19,voluptatum.odp,-24.130658,GB,113121,Africa/Porto-Novo,New Deborah,Davis-Morgan
Geoffrey Hughes,"Flat 1
Wells parks
North Deanmouth
L19 6FZ",(0191)4960028,mai,Polish,45.449213,2013-12-25 14:56:20,64:d5:77:b5:7c:4d,$70.39,1988-12-03,nisi.css,-1.123036,GB,6906426,Africa/Lome,Harrychester,"Hodgson, Akhtar and Hale"
Karl Miller,"Flat 38
Paige key
Liamton
LL6 4GY",01174960461,es,Kuanyama,53.354289,2005-10-29 21:32:01,6f:d0:bf:78:8a:cb,"$1,772.76",1987-10-29,itaque.flac,-55.724164,GB,273362786,Asia/Tokyo,North Rosemaryfort,Cox-Davis
Ryan Collins,"Flat 95F
Goddard throughway
West Donaldfort
W0G 3UU",+44(0)8081570312,csb,Bislama,-1.737258,2013-03-17 07:21:11,e8:8c:5b:a9:27:d5,$105.06,1991-09-19,in.pptx,-90.419817,GB,26515,Asia/Nicosia,Lawsonburgh,"Cooper, Reeves and Lyons"
Wendy Davison,"834 Jill ridges
Chelseaville
DG20 6YZ",+441184960593,ja,Sichuan Yi,-41.3039735,1987-05-23 02:08:39,2e:f9:4e:8c:69:54,"$8,937.32",2007-02-03,eaque.jpeg,-43.180760,GB,8927,Africa/Dar_es_Salaam,Tomville,Campbell-Skinner
Matthew Fisher,"8 Charlie pass
Mitchellton
NR29 5RL",0114 496 0378,ur,Lingala,83.1524675,2001-05-04 13:48:29,bd:b2:95:9a:bd:2d,$285.28,2020-11-08,quia.flac,104.566897,GB,81,America/Costa_Rica,New Jessicaborough,Taylor-Wilson
Ben Phillips,"3 Molly circle
East Dominicmouth
E7 3XA",+44(0)1154960757,sat,Finnish,66.316906,2010-02-26 08:25:19,30:64:34:a4:c9:4c,$1.90,1974-11-27,maiores.mp3,163.831955,GB,760603103,America/Merida,Patrickstad,Bryan Inc
Annette Daniels,"Flat 44
Walker corners
Ballborough
WV0B 4SX",+4429 2018677,gl,Zulu,-5.9748435,1975-09-14 14:07:05,b7:40:cc:43:83:00,$7.27,2011-10-17,non.odt,103.809899,GB,4599,Africa/Nouakchott,Christianhaven,"Hamilton, Norman and Simpson"
Rosie Clarke,"Flat 79I
Nicole causeway
West Stanleymouth
E2 6QY",(0191) 496 0355,nhn,Afrikaans,-5.7595525,1977-11-14 04:42:17,36:7c:0f:ff:4c:fd,$43.12,2013-08-15,possimus.mov,-78.624913,GB,828861971,Africa/Cairo,Port Gareth,Newman Group
Justin Waters,"Studio 63U
Page road
North Michaelberg
S0 3JX",(0118)4960903,lzh,Cree,-41.9662535,2000-04-11 13:43:58,63:71:be:1d:f2:ad,$3.78,1982-10-09,nostrum.webm,104.287167,GB,717901655,Europe/Vaduz,Leslieland,Mistry Ltd
Guy Taylor,"219 Kyle spurs
Jonesland
S41 9RJ",028 9018329,ia,Abkhazian,46.4520595,1987-11-08 08:38:27,15:a9:bb:98:c5:ff,"$1,323.57",1984-12-11,unde.xls,-151.230044,GB,859114,America/Guatemala,New Leanne,Parkes Group
Charlie Moss,"Studio 47
Jonathan extension
Jessicaview
DY9W 5RP",+44(0)808 1570904,is,Faroese,-53.1987365,1990-04-30 16:14:15,02:3a:c5:8c:74:24,"$9,121.11",2000-04-19,minus.odt,15.366276,GB,38,Asia/Aden,Phillipshire,"Owens, Patel and Kennedy"
Toby Newman,"Flat 17
Damien ridges
North Gerard
NE3E 8RX",(0909) 8790560,sv,Ossetian,67.6478885,1977-10-31 16:04:11,cb:9e:bd:32:55:49,$1.17,2007-10-16,dicta.bmp,-178.994048,GB,7027,Pacific/Chatham,Brownside,Burgess LLC
Ian Parry,"Flat 5
Nicole harbor
New Jake
ST83 1QQ",0306 9990212,ca,Swedish,37.8708455,1978-08-30 14:08:17,a7:b8:d1:e6:6e:bf,"$7,722.71",2018-10-19,tempora.mp3,-39.103216,GB,0,Africa/Blantyre,Kingtown,Martin and Sons
Nicole Patel,"76 Smith divide
O'Sullivanbury
BD4 9ET",+44113 4960799,ln,Pali,-34.782655,1983-10-12 20:27:52,b3:7f:49:70:0e:00,$90.19,2000-03-08,nisi.mp4,-27.528884,GB,3,Africa/Tunis,Laurachester,Robinson PLC
Eileen Carpenter,"Studio 2
Perry gateway
North Gary
N40 3YD",(0113)4960429,ce,Xhosa,-5.194248,1999-09-05 00:08:39,ca:10:52:aa:fa:bf,$179.34,1971-09-22,quibusdam.wav,-106.627135,GB,116,Asia/Yerevan,Cartermouth,Butcher LLC
Abdul Pollard,"4 Arnold crossroad
New Samuel
W3K 2WP",+44(0)29 2018 0203,shs,Oriya,-61.493813,2019-08-09 17:07:27,6f:c2:4e:c1:88:ad,$12.91,2010-09-09,nisi.png,30.567935,GB,9752035,America/Nassau,Collinsfort,Tyler PLC
Leslie Brown,"385 Julia loaf
East Nicolachester
E0 4HJ",0117 496 0953,ayc,Urdu,-79.1411215,1998-12-28 06:21:27,41:98:02:1d:17:aa,$43.25,1986-02-10,libero.png,176.453573,GB,63953,Atlantic/Cape_Verde,Gordonbury,Parsons PLC
George Graham,"Studio 30x
Carol garden
Jamieville
NP96 3DW",+44(0)141 496 0103,so,North Ndebele,-36.7393005,1973-11-04 11:30:13,8b:cd:04:04:a6:7c,$499.28,2002-10-29,explicabo.js,37.978015,GB,36175592,Asia/Bahrain,New Charlenestad,Faulkner LLC
Kenneth Frost,"880 Shaun light
Port Rita
IG7 1SP",(0191) 4960726,eo,Aymara,-73.273015,1981-08-23 21:23:14,44:35:41:da:cf:5a,"$11,737.61",1994-07-24,excepturi.pdf,-128.212120,GB,59,Asia/Tashkent,West Vincentbury,Lloyd-Baldwin
Hazel Perry,"67 Stuart tunnel
Port Francesca
BB1X 5AR",+442074960441,fa,Kongo,7.948535,1993-02-19 03:57:31,7d:a4:c2:61:c3:e0,$99.06,2008-02-28,corrupti.jpeg,-38.257475,GB,5755947,Asia/Calcutta,Laurashire,"Fisher, Cook and Wallis"
Bethany Summers,"1 Dale place
South Jamesland
N6B 3NU",+44(0)141 496 0025,gu,Kirghiz,-13.919516,1993-02-01 08:29:15,1d:d2:e6:84:94:7f,"$9,520.85",1982-07-21,accusantium.png,146.419289,GB,5307377,America/Mexico_City,East Sianchester,"Rose, Leonard and Rhodes"
Lisa Clayton,"Flat 91
Preston locks
South Declan
B46 2RU",+4428 9018 0683,sq,Danish,44.937147,1984-02-15 00:16:18,04:56:96:d2:d8:57,"$88,516.37",2004-02-02,molestias.odt,-106.241814,GB,61677638,Europe/Luxembourg,Lynnemouth,Watson-White
Mohamed Kelly,"Studio 84N
Jay villages
Mitchellburgh
RH2 1EZ",(0161) 4960549,ms,Igbo,6.6430475,1975-03-18 04:56:58,f7:d5:51:7f:4c:97,"$7,660.75",2010-06-22,doloremque.flac,124.914807,GB,546313555,Africa/Douala,Johnsonmouth,Flynn LLC
Stephanie Ahmed,"Studio 6
Hughes ford
Lyonsside
EN0 8TY",+44114 496 0864,ks,Haitian,-27.725672,1988-06-06 07:48:53,1f:bb:08:99:b8:07,$51.39,2022-07-31,sunt.gif,-36.415394,GB,44,Europe/Helsinki,New Duncanbury,Wilson-Carr
Tom Hobbs,"3 Turnbull stravenue
East Claremouth
DA7M 3NB",(0306) 9990489,br,Assamese,39.535921,1971-09-24 16:14:53,5f:98:85:65:3d:97,$7.04,1985-09-26,molestias.tiff,-159.867450,GB,4,Asia/Karachi,Lake Simon,"Bolton, Porter and Jackson"
Colin Clements,"762 Hayes wells
Parrychester
WV75 4ZP",01614960264,mag,Fulah,-71.547572,1996-08-12 17:26:52,96:94:e6:3f:1f:b1,$82.31,1984-10-09,nobis.png,64.414893,GB,26,America/Costa_Rica,Carrmouth,"Smith, Davies and Taylor"
Jodie Kent,"5 Rebecca river
Port Glen
E10 2FY",+449098790412,nl,Latin,-16.614109,1982-02-19 07:14:12,79:0d:cc:a3:e0:26,$86.21,1975-12-11,omnis.css,-38.693820,GB,70823,Europe/Helsinki,East Simonside,Simpson and Sons
Molly Jackson,"76 Amy light
New Joetown
DA3 2WY",+44113 4960618,te,Twi,83.5593385,2007-11-27 08:26:16,04:9e:4a:36:f4:87,"$8,893.93",2010-11-02,iste.wav,175.345363,GB,625976356,Africa/Mogadishu,West Glen,Bird-Brown
Pamela Reed,"Flat 92
Arnold mews
West Stewartborough
LU47 5YD",+44(0)29 2018 0264,br,Sindhi,22.6929085,1994-06-30 16:13:25,71:64:89:34:7b:1c,"$37,761.44",1998-11-25,deleniti.pdf,-41.710790,GB,268145,Europe/Minsk,Stewartfurt,"Smith, Ball and Morris"
Sean Griffin,"69 Chloe gateway
Millerfort
M67 3DL",+44(0)131 496 0547,sc,Guarani,-78.175232,1991-06-08 07:43:42,19:cc:65:c4:05:a2,"$55,496.44",1978-07-07,repudiandae.wav,151.681619,GB,3,Asia/Ulaanbaatar,West Rachelshire,Ryan-Savage
Alice Sullivan,"78 Kieran ridges
Amandabury
W04 0EB",+44(0)808 1570294,kk,Telugu,70.352531,2019-05-06 04:45:33,cb:77:a5:b2:57:52,$2.52,2014-09-02,pariatur.png,101.571331,GB,9779,Pacific/Galapagos,Rowleyville,Ryan Inc
Harriet Hussain,"992 Barnes falls
Hardyfurt
N5W 1ST",+449098790661,bg,Venda,67.503332,1981-02-24 23:41:19,ae:0b:14:29:c9:fa,"$3,362.65",1991-11-10,aspernatur.pdf,-126.470810,GB,238,Europe/Zurich,Hannahmouth,Martin and Sons
Jeffrey Harris,"Flat 3
Norton spur
East Bethanville
GL6M 1SH",+44(0)121 4960246,ar,Inupiaq,57.135876,1983-08-20 07:23:53,ca:cc:e2:f3:6b:ef,$721.46,1988-08-04,voluptas.pdf,-179.073601,GB,994491,Pacific/Funafuti,Claireview,Mitchell-Howells
Alison Graham,"672 Smith branch
Joebury
E5 0PR",0909 879 0641,wal,German,-80.435447,2012-01-30 12:12:42,81:c8:95:90:d6:6f,"$75,103.93",1996-07-09,expedita.json,-8.409150,GB,254,Asia/Ulaanbaatar,South Marianmouth,Morgan Group
Harry Bradshaw,"785 Margaret plain
Charliefort
GL5N 9RH",(028) 9018277,hi,South Ndebele,86.661106,1979-04-10 15:13:18,80:a3:ec:3a:7c:fd,$15.01,1980-11-21,quo.ods,-117.258250,GB,16926427,America/Paramaribo,Lake Marie,Hopkins and Sons
Iain Brown,"46 Luke plain
Quinnview
G78 6LL",(0191) 496 0269,pap,Gujarati,-63.011317,1972-06-03 16:00:28,95:6e:67:24:db:78,"$67,641.37",1970-01-24,consequuntur.json,-149.212006,GB,1437,Pacific/Truk,Quinnton,Lee-Frost
Ashley Harris,"723 Smith parks
West Naomi
FK8 0WS",+44(0)114 4960120,hu,Sundanese,-56.1803645,1995-08-08 02:12:42,3c:6a:41:c5:14:b6,"$85,457.52",1982-05-27,vel.xlsx,-39.601364,GB,0,Asia/Samarkand,New Lindaport,Thompson-Davies
Allan Pratt,"Flat 62t
Jessica lock
Hurstfurt
FK2P 2DR",+44(0)1154960664,quz,Inuktitut,45.4603025,2005-02-14 06:07:23,16:fd:47:29:c6:16,"$1,871.28",1982-03-16,libero.wav,54.530553,GB,212805,Africa/Algiers,New Susan,Wilson PLC
Derek Shaw,"53 Valerie skyway
Jonesmouth
WD71 1GE",+44(0)1214960938,am,Belarusian,-61.898321,1993-01-07 18:37:09,38:b1:89:84:3b:f5,"$78,493.99",1985-11-06,vitae.jpg,-141.285146,GB,26,Africa/Djibouti,Saundersfort,Johnson-Hargreaves
Jayne Anderson,"86 Hayley stravenue
Lake Francesshire
EX43 3QA",+44(0)1632 960497,byn,Igbo,-87.0483015,2017-10-14 05:32:59,8a:fa:2f:fd:dd:51,$741.51,1975-08-30,saepe.html,157.323584,GB,6,Asia/Samarkand,Sanderstown,Evans-Byrne
Christine Duffy,"10 Chan port
Stewartburgh
ML1R 9RE",+4429 2018363,brx,Dutch,-1.750570,2021-08-14 08:25:19,43:e4:0b:52:38:e6,$9.08,2002-05-02,quidem.csv,177.981797,GB,46,Africa/Cairo,East Gary,Edwards Inc
Julian Joyce,"Studio 48J
Liam turnpike
Henryton
S1 0DR",(0191) 496 0158,hr,Kannada,-67.9322535,2012-05-23 05:20:07,6a:e3:70:c3:2d:ea,$31.11,1970-03-31,accusamus.odp,-138.007248,GB,465559414,Asia/Karachi,Antonyborough,"Richardson, Smith and Rees"
Janet Holmes,"632 Claire trafficway
East Melanietown
W00 9TS",(0191) 496 0574,ks,Turkmen,-61.1697955,2004-05-26 11:59:43,75:2e:ab:2c:e9:d3,$96.93,2004-01-12,voluptates.ods,-160.345511,GB,507,Asia/Makassar,East Kimberley,Wood-Edwards
Gillian Price,"574 Teresa trail
Port Leighberg
GU3 2DH",+44(0)117 4960157,th,Hebrew,-29.104216,1989-03-14 23:54:28,21:42:33:68:86:2e,$279.15,1987-08-21,nam.png,-177.197971,GB,7084229,Asia/Saigon,Hussainberg,"Howard, Dickinson and Parry"
Bethan Pritchard,"Flat 1
Eric gardens
Port Jane
E9 6RA",+442074960365,unm,North Ndebele,-76.2402755,2018-05-04 01:20:57,68:38:6e:a4:46:50,"$4,479.87",1985-04-27,aut.css,-114.991403,GB,307540,Africa/Lusaka,Harrisonmouth,"Moore, Holmes and Benson"
Tom Jones,"Studio 85
Jacqueline crest
South Jonathanfort
M4G 2RW",+4429 2018 0393,fil,Mongolian,-87.679148,1975-11-01 15:21:53,6c:5a:c4:d7:76:44,$93.38,2006-04-23,nostrum.txt,110.844172,GB,176212,Asia/Karachi,South Jordanborough,Smith-Lewis
Sam Smith,"Studio 49
Anne prairie
Shaunfurt
G67 1FL",+44(0)118 496 0250,cy,Ukrainian,-42.072201,1982-02-08 05:53:14,e5:ce:62:de:29:03,"$9,819.72",1976-09-10,perferendis.wav,-10.296712,GB,8594383,Europe/Bucharest,West Dylan,Wright-Cook
Georgina Moran,"Studio 4
Russell heights
West Anne
N6D 9QS",+44(0)8081570951,bhb,Avaric,62.9190825,1996-12-24 07:36:48,d5:ee:e6:28:01:da,$3.69,1986-08-30,natus.avi,76.473051,GB,1,Europe/Vilnius,Sharphaven,Bull and Sons
Jill Hughes,"9 Bradley cove
Jamesport
S0 5XU",(0118) 496 0716,wal,Kazakh,55.484956,1972-06-28 23:47:26,56:c0:54:db:fa:26,$2.91,1998-06-02,animi.wav,-32.266563,GB,424040718,Europe/Prague,Phillipville,Taylor-Davey
Elliot Thomas,"536 Moore ports
Kevinmouth
M50 4PT",(01632) 960 329,lo,Manx,14.8868045,2018-01-28 02:41:04,2c:d7:13:69:1a:7b,$545.52,1983-03-06,assumenda.mov,54.405354,GB,7,Europe/Oslo,South Danielle,Henderson Group
Elliot Thompson,"4 Chadwick via
Jillport
L7G 0BR",+44(0)116 4960364,yi,Kazakh,88.839928,1997-09-30 00:18:37,20:45:87:82:db:25,$0.47,1986-07-17,saepe.mp4,165.834896,GB,556,Asia/Gaza,South Gail,Welch and Sons
Terry Wilson,"2 Molly neck
Lake Rossberg
S7W 0DQ",+44(0)29 2018899,my,Vietnamese,-69.0682095,2018-01-23 06:02:53,f1:b3:5e:57:4c:80,"$67,699.94",1994-05-14,velit.tiff,101.845332,GB,712363,Europe/Istanbul,New Kimberley,Johnson Inc
Hayley Willis,"Flat 06
Leanne plains
South Sean
S24 5NU",(0117)4960055,yo,Shona,-83.633154,2016-05-31 21:49:33,7f:8e:b3:5f:4e:7d,"$64,463.29",2009-10-18,nostrum.wav,-117.828053,GB,5,Africa/Gaborone,Lewismouth,"Morris, Jordan and Cox"
Irene Walker,"Flat 12p
Matthew land
Campbellview
DH9P 1PY",(0121) 4960191,te,Pushto,-24.996093,1993-07-02 21:56:18,ea:74:63:c9:e0:76,"$5,071.78",1974-11-13,tempora.bmp,2.158829,GB,588506040,Europe/Minsk,South Abbiefurt,"Clark, Sanders and Vincent"
Cameron Johnson,"247 Cooper glen
East Abigailfurt
L1 6ZA",0191 4960180,sw,Turkish,-58.1466995,2011-02-18 00:22:41,a8:cb:93:3e:81:c8,"$84,747.26",2020-10-21,sequi.xls,-60.773932,GB,36,America/Managua,Graememouth,Jones Group
Kieran Sutton,"685 Matthews tunnel
Port Julia
TD8E 6LA",0121 496 0574,iu,Tajik,-61.3783275,1991-10-04 04:36:24,c0:f1:07:29:2b:3c,"$76,780.77",1971-11-07,accusantium.key,28.452303,GB,891086,America/Bogota,Josephburgh,Blake-Smith
Jemma Craig,"5 Read burgs
Hartfort
S85 4LN",+441154960115,os,Thai,-67.310662,1995-03-18 01:33:24,4b:8e:f9:be:72:0a,$656.04,2022-08-22,optio.tiff,153.236333,GB,5,America/La_Paz,Port Shaneshire,"Young, Robinson and Mellor"
Denise Boyle,"753 Jay meadows
New Sian
G58 2PY",(0121) 496 0319,gl,Pali,45.035256,1983-05-16 07:14:14,6c:f2:42:e0:a6:79,$7.70,1987-07-24,laborum.flac,-76.708266,GB,799,Europe/Zurich,South Katy,"Howells, Richards and Wong"
Harry Powell,"Studio 3
Hannah forest
Simonborough
WF00 5HS",+44(0)113 496 0354,ak,Lithuanian,-76.178002,1989-09-23 05:54:04,6b:10:aa:54:6e:d7,$14.51,2004-05-30,veniam.odp,-65.348016,GB,979,Europe/Riga,Lake Lewistown,Robinson-Williams
Donna Clarke,"Studio 3
Johnson bypass
Port Nicolafurt
HS93 9DY",+44(0)121 4960670,gu,Tibetan,59.4352955,1974-12-19 02:25:49,24:b5:0c:b8:39:05,$132.83,1975-11-26,nostrum.txt,48.590265,GB,1436,Asia/Kuching,Henryland,Williams LLC
Ryan Robson,"2 Barton hill
Franktown
PA55 9XN",(0808)1570973,sl,Albanian,-76.5573835,1981-07-13 02:38:50,25:ed:c1:38:cd:07,$56.12,1972-09-06,itaque.numbers,-26.542355,GB,887384,Indian/Comoro,Port Paige,"Mills, Dixon and Cunningham"
Henry Scott,"Studio 4
Lee falls
East Jessica
M1 7YT",+44(0)1632 960760,ast,Tajik,36.2029635,1990-05-08 02:10:18,e0:70:4a:8e:ad:24,$7.34,1991-12-12,facere.txt,144.824949,GB,919684,Pacific/Port_Moresby,North Dylan,Duffy LLC
Mathew Rose,"291 Parsons squares
Carterville
CB32 2PY",(0909) 879 0006,ve,Lithuanian,56.9935105,1994-05-15 00:37:47,69:3e:d2:7b:f3:90,"$9,767.33",1977-11-18,laudantium.flac,116.892016,GB,98842,Asia/Yerevan,Aliberg,Perkins-Campbell
Liam Allan,"Studio 0
Wood neck
South Patricia
E58 2UB",(029) 2018558,ig,Ewe,-22.007215,1986-02-07 20:38:54,ca:09:15:6b:aa:d8,$3.13,1992-04-09,necessitatibus.html,-69.715822,GB,7097618,Asia/Samarkand,Susanburgh,Brennan Ltd
Sam Hunt,"Studio 41
Jason fork
Lake Julian
M5 9EA",01314960641,de,Uzbek,-14.1326365,1987-09-11 01:49:52,4e:d9:1c:3c:13:75,$760.40,2019-04-22,libero.docx,147.761823,GB,61789,America/Costa_Rica,Port Roger,Duffy-Holland
Mark Hill,"8 Davidson viaduct
West Rosieside
FY42 6XN",+44(0)121 4960117,br,Spanish,-43.0305145,1991-01-06 11:30:52,a6:b4:25:34:28:2c,$649.88,2012-02-04,nulla.mp3,-68.218078,GB,858268728,Asia/Saigon,North Melissabury,"Harrison, Mills and Long"
Shirley Smith,"Studio 64H
Pearson run
South Benjamin
N09 4HJ",+44141 4960386,et,Belarusian,-59.7233635,1984-03-01 16:54:58,93:a9:eb:d5:0c:fa,"$64,868.14",2019-03-29,iste.csv,-112.656341,GB,929,America/Havana,South Catherine,Mitchell Group
Teresa Bates,"98 Damien burgs
Atkinsshire
G0A 3DY",(0909)8790846,te,Rundi,47.389163,1978-06-24 19:18:59,9c:df:34:5e:3c:83,"$84,488.81",1991-05-04,consequuntur.webm,-56.981142,GB,8746175,Asia/Manila,Port Jessica,"Gould, Saunders and Smith"
Albert Marshall,"Flat 7
Sean crescent
Samuelfurt
SW7Y 4LE",(0113) 496 0464,bs,Twi,39.020025,1997-09-01 06:40:27,32:26:76:50:c4:42,"$76,255.53",1984-11-14,est.pages,-121.653969,GB,474,Asia/Pyongyang,New Alexandratown,"Martin, King and Sanders"
Karen Wade,"Flat 18
Heath circle
Rogersside
FY2P 6AE",+44(0)1154960009,yi,Maltese,11.111028,1972-11-08 02:14:22,86:6d:d9:2e:90:09,"$5,631.88",2018-07-04,ipsam.bmp,8.844048,GB,5938,Asia/Saigon,New Christineport,"Ali, Davies and Stevens"
Christopher Smith,"Studio 5
Whitehead green
North Nicolebury
GY8 1TP",01632960394,yi,Burmese,11.342628,1983-09-09 04:09:02,b6:37:bb:7f:73:fa,$654.09,1991-01-10,ipsa.mp3,-17.568542,GB,943997,Atlantic/Azores,New Ryanbury,Armstrong Inc
Grace Johnson,"352 Martyn view
Liamborough
LS7 4JT",(028) 9018266,cmn,Ossetian,74.5938545,2000-10-05 10:57:23,98:98:44:36:32:72,$0.94,1989-09-25,non.csv,148.117814,GB,16,Europe/Vilnius,North Joanneberg,Duffy and Sons
Caroline Waters,"Studio 17
Walters garden
New Lynda
M6 0AG",+44(0)1414960896,fi,Kirghiz,40.0714285,2003-04-08 23:51:23,1c:b4:d6:05:2d:31,"$40,491.08",1984-02-24,aliquam.bmp,28.002954,GB,88,Europe/Vaduz,Katymouth,"Carter, Knight and Evans"
Lindsey Harris,"79 Howard greens
West Allanchester
L7W 6NX",(0131)4960997,ka,Panjabi,-71.574976,2010-01-14 20:26:33,97:96:0b:02:a5:59,"$1,802.84",2021-05-11,error.mp4,103.590977,GB,44,Asia/Aqtau,Conorburgh,Kelly-Brown
Ruth Roberts,"Flat 34
Ahmed glens
East Lynn
DA6 4UU",+44141 4960505,ts,Marshallese,71.604987,1974-06-20 06:45:08,7e:e2:9e:24:0a:96,"$50,872.28",2004-07-13,voluptates.flac,-169.666844,GB,877916826,Europe/Bratislava,West Grahamshire,Begum Ltd
Geoffrey Cartwright,"Studio 4
West crescent
Marshburgh
LE9N 5JS",(0131) 4960795,ber,Zhuang,34.065636,1975-03-01 16:35:46,9c:9f:99:f7:1a:fa,"$23,050.19",1982-08-12,sint.avi,-83.108150,GB,104986,Pacific/Kwajalein,West Jennifer,Wright-Smith
Clifford Green,"44 White mountain
Stonefort
E4K 1GR",0161 496 0251,cs,Bosnian,-89.148911,2014-06-16 19:08:04,3a:d8:26:9a:77:e2,$0.56,2009-08-21,esse.numbers,-68.512680,GB,2361705,Africa/Algiers,Mauriceton,King-Hughes
Joanna Powell,"Flat 3
Metcalfe shore
Abdulview
SK49 3AG",0141 496 0646,an,Nauru,-77.280044,1993-05-09 22:48:44,e4:c1:ae:aa:cf:ef,$789.25,2005-02-24,quas.jpg,-46.497598,GB,5732,America/El_Salvador,Hughside,Metcalfe-Shaw
Georgina O'Donnell,"8 Wright walk
Morrisborough
W6 9BR",+44306 9990740,quz,Divehi,-24.2694735,1977-05-08 03:24:25,5c:7b:f1:17:a5:0f,"$77,381.07",1982-04-29,praesentium.jpg,-151.530022,GB,723744668,Asia/Manila,Port Samuel,Brown-Bryant
Rebecca Bryan,"1 Cook tunnel
Thorpeport
HP9P 8BJ",+44113 4960802,gl,Thai,-11.3217325,2017-03-31 13:20:03,4d:89:53:b1:06:eb,$5.96,2010-12-27,vel.jpeg,-27.256084,GB,924,America/Santo_Domingo,North Lorrainemouth,Morris Inc
Abbie McCarthy,"Flat 97U
Adam mills
North Elizabethshire
N9S 3WW",+4420 74960083,tn,Persian,27.449334,1989-06-11 17:00:11,35:25:ad:45:1f:47,$0.56,1995-08-21,delectus.odt,22.701357,GB,701,Africa/Casablanca,Port Aaronfort,"Clarke, White and Watson"
Marcus Jennings,"Studio 23
James landing
South Mitchellton
L82 8BT",020 74960854,crh,Malay,-28.569484,1972-04-15 09:53:08,2e:ac:1c:70:24:54,$39.96,2006-06-16,minima.wav,-66.479914,GB,390998018,Africa/Windhoek,North Margaretburgh,"Austin, Hunt and Williams"
Lesley Taylor,"Flat 53k
Martin orchard
Yatesmouth
G99 6RZ",+44191 496 0735,mt,Irish,43.9734975,1985-08-30 01:02:50,5b:7a:b2:22:3c:5e,"$2,509.16",1970-11-27,ducimus.mp4,-64.886474,GB,74992,America/Managua,North Katy,Marshall Inc
John Hardy,"661 Samantha ports
Port Kellyfurt
TR84 7UF",(0115) 496 0988,gl,Kuanyama,-2.724246,1978-06-25 02:39:23,c9:d1:ca:2a:0a:9e,$1.81,2008-02-28,nobis.mp3,-97.964639,GB,9634554,Asia/Manila,Gordonstad,"Parkes, Watts and Miller"
Rosie O'Sullivan,"9 Linda passage
Glenton
S75 4EW",(0161)4960528,eu,Turkmen,-34.8128945,1975-09-13 07:02:36,4e:25:e4:a5:f7:a7,$89.32,2001-01-13,reiciendis.flac,-55.579952,GB,621,Europe/Vienna,Helenborough,"Richards, Sykes and Davies"
Martin Brookes,"Flat 79D
Mitchell highway
West Marie
WV06 8ZN",+44(0)1632 960 398,hi,Walloon,75.0461335,2008-04-29 20:24:10,8a:da:dc:5d:e2:58,$605.45,2013-06-19,facilis.mp3,-152.653620,GB,57,America/Nassau,New Sam,"Gray, Cameron and Kelly"
Jacob Cooper,"85 Colin summit
South Leanneton
L3 9NQ",+441914960645,kw,Gaelic,9.7391725,1998-10-14 16:53:16,c9:41:8f:b1:f2:f2,$7.23,2011-05-24,repellendus.jpg,-125.774408,GB,178,Africa/Bangui,Lake Stewarthaven,"Thompson, Robinson and Birch"
Julie Barker,"79 Melissa point
Chapmanberg
IP7Y 4LG",+44(0)909 8790838,ja,Yiddish,-63.897552,1999-04-02 21:13:53,90:af:c2:59:b2:e3,"$4,269.78",2013-03-24,doloribus.tiff,-8.755673,GB,6944494,Africa/Lagos,New Dianaside,Baker PLC
Terence Stone,"580 Powell brook
Port Gerard
GL22 4HS",(0131)4960699,so,Tswana,45.309562,2022-10-02 01:49:44,2c:8d:a8:89:dd:4d,"$6,785.81",2019-05-01,totam.odt,13.476815,GB,4929237,Europe/Malta,North Neil,Dunn-Connolly
Denise Savage,"Studio 88J
Max gateway
New Paul
G4 7SW",0191 4960308,kw,Sundanese,-65.0615295,2010-02-08 23:09:24,b1:f9:3c:f0:4f:60,$1.37,1997-05-19,rem.pdf,144.877417,GB,98838156,Africa/Tripoli,Lake Leonard,Hodgson and Sons
Caroline Alexander,"0 Burton ports
Williamchester
IP0R 8DP",+44808 157 0101,bo,Walloon,-78.8720005,2021-11-03 12:06:30,de:e8:6b:80:86:16,$477.91,2004-04-18,optio.json,-60.819023,GB,84625244,Europe/Vilnius,South Mohammad,Phillips and Sons
Stephanie Miah,"Flat 1
Mann throughway
Lake Jemmaborough
W6 1RT",+44(0)161 4960479,sc,Lao,-19.147440,1998-08-05 05:26:29,12:83:9a:02:5e:87,$549.48,1980-08-11,minus.jpeg,81.590506,GB,74,Africa/Bujumbura,North Joannaland,"Rhodes, Williams and Hamilton"
Melissa Davies,"Studio 66g
Nelson spring
East Guyland
N6 7GU",0113 496 0324,doi,Herero,74.931801,1995-10-21 16:00:18,0f:fb:92:fc:5b:89,"$6,446.22",2008-08-14,eius.mov,1.960684,GB,342161036,Europe/Minsk,Ashleyside,"Sullivan, Morley and Morgan"
Pamela Wright,"27 Elaine passage
South Scottport
SR5 5TE",+441914960302,apn,Sichuan Yi,-34.750238,1979-02-27 22:46:24,3b:66:54:c5:8d:9e,$8.42,1991-01-02,amet.numbers,-53.744295,GB,44,Africa/Kigali,Lake Abigail,Fraser-Hayes
Pauline Clarke,"Studio 69
Clark viaduct
New Shaun
G5 5SL",02074960169,ig,Kannada,42.2250785,1994-03-30 02:26:04,8a:b3:1e:42:61:9a,"$5,672.01",1993-06-17,expedita.pptx,-23.802332,GB,442178,Europe/Luxembourg,South Samantha,"Edwards, Herbert and Chapman"
Anthony Stevenson,"4 Michelle lock
Simonton
NR4 5LX",+44114 496 0398,fy,Sanskrit,8.0859575,1989-03-07 12:59:18,78:d2:a4:7e:c0:3e,$47.97,1970-11-12,similique.gif,-151.954397,GB,8214,Pacific/Port_Moresby,Kirbyborough,Morris-Watson
Steven Whittaker,"76 Banks parks
Damianton
EX9P 9XS",029 2018 0029,bs,Interlingua,77.6020075,2022-08-10 01:19:41,21:66:a3:f3:66:0b,$93.02,2004-01-17,blanditiis.csv,23.876794,GB,65,America/Nassau,Pricechester,Morris Ltd
Donald Rowe,"Studio 37J
Rosie keys
Port Andrew
EN02 7DA",(0117)4960953,bs,Tahitian,-55.380412,1970-03-23 07:01:45,aa:d3:d6:82:8c:1e,$31.68,2016-04-01,fugiat.key,109.024012,GB,36064,America/Bogota,New Adrian,"Walker, Gould and Miller"
Gemma Holt,"3 Allan parkway
Lake Kevin
LA8X 7PJ",(028) 9018021,raj,Norwegian Nynorsk,48.284294,2011-10-10 19:06:32,7c:8d:af:a0:ac:bd,"$3,733.87",2023-01-10,maiores.mp3,23.478309,GB,213130591,Europe/Madrid,Gregoryhaven,Smith-Watson
Louis Wallace,"9 Allan ports
Port Meganbury
TN8Y 5ZR",01134960109,ta,Chinese,-87.2006135,2010-03-21 05:36:02,ed:02:5a:0e:b1:9e,$6.41,2015-06-20,itaque.odt,-53.421455,GB,56343,Asia/Amman,New Amy,"Clark, Booth and Hughes"
Connor Jennings,"Flat 81c
Hodgson roads
Port Ianhaven
L72 3NY",+44(0)116 496 0106,crh,Ndonga,-57.590779,2014-07-08 12:58:39,d9:0e:1b:4b:43:1a,$97.56,1982-07-10,nulla.doc,-140.899129,GB,634,Europe/Bucharest,Port Gavin,Allan-Walker
Charlotte Todd,"Studio 6
Jamie stream
East Jill
PR59 9SZ",+44(0)29 2018 0915,st,Abkhazian,86.1660395,1990-07-23 06:42:31,41:a2:26:fb:8c:0f,"$8,693.92",1997-10-19,eaque.avi,-146.277382,GB,41,Pacific/Funafuti,Port Glenville,Howard Group
Hilary Hilton,"60 Barnes summit
West Stephaniehaven
G8 4DT",+4429 2018 0930,dz,Kazakh,-69.4048255,1984-12-25 15:46:50,6b:ec:5d:bd:bd:9d,$845.78,1972-01-31,cum.wav,100.066839,GB,42763,America/Lima,North Valeriemouth,Bryan Group
Christopher Nash,"Flat 02
Patrick landing
Antonyshire
PO3 3BD",(0113) 4960351,fr,Polish,-46.907603,2008-06-07 11:32:28,a3:04:2e:c2:11:64,"$3,157.54",2000-04-29,porro.numbers,-10.927464,GB,85079089,Pacific/Easter,Greenchester,Holden Group
Stacey Parsons,"Flat 0
Knowles crossing
North Gail
B24 8JH",+441632 960418,an,Romanian,-84.574801,1990-10-20 02:58:20,e8:ce:fa:17:09:4f,$670.64,2006-08-17,ad.flac,-44.019119,GB,7836205,Indian/Maldives,New Lorrainemouth,Powell-Burgess
Denis Taylor,"34 Naomi fork
North Liamton
IP8 9RP",(0115) 4960214,pa,South Ndebele,-61.7695325,1995-06-05 17:52:40,7e:d9:2f:c0:d0:da,$377.63,2011-10-19,porro.html,-13.552608,GB,2837831,Africa/Accra,South Daletown,"Higgins, Lees and Howells"
Benjamin Smith,"382 Arthur loaf
Priceton
B6S 4YN",(0113) 496 0653,kn,Sichuan Yi,-66.1629365,1974-12-12 00:59:28,3f:ba:ab:45:b9:19,$549.66,2007-12-22,dolore.png,-83.541271,GB,429,Pacific/Palau,Port Brettborough,Lewis Group
Malcolm Taylor,"22 Price point
Burtonton
NR5N 6QR",0118 4960492,gv,Bambara,-5.8908055,1996-11-07 13:47:39,49:cc:d0:a1:5c:12,"$9,754.27",1980-04-06,architecto.json,134.633784,GB,31,America/Pangnirtung,Alicemouth,"Swift, Haynes and Roberts"
Natalie Watkins,"Flat 4
Craig shores
South Dianaville
M4 8NE",(0151) 4960288,ro,Hiri Motu,-56.610326,2007-05-13 02:22:22,71:bb:aa:f9:22:23,$23.85,2007-03-10,illo.mp4,76.576315,GB,5921,America/Kentucky/Louisville,Kathrynmouth,Davey and Sons
David Taylor,"850 Hart fork
East Maryport
M8K 5WD",+449098790980,ik,Fulah,-53.3078775,1981-03-07 00:40:49,c5:13:b6:5d:9d:7e,$3.01,1973-05-05,nesciunt.csv,88.875300,GB,1636706,Africa/Cairo,Elizabethberg,Harris Inc
Pauline Hall,"54 Gray path
East Irene
SW72 5LY",01144960743,bho,Urdu,-8.724878,2014-12-14 02:20:56,1b:8b:8d:2b:74:0e,$3.18,2002-05-27,non.txt,174.134979,GB,9524,Africa/Kigali,Ireneville,"Lambert, Jones and Horton"
Catherine Sutton,"Studio 43
Coleman island
East Andrewside
G1H 0AD",0151 496 0551,hne,Cornish,17.1902555,1980-12-25 13:48:53,36:1c:0e:86:cf:f8,$404.77,1990-04-09,optio.flac,36.691082,GB,937,Europe/Copenhagen,South Yvonnehaven,"Wade, Morgan and Franklin"
Grace O'Connor,"Studio 88D
Josh brooks
North Terencechester
E8B 1DX",+44(0)161 4960912,as,Finnish,-19.626408,2006-10-10 19:59:53,5b:18:86:28:9f:ee,$8.14,2018-12-10,explicabo.mp3,35.322887,GB,501846720,Asia/Ulaanbaatar,South Anthonyburgh,"Miller, Naylor and Morris"
Diana Thompson,"227 Emily drives
Begumberg
SN1R 9NN",01134960041,ur,Chinese,-55.9009595,2013-07-03 07:52:00,21:a9:0a:32:71:ae,"$20,017.79",2014-11-14,tenetur.bmp,-52.543698,GB,522,Indian/Comoro,East Nathanview,Pearson-Forster
Michael Johnson,"Flat 98l
Jamie inlet
Lucasland
IV7A 7TF",01134960051,so,Amharic,74.2384055,1987-06-07 08:47:11,9c:e0:91:85:a7:5b,$212.02,1987-09-17,libero.mp3,18.486376,GB,38540,Asia/Qatar,East Victor,Davis-Khan
Gemma Hanson,"29 Hyde plaza
South Kerry
BN9 6NB",(0161)4960739,kw,Kanuri,44.7624225,2013-01-05 00:56:34,72:3d:26:f1:3a:6c,$95.35,2006-02-02,vel.jpeg,121.175476,GB,89287648,Atlantic/Reykjavik,Port Leannefort,Willis Group
Ronald Osborne,"Flat 15
Pugh ports
Dorothyfort
N7B 1PF",(0306) 999 0006,ig,Kannada,-33.6667135,1975-03-28 18:57:21,01:e2:43:2e:3f:63,"$4,417.77",1983-06-13,fugit.flac,90.263476,GB,2490,Europe/Paris,Allanburgh,Fletcher-Mann
Connor Yates,"Flat 52h
Hayes trafficway
Joanneborough
M8D 8FU",+441164960391,uk,Kashmiri,-42.9280565,1977-08-17 02:57:16,bb:0a:83:f7:fd:b5,$0.00,1972-02-02,quo.odt,151.161024,GB,8548792,Africa/Tunis,Port Carol,Taylor-Long
Irene Palmer,"Flat 16J
Ryan mission
West Bernardmouth
ML2V 7RA",+4420 74960299,sat,Chuvash,-85.109683,2009-05-10 20:29:09,94:53:0a:46:4d:57,"$4,517.94",1996-08-29,nam.jpeg,31.143573,GB,36817055,Africa/Djibouti,South Amber,"Naylor, Wood and Edwards"
Elliott Browne,"Flat 2
Elliott glens
Rogerston
S1J 6FL",0121 496 0911,sid,Church Slavic,-16.9685355,1972-11-25 02:55:29,95:bc:be:92:b7:17,"$49,605.87",2006-02-08,at.docx,-72.366525,GB,12950,Europe/Paris,Stephensview,"Webb, Roberts and Scott"
Joyce Bennett,"469 Hugh mission
Lake Ashley
EX9Y 1WX",(0117)4960197,xh,Cree,-88.1092655,2016-11-17 09:33:18,59:f9:5a:4b:6a:f1,$794.22,1983-05-19,quibusdam.numbers,-24.734226,GB,7,Indian/Mauritius,Port Natalie,Evans-Palmer
Kate Morris,"Flat 69
Robert dam
Jackmouth
SK3 3HT",+441174960147,mt,Hiri Motu,77.240006,1990-04-15 04:33:25,c5:69:2b:06:cc:0a,"$71,009.93",1988-07-16,necessitatibus.numbers,-69.979256,GB,398111542,America/Port_of_Spain,Lake Neilville,"Fletcher, Porter and White"
Colin Hughes,"727 Kirsty course
Jillfurt
L6C 6TU",0131 496 0336,tk,Fijian,-47.464693,2009-01-02 13:03:42,a7:00:70:6b:38:58,$0.94,2016-12-15,doloremque.json,-92.359285,GB,2659,America/Nassau,Baileymouth,"Smith, Austin and Harper"
Ashleigh Doyle,"Flat 42r
Gibson grove
Richardside
L4S 6AL",+44(0)1914960298,ln,Kannada,-49.547581,1974-04-28 07:32:29,4f:9f:0c:18:f8:12,$901.68,1976-07-20,aspernatur.mp4,-93.865231,GB,979430,Indian/Antananarivo,Lake Andrew,Evans and Sons
Janice Sullivan,"Flat 75q
Mitchell park
Knowlesburgh
M81 2XP",(0808)1570442,as,Walloon,83.696411,1976-05-28 01:52:32,43:ea:66:c4:43:7b,"$4,159.49",2017-09-11,vero.avi,58.460457,GB,22944,Pacific/Kiritimati,West Donald,"Nicholls, Gibson and Young"
Kayleigh Stone,"002 Jacob forest
North Maxside
M58 8WA",+4420 74960582,ar,Mongolian,42.4894635,1988-04-25 19:37:19,fb:2f:08:12:19:80,"$5,578.39",2010-12-29,error.mov,-13.293939,GB,82,Asia/Dubai,Samville,"Williams, Blake and Lynch"
Owen Webb,"Studio 1
Price square
Lake Stephen
HG1N 2YR",(0131)4960391,ks,Aymara,36.4292245,1978-06-11 10:23:33,cc:97:85:5a:2a:af,"$9,580.39",2017-10-27,officiis.mp4,-47.125756,GB,791014431,Africa/Bangui,Albertborough,Dyer-Newman
Nathan Hutchinson,"190 Charlene village
Talbothaven
W3K 0DH",(020)74960937,om,Ossetian,-12.4861965,1975-10-29 23:58:24,3e:5d:9d:04:d6:8d,$6.68,2011-10-30,ut.webm,-79.743652,GB,7317584,Africa/Lusaka,Port Rosemaryton,"Thomas, Newman and Chapman"
